// Generato automaticamente da /tmp/genvlw.py - font VLW antialiased (TFT_eSPI smooth font)
// DejaVu Sans Bold; header 24 B + 28 B/glifo + bitmap alpha 8-bit

// VLW_LABEL: 14 px, 68 glifi, 8249 byte
const uint8_t VLW_LABEL[] PROGMEM = {
  0x00,0x00,0x00,0x44,0x00,0x00,0x00,0x0B,0x00,0x00,0x00,0x0E,0x00,0x00,0x00,0x00,
  0x00,0x00,0x00,0x0D,0x00,0x00,0x00,0x04,0x00,0x00,0x00,0x41,0x00,0x00,0x00,0x0A,
  0x00,0x00,0x00,0x0B,0x00,0x00,0x00,0x0B,0x00,0x00,0x00,0x0A,0x00,0x00,0x00,0x00,
  0x00,0x00,0x00,0x00,0x00,0x00,0x00,0x42,0x00,0x00,0x00,0x0A,0x00,0x00,0x00,0x0B,
  0x00,0x00,0x00,0x0B,0x00,0x00,0x00,0x0A,0x00,0x00,0x00,0x00,0x00,0x00,0x00,0x00,
  0x00,0x00,0x00,0x43,0x00,0x00,0x00,0x0A,0x00,0x00,0x00,0x0A,0x00,0x00,0x00,0x0A,
  0x00,0x00,0x00,0x0A,0x00,0x00,0x00,0x00,0x00,0x00,0x00,0x00,0x00,0x00,0x00,0x44,
  0x00,0x00,0x00,0x0A,0x00,0x00,0x00,0x0C,0x00,0x00,0x00,0x0C,0x00,0x00,0x00,0x0A,
  0x00,0x00,0x00,0x00,0x00,0x00,0x00,0x00,0x00,0x00,0x00,0x45,0x00,0x00,0x00,0x0A,
  0x00,0x00,0x00,0x0A,0x00,0x00,0x00,0x0A,0x00,0x00,0x00,0x0A,0x00,0x00,0x00,0x00,
  0x00,0x00,0x00,0x00,0x00,0x00,0x00,0x46,0x00,0x00,0x00,0x0A,0x00,0x00,0x00,0x0A,
  0x00,0x00,0x00,0x0A,0x00,0x00,0x00,0x0A,0x00,0x00,0x00,0x00,0x00,0x00,0x00,0x00,
  0x00,0x00,0x00,0x47,0x00,0x00,0x00,0x0A,0x00,0x00,0x00,0x0B,0x00,0x00,0x00,0x0B,
  0x00,0x00,0x00,0x0A,0x00,0x00,0x00,0x00,0x00,0x00,0x00,0x00,0x00,0x00,0x00,0x48,
  0x00,0x00,0x00,0x0A,0x00,0x00,0x00,0x0C,0x00,0x00,0x00,0x0C,0x00,0x00,0x00,0x0A,
  0x00,0x00,0x00,0x00,0x00,0x00,0x00,0x00,0x00,0x00,0x00,0x49,0x00,0x00,0x00,0x0A,
  0x00,0x00,0x00,0x05,0x00,0x00,0x00,0x05,0x00,0x00,0x00,0x0A,0x00,0x00,0x00,0x00,
  0x00,0x00,0x00,0x00,0x00,0x00,0x00,0x4A,0x00,0x00,0x00,0x0D,0x00,0x00,0x00,0x06,
  0x00,0x00,0x00,0x05,0x00,0x00,0x00,0x0A,0xFF,0xFF,0xFF,0xFF,0x00,0x00,0x00,0x00,
  0x00,0x00,0x00,0x4B,0x00,0x00,0x00,0x0A,0x00,0x00,0x00,0x0C,0x00,0x00,0x00,0x0B,
  0x00,0x00,0x00,0x0A,0x00,0x00,0x00,0x00,0x00,0x00,0x00,0x00,0x00,0x00,0x00,0x4C,
  0x00,0x00,0x00,0x0A,0x00,0x00,0x00,0x09,0x00,0x00,0x00,0x09,0x00,0x00,0x00,0x0A,
  0x00,0x00,0x00,0x00,0x00,0x00,0x00,0x00,0x00,0x00,0x00,0x4D,0x00,0x00,0x00,0x0A,
  0x00,0x00,0x00,0x0E,0x00,0x00,0x00,0x0E,0x00,0x00,0x00,0x0A,0x00,0x00,0x00,0x00,
  0x00,0x00,0x00,0x00,0x00,0x00,0x00,0x4E,0x00,0x00,0x00,0x0A,0x00,0x00,0x00,0x0C,
  0x00,0x00,0x00,0x0C,0x00,0x00,0x00,0x0A,0x00,0x00,0x00,0x00,0x00,0x00,0x00,0x00,
  0x00,0x00,0x00,0x4F,0x00,0x00,0x00,0x0A,0x00,0x00,0x00,0x0C,0x00,0x00,0x00,0x0C,
  0x00,0x00,0x00,0x0A,0x00,0x00,0x00,0x00,0x00,0x00,0x00,0x00,0x00,0x00,0x00,0x50,
  0x00,0x00,0x00,0x0A,0x00,0x00,0x00,0x0A,0x00,0x00,0x00,0x0A,0x00,0x00,0x00,0x0A,
  0x00,0x00,0x00,0x00,0x00,0x00,0x00,0x00,0x00,0x00,0x00,0x51,0x00,0x00,0x00,0x0C,
  0x00,0x00,0x00,0x0C,0x00,0x00,0x00,0x0C,0x00,0x00,0x00,0x0A,0x00,0x00,0x00,0x00,
  0x00,0x00,0x00,0x00,0x00,0x00,0x00,0x52,0x00,0x00,0x00,0x0A,0x00,0x00,0x00,0x0B,
  0x00,0x00,0x00,0x0B,0x00,0x00,0x00,0x0A,0x00,0x00,0x00,0x00,0x00,0x00,0x00,0x00,
  0x00,0x00,0x00,0x53,0x00,0x00,0x00,0x0A,0x00,0x00,0x00,0x0A,0x00,0x00,0x00,0x0A,
  0x00,0x00,0x00,0x0A,0x00,0x00,0x00,0x00,0x00,0x00,0x00,0x00,0x00,0x00,0x00,0x54,
  0x00,0x00,0x00,0x0A,0x00,0x00,0x00,0x0A,0x00,0x00,0x00,0x0A,0x00,0x00,0x00,0x0A,
  0x00,0x00,0x00,0x00,0x00,0x00,0x00,0x00,0x00,0x00,0x00,0x55,0x00,0x00,0x00,0x0A,
  0x00,0x00,0x00,0x0B,0x00,0x00,0x00,0x0B,0x00,0x00,0x00,0x0A,0x00,0x00,0x00,0x00,
  0x00,0x00,0x00,0x00,0x00,0x00,0x00,0x56,0x00,0x00,0x00,0x0A,0x00,0x00,0x00,0x0B,
  0x00,0x00,0x00,0x0B,0x00,0x00,0x00,0x0A,0x00,0x00,0x00,0x00,0x00,0x00,0x00,0x00,
  0x00,0x00,0x00,0x57,0x00,0x00,0x00,0x0A,0x00,0x00,0x00,0x0F,0x00,0x00,0x00,0x0F,
  0x00,0x00,0x00,0x0A,0x00,0x00,0x00,0x00,0x00,0x00,0x00,0x00,0x00,0x00,0x00,0x58,
  0x00,0x00,0x00,0x0A,0x00,0x00,0x00,0x0B,0x00,0x00,0x00,0x0B,0x00,0x00,0x00,0x0A,
  0x00,0x00,0x00,0x00,0x00,0x00,0x00,0x00,0x00,0x00,0x00,0x59,0x00,0x00,0x00,0x0A,
  0x00,0x00,0x00,0x0C,0x00,0x00,0x00,0x0A,0x00,0x00,0x00,0x0A,0xFF,0xFF,0xFF,0xFF,
  0x00,0x00,0x00,0x00,0x00,0x00,0x00,0x5A,0x00,0x00,0x00,0x0A,0x00,0x00,0x00,0x0A,
  0x00,0x00,0x00,0x0A,0x00,0x00,0x00,0x0A,0x00,0x00,0x00,0x00,0x00,0x00,0x00,0x00,
  0x00,0x00,0x00,0x61,0x00,0x00,0x00,0x08,0x00,0x00,0x00,0x09,0x00,0x00,0x00,0x09,
  0x00,0x00,0x00,0x08,0x00,0x00,0x00,0x00,0x00,0x00,0x00,0x00,0x00,0x00,0x00,0x62,
  0x00,0x00,0x00,0x0B,0x00,0x00,0x00,0x0A,0x00,0x00,0x00,0x0A,0x00,0x00,0x00,0x0B,
  0x00,0x00,0x00,0x00,0x00,0x00,0x00,0x00,0x00,0x00,0x00,0x63,0x00,0x00,0x00,0x08,
  0x00,0x00,0x00,0x08,0x00,0x00,0x00,0x08,0x00,0x00,0x00,0x08,0x00,0x00,0x00,0x00,
  0x00,0x00,0x00,0x00,0x00,0x00,0x00,0x64,0x00,0x00,0x00,0x0B,0x00,0x00,0x00,0x0A,
  0x00,0x00,0x00,0x0A,0x00,0x00,0x00,0x0B,0x00,0x00,0x00,0x00,0x00,0x00,0x00,0x00,
  0x00,0x00,0x00,0x65,0x00,0x00,0x00,0x08,0x00,0x00,0x00,0x0A,0x00,0x00,0x00,0x0A,
  0x00,0x00,0x00,0x08,0x00,0x00,0x00,0x00,0x00,0x00,0x00,0x00,0x00,0x00,0x00,0x66,
  0x00,0x00,0x00,0x0B,0x00,0x00,0x00,0x07,0x00,0x00,0x00,0x06,0x00,0x00,0x00,0x0B,
  0x00,0x00,0x00,0x00,0x00,0x00,0x00,0x00,0x00,0x00,0x00,0x67,0x00,0x00,0x00,0x0B,
  0x00,0x00,0x00,0x0A,0x00,0x00,0x00,0x0A,0x00,0x00,0x00,0x08,0x00,0x00,0x00,0x00,
  0x00,0x00,0x00,0x00,0x00,0x00,0x00,0x68,0x00,0x00,0x00,0x0B,0x00,0x00,0x00,0x0A,
  0x00,0x00,0x00,0x0A,0x00,0x00,0x00,0x0B,0x00,0x00,0x00,0x00,0x00,0x00,0x00,0x00,
  0x00,0x00,0x00,0x69,0x00,0x00,0x00,0x0B,0x00,0x00,0x00,0x05,0x00,0x00,0x00,0x05,
  0x00,0x00,0x00,0x0B,0x00,0x00,0x00,0x00,0x00,0x00,0x00,0x00,0x00,0x00,0x00,0x6A,
  0x00,0x00,0x00,0x0E,0x00,0x00,0x00,0x06,0x00,0x00,0x00,0x05,0x00,0x00,0x00,0x0B,
  0xFF,0xFF,0xFF,0xFF,0x00,0x00,0x00,0x00,0x00,0x00,0x00,0x6B,0x00,0x00,0x00,0x0B,
  0x00,0x00,0x00,0x0A,0x00,0x00,0x00,0x09,0x00,0x00,0x00,0x0B,0x00,0x00,0x00,0x00,
  0x00,0x00,0x00,0x00,0x00,0x00,0x00,0x6C,0x00,0x00,0x00,0x0B,0x00,0x00,0x00,0x05,
  0x00,0x00,0x00,0x05,0x00,0x00,0x00,0x0B,0x00,0x00,0x00,0x00,0x00,0x00,0x00,0x00,
  0x00,0x00,0x00,0x6D,0x00,0x00,0x00,0x08,0x00,0x00,0x00,0x0F,0x00,0x00,0x00,0x0F,
  0x00,0x00,0x00,0x08,0x00,0x00,0x00,0x00,0x00,0x00,0x00,0x00,0x00,0x00,0x00,0x6E,
  0x00,0x00,0x00,0x08,0x00,0x00,0x00,0x0A,0x00,0x00,0x00,0x0A,0x00,0x00,0x00,0x08,
  0x00,0x00,0x00,0x00,0x00,0x00,0x00,0x00,0x00,0x00,0x00,0x6F,0x00,0x00,0x00,0x08,
  0x00,0x00,0x00,0x0A,0x00,0x00,0x00,0x0A,0x00,0x00,0x00,0x08,0x00,0x00,0x00,0x00,
  0x00,0x00,0x00,0x00,0x00,0x00,0x00,0x70,0x00,0x00,0x00,0x0B,0x00,0x00,0x00,0x0A,
  0x00,0x00,0x00,0x0A,0x00,0x00,0x00,0x08,0x00,0x00,0x00,0x00,0x00,0x00,0x00,0x00,
  0x00,0x00,0x00,0x71,0x00,0x00,0x00,0x0B,0x00,0x00,0x00,0x0A,0x00,0x00,0x00,0x0A,
  0x00,0x00,0x00,0x08,0x00,0x00,0x00,0x00,0x00,0x00,0x00,0x00,0x00,0x00,0x00,0x72,
  0x00,0x00,0x00,0x08,0x00,0x00,0x00,0x07,0x00,0x00,0x00,0x07,0x00,0x00,0x00,0x08,
  0x00,0x00,0x00,0x00,0x00,0x00,0x00,0x00,0x00,0x00,0x00,0x73,0x00,0x00,0x00,0x08,
  0x00,0x00,0x00,0x08,0x00,0x00,0x00,0x08,0x00,0x00,0x00,0x08,0x00,0x00,0x00,0x00,
  0x00,0x00,0x00,0x00,0x00,0x00,0x00,0x74,0x00,0x00,0x00,0x0A,0x00,0x00,0x00,0x07,
  0x00,0x00,0x00,0x07,0x00,0x00,0x00,0x0A,0x00,0x00,0x00,0x00,0x00,0x00,0x00,0x00,
  0x00,0x00,0x00,0x75,0x00,0x00,0x00,0x08,0x00,0x00,0x00,0x0A,0x00,0x00,0x00,0x0A,
  0x00,0x00,0x00,0x08,0x00,0x00,0x00,0x00,0x00,0x00,0x00,0x00,0x00,0x00,0x00,0x76,
  0x00,0x00,0x00,0x08,0x00,0x00,0x00,0x09,0x00,0x00,0x00,0x09,0x00,0x00,0x00,0x08,
  0x00,0x00,0x00,0x00,0x00,0x00,0x00,0x00,0x00,0x00,0x00,0x77,0x00,0x00,0x00,0x08,
  0x00,0x00,0x00,0x0D,0x00,0x00,0x00,0x0D,0x00,0x00,0x00,0x08,0x00,0x00,0x00,0x00,
  0x00,0x00,0x00,0x00,0x00,0x00,0x00,0x78,0x00,0x00,0x00,0x08,0x00,0x00,0x00,0x09,
  0x00,0x00,0x00,0x09,0x00,0x00,0x00,0x08,0x00,0x00,0x00,0x00,0x00,0x00,0x00,0x00,
  0x00,0x00,0x00,0x79,0x00,0x00,0x00,0x0B,0x00,0x00,0x00,0x09,0x00,0x00,0x00,0x09,
  0x00,0x00,0x00,0x08,0x00,0x00,0x00,0x00,0x00,0x00,0x00,0x00,0x00,0x00,0x00,0x7A,
  0x00,0x00,0x00,0x08,0x00,0x00,0x00,0x08,0x00,0x00,0x00,0x08,0x00,0x00,0x00,0x08,
  0x00,0x00,0x00,0x00,0x00,0x00,0x00,0x00,0x00,0x00,0x00,0x30,0x00,0x00,0x00,0x0A,
  0x00,0x00,0x00,0x0A,0x00,0x00,0x00,0x0A,0x00,0x00,0x00,0x0A,0x00,0x00,0x00,0x00,
  0x00,0x00,0x00,0x00,0x00,0x00,0x00,0x31,0x00,0x00,0x00,0x0A,0x00,0x00,0x00,0x0A,
  0x00,0x00,0x00,0x0A,0x00,0x00,0x00,0x0A,0x00,0x00,0x00,0x00,0x00,0x00,0x00,0x00,
  0x00,0x00,0x00,0x32,0x00,0x00,0x00,0x0A,0x00,0x00,0x00,0x0A,0x00,0x00,0x00,0x0A,
  0x00,0x00,0x00,0x0A,0x00,0x00,0x00,0x00,0x00,0x00,0x00,0x00,0x00,0x00,0x00,0x33,
  0x00,0x00,0x00,0x0A,0x00,0x00,0x00,0x0A,0x00,0x00,0x00,0x0A,0x00,0x00,0x00,0x0A,
  0x00,0x00,0x00,0x00,0x00,0x00,0x00,0x00,0x00,0x00,0x00,0x34,0x00,0x00,0x00,0x0A,
  0x00,0x00,0x00,0x0A,0x00,0x00,0x00,0x0A,0x00,0x00,0x00,0x0A,0x00,0x00,0x00,0x00,
  0x00,0x00,0x00,0x00,0x00,0x00,0x00,0x35,0x00,0x00,0x00,0x0A,0x00,0x00,0x00,0x0A,
  0x00,0x00,0x00,0x0A,0x00,0x00,0x00,0x0A,0x00,0x00,0x00,0x00,0x00,0x00,0x00,0x00,
  0x00,0x00,0x00,0x36,0x00,0x00,0x00,0x0A,0x00,0x00,0x00,0x0A,0x00,0x00,0x00,0x0A,
  0x00,0x00,0x00,0x0A,0x00,0x00,0x00,0x00,0x00,0x00,0x00,0x00,0x00,0x00,0x00,0x37,
  0x00,0x00,0x00,0x0A,0x00,0x00,0x00,0x0A,0x00,0x00,0x00,0x0A,0x00,0x00,0x00,0x0A,
  0x00,0x00,0x00,0x00,0x00,0x00,0x00,0x00,0x00,0x00,0x00,0x38,0x00,0x00,0x00,0x0A,
  0x00,0x00,0x00,0x0A,0x00,0x00,0x00,0x0A,0x00,0x00,0x00,0x0A,0x00,0x00,0x00,0x00,
  0x00,0x00,0x00,0x00,0x00,0x00,0x00,0x39,0x00,0x00,0x00,0x0A,0x00,0x00,0x00,0x0A,
  0x00,0x00,0x00,0x0A,0x00,0x00,0x00,0x0A,0x00,0x00,0x00,0x00,0x00,0x00,0x00,0x00,
  0x00,0x00,0x00,0x20,0x00,0x00,0x00,0x00,0x00,0x00,0x00,0x00,0x00,0x00,0x00,0x05,
  0x00,0x00,0x00,0x00,0x00,0x00,0x00,0x00,0x00,0x00,0x00,0x00,0x00,0x00,0x00,0x2E,
  0x00,0x00,0x00,0x03,0x00,0x00,0x00,0x05,0x00,0x00,0x00,0x05,0x00,0x00,0x00,0x03,
  0x00,0x00,0x00,0x00,0x00,0x00,0x00,0x00,0x00,0x00,0x00,0x3A,0x00,0x00,0x00,0x08,
  0x00,0x00,0x00,0x06,0x00,0x00,0x00,0x06,0x00,0x00,0x00,0x08,0x00,0x00,0x00,0x00,
  0x00,0x00,0x00,0x00,0x00,0x00,0x00,0x2D,0x00,0x00,0x00,0x05,0x00,0x00,0x00,0x06,
  0x00,0x00,0x00,0x06,0x00,0x00,0x00,0x05,0x00,0x00,0x00,0x00,0x00,0x00,0x00,0x00,
  0x00,0x00,0x00,0x2B,0x00,0x00,0x00,0x08,0x00,0x00,0x00,0x0C,0x00,0x00,0x00,0x0C,
  0x00,0x00,0x00,0x08,0x00,0x00,0x00,0x00,0x00,0x00,0x00,0x00,0x00,0x00,0x00,0x2F,
  0x00,0x00,0x00,0x0C,0x00,0x00,0x00,0x06,0x00,0x00,0x00,0x05,0x00,0x00,0x00,0x0A,
  0x00,0x00,0x00,0x00,0x00,0x00,0x00,0x00,0x00,0x00,0x00,0x59,0xFF,0xFF,0xFF,0x2C,
  0x00,0x00,0x00,0x00,0x00,0x00,0xB9,0xFF,0xFF,0xFF,0x8C,0x00,0x00,0x00,0x00,0x00,
  0x1C,0xFD,0xFF,0xC6,0xFF,0xE8,0x04,0x00,0x00,0x00,0x00,0x7B,0xFF,0xEC,0x23,0xFE,
  0xFF,0x4E,0x00,0x00,0x00,0x00,0xDB,0xFF,0x92,0x00,0xBE,0xFF,0xAF,0x00,0x00,0x00,
  0x3D,0xFF,0xFF,0x33,0x00,0x5F,0xFF,0xFA,0x15,0x00,0x00,0x9D,0xFF,0xFF,0xFF,0xFF,
  0xFF,0xFF,0xFF,0x70,0x00,0x0B,0xF2,0xFF,0x40,0x00,0x00,0x00,0x69,0xFF,0xD1,0x00,
  0x5F,0xFF,0xFD,0x0C,0x00,0x00,0x00,0x32,0xFF,0xFF,0x32,0xC0,0xFF,0xD3,0x00,0x00,
  0x00,0x00,0x04,0xF6,0xFF,0x93,0x00,0xB8,0xFF,0xFF,0xFF,0xFC,0xEB,0xB8,0x36,0x00,
  0x00,0x00,0xB8,0xFF,0xEC,0x00,0x09,0xAD,0xFF,0xF0,0x0E,0x00,0x00,0xB8,0xFF,0xEC,
  0x00,0x00,0x64,0xFF,0xFF,0x38,0x00,0x00,0xB8,0xFF,0xEC,0x00,0x08,0xAC,0xFF,0xEC,
  0x10,0x00,0x00,0xB8,0xFF,0xFF,0xFF,0xFF,0xFF,0xFE,0x65,0x00,0x00,0x00,0xB8,0xFF,
  0xEC,0x00,0x06,0x74,0xFF,0xFD,0x42,0x00,0x00,0xB8,0xFF,0xEC,0x00,0x00,0x03,0xFB,
  0xFF,0x9E,0x00,0x00,0xB8,0xFF,0xEC,0x00,0x00,0x04,0xFC,0xFF,0x98,0x00,0x00,0xB8,
  0xFF,0xEC,0x00,0x06,0x74,0xFF,0xFE,0x46,0x00,0x00,0xB8,0xFF,0xFF,0xFF,0xFF,0xF4,
  0xC7,0x58,0x00,0x00,0x00,0x00,0x0A,0x76,0xCA,0xF2,0xFA,0xE9,0xC5,0x3D,0x00,0x16,
  0xD5,0xFF,0xBF,0x2B,0x09,0x2E,0x81,0x55,0x00,0xB1,0xFF,0xF2,0x10,0x00,0x00,0x00,
  0x00,0x00,0x18,0xFE,0xFF,0x9E,0x00,0x00,0x00,0x00,0x00,0x00,0x41,0xFF,0xFF,0x7B,
  0x00,0x00,0x00,0x00,0x00,0x00,0x42,0xFF,0xFF,0x7A,0x00,0x00,0x00,0x00,0x00,0x00,
  0x18,0xFE,0xFF,0x9E,0x00,0x00,0x00,0x00,0x00,0x00,0x00,0xB1,0xFF,0xF2,0x10,0x00,
  0x00,0x00,0x00,0x00,0x00,0x17,0xD5,0xFF,0xBF,0x2B,0x08,0x2A,0x7F,0x54,0x00,0x00,
  0x0A,0x77,0xCC,0xF3,0xFB,0xED,0xC8,0x3E,0x00,0xB8,0xFF,0xFF,0xFD,0xF4,0xDC,0xA6,
  0x3D,0x00,0x00,0x00,0x00,0xB8,0xFF,0xEC,0x00,0x12,0x63,0xF4,0xFE,0x7E,0x00,0x00,
  0x00,0xB8,0xFF,0xEC,0x00,0x00,0x00,0x6D,0xFF,0xFF,0x44,0x00,0x00,0xB8,0xFF,0xEC,
  0x00,0x00,0x00,0x08,0xFD,0xFF,0xAC,0x00,0x00,0xB8,0xFF,0xEC,0x00,0x00,0x00,0x00,
  0xE3,0xFF,0xD9,0x00,0x00,0xB8,0xFF,0xEC,0x00,0x00,0x00,0x00,0xE5,0xFF,0xD8,0x00,
  0x00,0xB8,0xFF,0xEC,0x00,0x00,0x00,0x0A,0xFE,0xFF,0xAD,0x00,0x00,0xB8,0xFF,0xEC,
  0x00,0x00,0x00,0x73,0xFF,0xFF,0x45,0x00,0x00,0xB8,0xFF,0xEC,0x00,0x11,0x66,0xF6,
  0xFE,0x7E,0x00,0x00,0x00,0xB8,0xFF,0xFF,0xFE,0xF5,0xDC,0xA6,0x3C,0x00,0x00,0x00,
  0x00,0xB8,0xFF,0xFF,0xFF,0xFF,0xFF,0xFF,0x64,0x00,0x00,0xB8,0xFF,0xEC,0x00,0x00,
  0x00,0x00,0x00,0x00,0x00,0xB8,0xFF,0xEC,0x00,0x00,0x00,0x00,0x00,0x00,0x00,0xB8,
  0xFF,0xEC,0x00,0x00,0x00,0x00,0x00,0x00,0x00,0xB8,0xFF,0xFF,0xFF,0xFF,0xFF,0xFF,
  0x20,0x00,0x00,0xB8,0xFF,0xEC,0x00,0x00,0x00,0x00,0x00,0x00,0x00,0xB8,0xFF,0xEC,
  0x00,0x00,0x00,0x00,0x00,0x00,0x00,0xB8,0xFF,0xEC,0x00,0x00,0x00,0x00,0x00,0x00,
  0x00,0xB8,0xFF,0xEC,0x00,0x00,0x00,0x00,0x00,0x00,0x00,0xB8,0xFF,0xFF,0xFF,0xFF,
  0xFF,0xFF,0x88,0x00,0x00,0xB8,0xFF,0xFF,0xFF,0xFF,0xFF,0xFF,0x64,0x00,0x00,0xB8,
  0xFF,0xEC,0x00,0x00,0x00,0x00,0x00,0x00,0x00,0xB8,0xFF,0xEC,0x00,0x00,0x00,0x00,
  0x00,0x00,0x00,0xB8,0xFF,0xEC,0x00,0x00,0x00,0x00,0x00,0x00,0x00,0xB8,0xFF,0xFF,
  0xFF,0xFF,0xFF,0xFF,0x20,0x00,0x00,0xB8,0xFF,0xEC,0x00,0x00,0x00,0x00,0x00,0x00,
  0x00,0xB8,0xFF,0xEC,0x00,0x00,0x00,0x00,0x00,0x00,0x00,0xB8,0xFF,0xEC,0x00,0x00,
  0x00,0x00,0x00,0x00,0x00,0xB8,0xFF,0xEC,0x00,0x00,0x00,0x00,0x00,0x00,0x00,0xB8,
  0xFF,0xEC,0x00,0x00,0x00,0x00,0x00,0x00,0x00,0x00,0x07,0x70,0xC5,0xF0,0xFB,0xEF,
  0xDA,0xB3,0x0C,0x00,0x14,0xD0,0xFF,0xC9,0x36,0x07,0x1F,0x53,0xBF,0x13,0x00,0xAE,
  0xFF,0xF4,0x15,0x00,0x00,0x00,0x00,0x00,0x00,0x17,0xFE,0xFF,0x9F,0x00,0x00,0x00,
  0x00,0x00,0x00,0x00,0x41,0xFF,0xFF,0x7B,0x00,0x00,0xA4,0xFF,0xFF,0xFF,0x74,0x42,
  0xFF,0xFF,0x7A,0x00,0x00,0x00,0x08,0xFF,0xFF,0x74,0x18,0xFE,0xFF,0x9D,0x00,0x00,
  0x00,0x08,0xFF,0xFF,0x74,0x00,0xB1,0xFF,0xF1,0x10,0x00,0x00,0x08,0xFF,0xFF,0x74,
  0x00,0x17,0xD5,0xFF,0xC0,0x2F,0x06,0x35,0xFF,0xFF,0x74,0x00,0x00,0x0A,0x77,0xCC,
  0xF3,0xFB,0xED,0xD9,0xAD,0x3E,0x00,0xB8,0xFF,0xEC,0x00,0x00,0x00,0x34,0xFF,0xFF,
  0x70,0x00,0x00,0xB8,0xFF,0xEC,0x00,0x00,0x00,0x34,0xFF,0xFF,0x70,0x00,0x00,0xB8,
  0xFF,0xEC,0x00,0x00,0x00,0x34,0xFF,0xFF,0x70,0x00,0x00,0xB8,0xFF,0xEC,0x00,0x00,
  0x00,0x34,0xFF,0xFF,0x70,0x00,0x00,0xB8,0xFF,0xFF,0xFF,0xFF,0xFF,0xFF,0xFF,0xFF,
  0x70,0x00,0x00,0xB8,0xFF,0xEC,0x00,0x00,0x00,0x34,0xFF,0xFF,0x70,0x00,0x00,0xB8,
  0xFF,0xEC,0x00,0x00,0x00,0x34,0xFF,0xFF,0x70,0x00,0x00,0xB8,0xFF,0xEC,0x00,0x00,
  0x00,0x34,0xFF,0xFF,0x70,0x00,0x00,0xB8,0xFF,0xEC,0x00,0x00,0x00,0x34,0xFF,0xFF,
  0x70,0x00,0x00,0xB8,0xFF,0xEC,0x00,0x00,0x00,0x34,0xFF,0xFF,0x70,0x00,0x00,0xB8,
  0xFF,0xEC,0x00,0x00,0xB8,0xFF,0xEC,0x00,0x00,0xB8,0xFF,0xEC,0x00,0x00,0xB8,0xFF,
  0xEC,0x00,0x00,0xB8,0xFF,0xEC,0x00,0x00,0xB8,0xFF,0xEC,0x00,0x00,0xB8,0xFF,0xEC,
  0x00,0x00,0xB8,0xFF,0xEC,0x00,0x00,0xB8,0xFF,0xEC,0x00,0x00,0xB8,0xFF,0xEC,0x00,
  0x00,0x00,0xB8,0xFF,0xEC,0x00,0x00,0x00,0xB8,0xFF,0xEC,0x00,0x00,0x00,0xB8,0xFF,
  0xEC,0x00,0x00,0x00,0xB8,0xFF,0xEC,0x00,0x00,0x00,0xB8,0xFF,0xEC,0x00,0x00,0x00,
  0xB8,0xFF,0xEC,0x00,0x00,0x00,0xB8,0xFF,0xEC,0x00,0x00,0x00,0xB8,0xFF,0xEC,0x00,
  0x00,0x00,0xB8,0xFF,0xEC,0x00,0x00,0x00,0xB8,0xFF,0xEC,0x00,0x00,0x00,0xC7,0xFF,
  0xDE,0x00,0x03,0x48,0xFC,0xFF,0x88,0x00,0xC7,0xF6,0xD1,0x76,0x03,0x00,0x00,0xB8,
  0xFF,0xEC,0x00,0x00,0x0C,0xC0,0xFF,0xF6,0x48,0x00,0x00,0xB8,0xFF,0xEC,0x00,0x0F,
  0xC6,0xFF,0xF4,0x41,0x00,0x00,0x00,0xB8,0xFF,0xEC,0x13,0xCD,0xFF,0xF1,0x3B,0x00,
  0x00,0x00,0x00,0xB8,0xFF,0xF3,0xD3,0xFF,0xEE,0x35,0x00,0x00,0x00,0x00,0x00,0xB8,
  0xFF,0xFF,0xFF,0xFB,0x31,0x00,0x00,0x00,0x00,0x00,0x00,0xB8,0xFF,0xFF,0xFF,0xFF,
  0xA1,0x03,0x00,0x00,0x00,0x00,0x00,0xB8,0xFF,0xEE,0x9E,0xFF,0xFF,0xA7,0x04,0x00,
  0x00,0x00,0x00,0xB8,0xFF,0xEC,0x01,0x98,0xFF,0xFF,0xAC,0x05,0x00,0x00,0x00,0xB8,
  0xFF,0xEC,0x00,0x00,0x92,0xFF,0xFF,0xB2,0x07,0x00,0x00,0xB8,0xFF,0xEC,0x00,0x00,
  0x00,0x8B,0xFF,0xFF,0xB7,0x08,0x00,0xB8,0xFF,0xEC,0x00,0x00,0x00,0x00,0x00,0x00,
  0xB8,0xFF,0xEC,0x00,0x00,0x00,0x00,0x00,0x00,0xB8,0xFF,0xEC,0x00,0x00,0x00,0x00,
  0x00,0x00,0xB8,0xFF,0xEC,0x00,0x00,0x00,0x00,0x00,0x00,0xB8,0xFF,0xEC,0x00,0x00,
  0x00,0x00,0x00,0x00,0xB8,0xFF,0xEC,0x00,0x00,0x00,0x00,0x00,0x00,0xB8,0xFF,0xEC,
  0x00,0x00,0x00,0x00,0x00,0x00,0xB8,0xFF,0xEC,0x00,0x00,0x00,0x00,0x00,0x00,0xB8,
  0xFF,0xEC,0x00,0x00,0x00,0x00,0x00,0x00,0xB8,0xFF,0xFF,0xFF,0xFF,0xFF,0xFF,0x88,
  0x00,0xB8,0xFF,0xFF,0xD9,0x01,0x00,0x00,0x06,0xE6,0xFF,0xFF,0xA4,0x00,0x00,0xB8,
  0xFF,0xFF,0xFF,0x4B,0x00,0x00,0x5E,0xFF,0xFF,0xFF,0xA4,0x00,0x00,0xB8,0xFF,0xF9,
  0xFF,0xBB,0x00,0x00,0xCE,0xFF,0xF9,0xFF,0xA4,0x00,0x00,0xB8,0xFF,0xC9,0xD8,0xFF,
  0x2B,0x41,0xFF,0xC8,0xD8,0xFF,0xA4,0x00,0x00,0xB8,0xFF,0xC8,0x69,0xFF,0x9A,0xB2,
  0xFF,0x57,0xD8,0xFF,0xA4,0x00,0x00,0xB8,0xFF,0xC8,0x0A,0xEE,0xF8,0xFD,0xE2,0x04,
  0xD8,0xFF,0xA4,0x00,0x00,0xB8,0xFF,0xC8,0x00,0x89,0xFF,0xFF,0x75,0x00,0xD8,0xFF,
  0xA4,0x00,0x00,0xB8,0xFF,0xC8,0x00,0x1D,0xFB,0xF4,0x10,0x00,0xD8,0xFF,0xA4,0x00,
  0x00,0xB8,0xFF,0xC8,0x00,0x00,0x00,0x00,0x00,0x00,0xD8,0xFF,0xA4,0x00,0x00,0xB8,
  0xFF,0xC8,0x00,0x00,0x00,0x00,0x00,0x00,0xD8,0xFF,0xA4,0x00,0x00,0xB8,0xFF,0xFF,
  0x7C,0x00,0x00,0x10,0xFF,0xFF,0x70,0x00,0x00,0xB8,0xFF,0xFF,0xF2,0x15,0x00,0x10,
  0xFF,0xFF,0x70,0x00,0x00,0xB8,0xFF,0xFF,0xFF,0x92,0x00,0x10,0xFF,0xFF,0x70,0x00,
  0x00,0xB8,0xFF,0xDB,0xF1,0xFA,0x23,0x10,0xFF,0xFF,0x70,0x00,0x00,0xB8,0xFF,0xC8,
  0x7B,0xFF,0xA8,0x10,0xFF,0xFF,0x70,0x00,0x00,0xB8,0xFF,0xC8,0x0A,0xE6,0xFE,0x44,
  0xFF,0xFF,0x70,0x00,0x00,0xB8,0xFF,0xC8,0x00,0x66,0xFF,0xCC,0xFF,0xFF,0x70,0x00,
  0x00,0xB8,0xFF,0xC8,0x00,0x03,0xD7,0xFF,0xFF,0xFF,0x70,0x00,0x00,0xB8,0xFF,0xC8,
  0x00,0x00,0x50,0xFF,0xFF,0xFF,0x70,0x00,0x00,0xB8,0xFF,0xC8,0x00,0x00,0x00,0xC5,
  0xFF,0xFF,0x70,0x00,0x00,0x00,0x14,0x8A,0xD6,0xF6,0xF5,0xD2,0x80,0x0D,0x00,0x00,
  0x00,0x21,0xE4,0xFF,0x97,0x12,0x18,0xAC,0xFF,0xD8,0x14,0x00,0x00,0xBD,0xFF,0xE3,
  0x03,0x00,0x00,0x0D,0xF4,0xFF,0xA4,0x00,0x1B,0xFF,0xFF,0x94,0x00,0x00,0x00,0x00,
  0xAE,0xFF,0xF8,0x09,0x42,0xFF,0xFF,0x78,0x00,0x00,0x00,0x00,0x91,0xFF,0xFF,0x29,
  0x43,0xFF,0xFF,0x77,0x00,0x00,0x00,0x00,0x91,0xFF,0xFF,0x29,0x1B,0xFF,0xFF,0x94,
  0x00,0x00,0x00,0x00,0xAE,0xFF,0xF8,0x09,0x00,0xBD,0xFF,0xE3,0x03,0x00,0x00,0x0D,
  0xF4,0xFF,0xA4,0x00,0x00,0x22,0xE4,0xFF,0x97,0x12,0x17,0xAB,0xFF,0xD8,0x15,0x00,
  0x00,0x00,0x15,0x8A,0xD8,0xF7,0xF7,0xD3,0x81,0x0D,0x00,0x00,0x00,0xB8,0xFF,0xFF,
  0xFF,0xFD,0xE3,0xAD,0x2C,0x00,0x00,0xB8,0xFF,0xEC,0x00,0x0C,0xA4,0xFF,0xF5,0x28,
  0x00,0xB8,0xFF,0xEC,0x00,0x00,0x29,0xFF,0xFF,0x8E,0x00,0xB8,0xFF,0xEC,0x00,0x00,
  0x0E,0xFF,0xFF,0xAA,0x00,0xB8,0xFF,0xEC,0x00,0x00,0x29,0xFF,0xFF,0x8E,0x00,0xB8,
  0xFF,0xEC,0x00,0x0B,0xA4,0xFF,0xF5,0x28,0x00,0xB8,0xFF,0xFF,0xFF,0xFE,0xE4,0xAE,
  0x2C,0x00,0x00,0xB8,0xFF,0xEC,0x00,0x00,0x00,0x00,0x00,0x00,0x00,0xB8,0xFF,0xEC,
  0x00,0x00,0x00,0x00,0x00,0x00,0x00,0xB8,0xFF,0xEC,0x00,0x00,0x00,0x00,0x00,0x00,
  0x00,0x00,0x14,0x8A,0xD6,0xF6,0xF5,0xD2,0x7F,0x0D,0x00,0x00,0x00,0x21,0xE4,0xFF,
  0x97,0x12,0x18,0xAC,0xFF,0xD6,0x12,0x00,0x00,0xBC,0xFF,0xE3,0x03,0x00,0x00,0x0D,
  0xF4,0xFF,0x9F,0x00,0x1A,0xFF,0xFF,0x94,0x00,0x00,0x00,0x00,0xAE,0xFF,0xF6,0x07,
  0x42,0xFF,0xFF,0x78,0x00,0x00,0x00,0x00,0x91,0xFF,0xFF,0x27,0x42,0xFF,0xFF,0x77,
  0x00,0x00,0x00,0x00,0x91,0xFF,0xFF,0x27,0x1C,0xFF,0xFF,0x92,0x00,0x00,0x00,0x00,
  0xAE,0xFF,0xFB,0x09,0x00,0xBF,0xFF,0xE0,0x01,0x00,0x00,0x0D,0xF4,0xFF,0xA9,0x00,
  0x00,0x23,0xE6,0xFF,0x91,0x11,0x17,0xAB,0xFF,0xE5,0x1D,0x00,0x00,0x00,0x16,0x8A,
  0xD7,0xF7,0xFF,0xFF,0xBD,0x1B,0x00,0x00,0x00,0x00,0x00,0x00,0x00,0x00,0x5E,0xFF,
  0xE4,0x1F,0x00,0x00,0x00,0x00,0x00,0x00,0x00,0x00,0x00,0x87,0xFF,0xDA,0x16,0x00,
  0x00,0xB8,0xFF,0xFF,0xFF,0xFC,0xE9,0xAD,0x24,0x00,0x00,0x00,0xB8,0xFF,0xEC,0x00,
  0x19,0xD0,0xFF,0xD9,0x01,0x00,0x00,0xB8,0xFF,0xEC,0x00,0x00,0x7C,0xFF,0xFF,0x22,
  0x00,0x00,0xB8,0xFF,0xEC,0x00,0x00,0x7D,0xFF,0xFF,0x1B,0x00,0x00,0xB8,0xFF,0xEC,
  0x00,0x19,0xD0,0xFF,0xA7,0x00,0x00,0x00,0xB8,0xFF,0xFF,0xFF,0xFF,0xFF,0xC3,0x0A,
  0x00,0x00,0x00,0xB8,0xFF,0xEC,0x02,0x3E,0xF3,0xFF,0xB1,0x01,0x00,0x00,0xB8,0xFF,
  0xEC,0x00,0x00,0x7E,0xFF,0xFF,0x50,0x00,0x00,0xB8,0xFF,0xEC,0x00,0x00,0x10,0xF2,
  0xFF,0xC9,0x00,0x00,0xB8,0xFF,0xEC,0x00,0x00,0x00,0x89,0xFF,0xFF,0x43,0x00,0x03,
  0x70,0xD3,0xF4,0xF9,0xEE,0xD5,0x4B,0x00,0x00,0x80,0xFF,0xB9,0x1A,0x0D,0x38,0x98,
  0x5B,0x00,0x00,0xE0,0xFF,0x72,0x00,0x00,0x00,0x00,0x00,0x00,0x00,0xF2,0xFF,0xEB,
  0x79,0x35,0x03,0x00,0x00,0x00,0x00,0xAE,0xFF,0xFF,0xFF,0xFF,0xEE,0x98,0x13,0x00,
  0x00,0x15,0xAB,0xFB,0xFF,0xFF,0xFF,0xFF,0xB9,0x00,0x00,0x00,0x00,0x13,0x59,0xA4,
  0xFC,0xFF,0xFC,0x05,0x00,0x00,0x00,0x00,0x00,0x00,0x91,0xFF,0xEF,0x00,0x00,0xBD,
  0x6F,0x2C,0x0A,0x1E,0xC8,0xFF,0x95,0x00,0x00,0x9D,0xD3,0xED,0xFA,0xF9,0xDA,0x87,
  0x08,0x00,0xF0,0xFF,0xFF,0xFF,0xFF,0xFF,0xFF,0xFF,0xFF,0x78,0x00,0x00,0x00,0x8C,
  0xFF,0xFF,0x18,0x00,0x00,0x00,0x00,0x00,0x00,0x8C,0xFF,0xFF,0x18,0x00,0x00,0x00,
  0x00,0x00,0x00,0x8C,0xFF,0xFF,0x18,0x00,0x00,0x00,0x00,0x00,0x00,0x8C,0xFF,0xFF,
  0x18,0x00,0x00,0x00,0x00,0x00,0x00,0x8C,0xFF,0xFF,0x18,0x00,0x00,0x00,0x00,0x00,
  0x00,0x8C,0xFF,0xFF,0x18,0x00,0x00,0x00,0x00,0x00,0x00,0x8C,0xFF,0xFF,0x18,0x00,
  0x00,0x00,0x00,0x00,0x00,0x8C,0xFF,0xFF,0x18,0x00,0x00,0x00,0x00,0x00,0x00,0x8C,
  0xFF,0xFF,0x18,0x00,0x00,0x00,0x00,0xB8,0xFF,0xEC,0x00,0x00,0x00,0x8C,0xFF,0xFF,
  0x14,0x00,0xB8,0xFF,0xEC,0x00,0x00,0x00,0x8C,0xFF,0xFF,0x14,0x00,0xB8,0xFF,0xEC,
  0x00,0x00,0x00,0x8C,0xFF,0xFF,0x14,0x00,0xB8,0xFF,0xEC,0x00,0x00,0x00,0x8C,0xFF,
  0xFF,0x14,0x00,0xB8,0xFF,0xEC,0x00,0x00,0x00,0x8C,0xFF,0xFF,0x14,0x00,0xB8,0xFF,
  0xEC,0x00,0x00,0x00,0x8C,0xFF,0xFF,0x14,0x00,0xB5,0xFF,0xEE,0x00,0x00,0x00,0x8F,
  0xFF,0xFF,0x11,0x00,0x98,0xFF,0xFE,0x08,0x00,0x00,0xA8,0xFF,0xF0,0x01,0x00,0x32,
  0xF9,0xFF,0x81,0x0C,0x39,0xF3,0xFF,0x85,0x00,0x00,0x00,0x39,0xB2,0xEA,0xFC,0xF4,
  0xCB,0x6C,0x01,0x00,0xC0,0xFF,0xE3,0x02,0x00,0x00,0x00,0x14,0xFA,0xFF,0x93,0x5F,
  0xFF,0xFF,0x44,0x00,0x00,0x00,0x6D,0xFF,0xFF,0x32,0x0B,0xF3,0xFF,0xA2,0x00,0x00,
  0x00,0xCB,0xFF,0xD1,0x00,0x00,0x9D,0xFF,0xF4,0x0B,0x00,0x28,0xFF,0xFF,0x70,0x00,
  0x00,0x3D,0xFF,0xFF,0x5E,0x00,0x87,0xFF,0xFA,0x15,0x00,0x00,0x00,0xDB,0xFF,0xBB,
  0x01,0xE2,0xFF,0xAF,0x00,0x00,0x00,0x00,0x7B,0xFF,0xFD,0x5D,0xFF,0xFF,0x4E,0x00,
  0x00,0x00,0x00,0x1C,0xFD,0xFF,0xF2,0xFF,0xE9,0x04,0x00,0x00,0x00,0x00,0x00,0xB9,
  0xFF,0xFF,0xFF,0x8C,0x00,0x00,0x00,0x00,0x00,0x00,0x58,0xFF,0xFF,0xFF,0x2C,0x00,
  0x00,0x00,0x76,0xFF,0xFD,0x11,0x00,0x00,0xAB,0xFF,0xFF,0x1A,0x00,0x00,0xA0,0xFF,
  0xE0,0x38,0xFF,0xFF,0x4D,0x00,0x00,0xE8,0xFF,0xFF,0x58,0x00,0x00,0xDE,0xFF,0xA3,
  0x04,0xF4,0xFF,0x8B,0x00,0x26,0xFF,0xE9,0xFF,0x95,0x00,0x1B,0xFF,0xFF,0x65,0x00,
  0xBC,0xFF,0xC9,0x00,0x64,0xFF,0x7C,0xF9,0xD3,0x00,0x5A,0xFF,0xFF,0x28,0x00,0x7E,
  0xFF,0xFB,0x0C,0xA2,0xFF,0x35,0xC6,0xFE,0x12,0x98,0xFF,0xE9,0x00,0x00,0x40,0xFF,
  0xFF,0x46,0xDF,0xF3,0x03,0x88,0xFF,0x4E,0xD7,0xFF,0xAC,0x00,0x00,0x08,0xF9,0xFF,
  0xA0,0xFF,0xB9,0x00,0x4A,0xFF,0xA1,0xFF,0xFF,0x6F,0x00,0x00,0x00,0xC4,0xFF,0xFB,
  0xFF,0x7B,0x00,0x0E,0xFC,0xFB,0xFF,0xFF,0x31,0x00,0x00,0x00,0x86,0xFF,0xFF,0xFF,
  0x3D,0x00,0x00,0xCE,0xFF,0xFF,0xF1,0x02,0x00,0x00,0x00,0x47,0xFF,0xFF,0xF7,0x07,
  0x00,0x00,0x8F,0xFF,0xFF,0xB6,0x00,0x00,0x41,0xFE,0xFF,0x80,0x00,0x00,0x01,0xBB,
  0xFF,0xEC,0x19,0x00,0x8D,0xFF,0xFB,0x36,0x00,0x6D,0xFF,0xFF,0x54,0x00,0x00,0x07,
  0xD3,0xFF,0xD9,0x31,0xF6,0xFF,0xA2,0x00,0x00,0x00,0x00,0x2F,0xF9,0xFF,0xF7,0xFF,
  0xE0,0x0E,0x00,0x00,0x00,0x00,0x00,0x77,0xFF,0xFF,0xFF,0x3F,0x00,0x00,0x00,0x00,
  0x00,0x00,0x9D,0xFF,0xFF,0xFF,0x64,0x00,0x00,0x00,0x00,0x00,0x4E,0xFF,0xFF,0xE0,
  0xFF,0xF3,0x22,0x00,0x00,0x00,0x16,0xE9,0xFF,0xBE,0x14,0xE5,0xFF,0xC4,0x02,0x00,
  0x00,0xB1,0xFF,0xF0,0x1D,0x00,0x45,0xFE,0xFF,0x79,0x00,0x63,0xFF,0xFF,0x5C,0x00,
  0x00,0x00,0x91,0xFF,0xFA,0x30,0x03,0xCA,0xFF,0xF1,0x1D,0x00,0x00,0x0D,0xE2,0xFF,
  0xE2,0x0E,0x00,0x29,0xF8,0xFF,0xB6,0x00,0x00,0x97,0xFF,0xFF,0x46,0x00,0x00,0x00,
  0x76,0xFF,0xFF,0x5D,0x3F,0xFE,0xFF,0x99,0x00,0x00,0x00,0x00,0x02,0xC6,0xFF,0xED,
  0xDD,0xFF,0xDF,0x0D,0x00,0x00,0x00,0x00,0x00,0x26,0xF6,0xFF,0xFF,0xFE,0x41,0x00,
  0x00,0x00,0x00,0x00,0x00,0x00,0x74,0xFF,0xFF,0x98,0x00,0x00,0x00,0x00,0x00,0x00,
  0x00,0x00,0x40,0xFF,0xFF,0x64,0x00,0x00,0x00,0x00,0x00,0x00,0x00,0x00,0x40,0xFF,
  0xFF,0x64,0x00,0x00,0x00,0x00,0x00,0x00,0x00,0x00,0x40,0xFF,0xFF,0x64,0x00,0x00,
  0x00,0x00,0x00,0x00,0x00,0x00,0x40,0xFF,0xFF,0x64,0x00,0x00,0x00,0x00,0x38,0xFF,
  0xFF,0xFF,0xFF,0xFF,0xFF,0xFF,0xFF,0x5C,0x00,0x00,0x00,0x00,0x00,0x46,0xFD,0xFF,
  0xFF,0x55,0x00,0x00,0x00,0x00,0x1B,0xEA,0xFF,0xFF,0xC5,0x04,0x00,0x00,0x00,0x04,
  0xC4,0xFF,0xFF,0xEC,0x1D,0x00,0x00,0x00,0x00,0x8A,0xFF,0xFF,0xFE,0x4A,0x00,0x00,
  0x00,0x00,0x4C,0xFE,0xFF,0xFF,0x87,0x00,0x00,0x00,0x00,0x1F,0xEE,0xFF,0xFF,0xC2,
  0x04,0x00,0x00,0x00,0x05,0xC8,0xFF,0xFF,0xEA,0x1B,0x00,0x00,0x00,0x00,0x5A,0xFF,
  0xFF,0xFD,0x46,0x00,0x00,0x00,0x00,0x00,0x60,0xFF,0xFF,0xFF,0xFF,0xFF,0xFF,0xFF,
  0xFF,0x84,0x00,0xBC,0xFF,0xFF,0xFD,0xEB,0xB0,0x28,0x00,0x00,0x00,0x00,0x00,0x0F,
  0x8A,0xFF,0xDA,0x07,0x00,0x00,0x00,0x00,0x00,0x24,0xFF,0xFF,0x36,0x00,0x4B,0xC5,
  0xF2,0xFE,0xFF,0xFF,0xFF,0x55,0x25,0xFA,0xFF,0x77,0x06,0x25,0xFF,0xFF,0x58,0x57,
  0xFF,0xFF,0x18,0x00,0x4C,0xFF,0xFF,0x58,0x2B,0xFD,0xFF,0x64,0x18,0xCA,0xFF,0xFF,
  0x58,0x00,0x61,0xDE,0xF9,0xD3,0x6F,0xFF,0xFF,0x58,0x00,0xD4,0xFF,0xA0,0x00,0x00,
  0x00,0x00,0x00,0x00,0x00,0xD4,0xFF,0xA0,0x00,0x00,0x00,0x00,0x00,0x00,0x00,0xD4,
  0xFF,0xA0,0x00,0x00,0x00,0x00,0x00,0x00,0x00,0xD4,0xFF,0xAF,0x9C,0xE1,0xF4,0xA7,
  0x10,0x00,0x00,0xD4,0xFF,0xFF,0x59,0x16,0xC7,0xFF,0xAE,0x00,0x00,0xD4,0xFF,0xD0,
  0x00,0x00,0x53,0xFF,0xFF,0x25,0x00,0xD4,0xFF,0xAA,0x00,0x00,0x2E,0xFF,0xFF,0x51,
  0x00,0xD4,0xFF,0xAA,0x00,0x00,0x2F,0xFF,0xFF,0x51,0x00,0xD4,0xFF,0xCF,0x00,0x00,
  0x53,0xFF,0xFF,0x26,0x00,0xD4,0xFF,0xFF,0x57,0x16,0xC7,0xFF,0xAF,0x00,0x00,0xD4,
  0xFF,0xAF,0x9F,0xE5,0xF5,0xA9,0x11,0x00,0x00,0x02,0x6B,0xCE,0xF6,0xE5,0x8A,0x0A,
  0x00,0x98,0xFF,0xE6,0x3B,0x11,0x5D,0x4D,0x24,0xFE,0xFF,0x69,0x00,0x00,0x00,0x00,
  0x59,0xFF,0xFF,0x36,0x00,0x00,0x00,0x00,0x5A,0xFF,0xFF,0x35,0x00,0x00,0x00,0x00,
  0x25,0xFF,0xFF,0x69,0x00,0x00,0x00,0x00,0x00,0x9A,0xFF,0xE4,0x3A,0x10,0x5E,0x4F,
  0x00,0x02,0x6E,0xD0,0xF7,0xE5,0x8B,0x0A,0x00,0x00,0x00,0x00,0x00,0x00,0x9C,0xFF,
  0xD8,0x00,0x00,0x00,0x00,0x00,0x00,0x00,0x9C,0xFF,0xD8,0x00,0x00,0x00,0x00,0x00,
  0x00,0x00,0x9C,0xFF,0xD8,0x00,0x00,0x0F,0xA5,0xF4,0xE2,0x9D,0xAC,0xFF,0xD8,0x00,
  0x00,0xAA,0xFF,0xCA,0x18,0x52,0xFF,0xFF,0xD8,0x00,0x22,0xFF,0xFF,0x59,0x00,0x00,
  0xCB,0xFF,0xD8,0x00,0x4E,0xFF,0xFF,0x36,0x00,0x00,0xA6,0xFF,0xD8,0x00,0x4E,0xFF,
  0xFF,0x35,0x00,0x00,0xA7,0xFF,0xD8,0x00,0x23,0xFF,0xFF,0x59,0x00,0x00,0xCB,0xFF,
  0xD8,0x00,0x00,0xAC,0xFF,0xCA,0x18,0x52,0xFF,0xFF,0xD8,0x00,0x00,0x10,0xA6,0xF5,
  0xE5,0xA1,0xAC,0xFF,0xD8,0x00,0x00,0x02,0x70,0xD4,0xF8,0xE6,0xB1,0x2D,0x00,0x00,
  0x00,0x9A,0xFF,0xBB,0x15,0x45,0xFC,0xF7,0x33,0x00,0x24,0xFE,0xFF,0x3D,0x00,0x00,
  0xC5,0xFF,0xA8,0x00,0x59,0xFF,0xFF,0xFF,0xFF,0xFF,0xFF,0xFF,0xCC,0x00,0x5A,0xFF,
  0xFF,0x2B,0x00,0x00,0x00,0x00,0x00,0x00,0x25,0xFF,0xFF,0x65,0x00,0x00,0x00,0x00,
  0x00,0x00,0x00,0x9D,0xFF,0xE1,0x32,0x0D,0x36,0x92,0x68,0x00,0x00,0x03,0x71,0xD2,
  0xF8,0xED,0xC5,0x6A,0x0B,0x00,0x00,0x04,0x97,0xE8,0xFE,0xFF,0x38,0x00,0x60,0xFF,
  0xFD,0x20,0x00,0x00,0x00,0x83,0xFF,0xF0,0x00,0x00,0x00,0xBC,0xFF,0xFF,0xFF,0xFF,
  0xFF,0x04,0x00,0x84,0xFF,0xF0,0x00,0x00,0x00,0x00,0x84,0xFF,0xF0,0x00,0x00,0x00,
  0x00,0x84,0xFF,0xF0,0x00,0x00,0x00,0x00,0x84,0xFF,0xF0,0x00,0x00,0x00,0x00,0x84,
  0xFF,0xF0,0x00,0x00,0x00,0x00,0x84,0xFF,0xF0,0x00,0x00,0x00,0x00,0x84,0xFF,0xF0,
  0x00,0x00,0x00,0x00,0x0F,0xA5,0xF4,0xE2,0x9E,0xAC,0xFF,0xD8,0x00,0x00,0xAA,0xFF,
  0xCF,0x19,0x55,0xFF,0xFF,0xD8,0x00,0x22,0xFE,0xFF,0x5C,0x00,0x00,0xCD,0xFF,0xD8,
  0x00,0x4E,0xFF,0xFF,0x36,0x00,0x00,0xA7,0xFF,0xD8,0x00,0x4E,0xFF,0xFF,0x35,0x00,
  0x00,0xA7,0xFF,0xD8,0x00,0x22,0xFE,0xFF,0x58,0x00,0x00,0xCD,0xFF,0xD8,0x00,0x00,
  0xAA,0xFF,0xC8,0x17,0x55,0xFF,0xFF,0xD8,0x00,0x00,0x0F,0xA5,0xF4,0xE5,0xA1,0xB2,
  0xFF,0xD3,0x00,0x00,0x00,0x00,0x00,0x00,0x00,0xC7,0xFF,0xAE,0x00,0x00,0x60,0x71,
  0x1C,0x10,0x6E,0xFF,0xF8,0x37,0x00,0x00,0x0D,0x85,0xDC,0xFA,0xE8,0xAC,0x32,0x00,
  0x00,0x00,0xD4,0xFF,0xA0,0x00,0x00,0x00,0x00,0x00,0x00,0x00,0xD4,0xFF,0xA0,0x00,
  0x00,0x00,0x00,0x00,0x00,0x00,0xD4,0xFF,0xA0,0x00,0x00,0x00,0x00,0x00,0x00,0x00,
  0xD4,0xFF,0xAE,0x96,0xE0,0xF2,0xB7,0x1C,0x00,0x00,0xD4,0xFF,0xFE,0x54,0x19,0xDF,
  0xFF,0xA8,0x00,0x00,0xD4,0xFF,0xC6,0x00,0x00,0xA1,0xFF,0xD9,0x00,0x00,0xD4,0xFF,
  0xA4,0x00,0x00,0x99,0xFF,0xE0,0x00,0x00,0xD4,0xFF,0xA0,0x00,0x00,0x98,0xFF,0xE0,
  0x00,0x00,0xD4,0xFF,0xA0,0x00,0x00,0x98,0xFF,0xE0,0x00,0x00,0xD4,0xFF,0xA0,0x00,
  0x00,0x98,0xFF,0xE0,0x00,0x00,0xD4,0xFF,0xA0,0x00,0x00,0x98,0xFF,0xE0,0x00,0x00,
  0xD4,0xFF,0xA0,0x00,0x00,0xD4,0xFF,0xA0,0x00,0x00,0x00,0x00,0x00,0x00,0x00,0xD4,
  0xFF,0xA0,0x00,0x00,0xD4,0xFF,0xA0,0x00,0x00,0xD4,0xFF,0xA0,0x00,0x00,0xD4,0xFF,
  0xA0,0x00,0x00,0xD4,0xFF,0xA0,0x00,0x00,0xD4,0xFF,0xA0,0x00,0x00,0xD4,0xFF,0xA0,
  0x00,0x00,0xD4,0xFF,0xA0,0x00,0x00,0x00,0xD4,0xFF,0xA0,0x00,0x00,0x00,0xD4,0xFF,
  0xA0,0x00,0x00,0x00,0x00,0x00,0x00,0x00,0x00,0x00,0xD4,0xFF,0xA0,0x00,0x00,0x00,
  0xD4,0xFF,0xA0,0x00,0x00,0x00,0xD4,0xFF,0xA0,0x00,0x00,0x00,0xD4,0xFF,0xA0,0x00,
  0x00,0x00,0xD4,0xFF,0xA0,0x00,0x00,0x00,0xD4,0xFF,0xA0,0x00,0x00,0x00,0xD4,0xFF,
  0xA0,0x00,0x00,0x00,0xD4,0xFF,0xA0,0x00,0x00,0x00,0xD9,0xFF,0x95,0x00,0x00,0x25,
  0xF8,0xFF,0x5C,0x00,0x78,0xFF,0xE5,0x87,0x01,0x00,0x00,0xD4,0xFF,0xA0,0x00,0x00,
  0x00,0x00,0x00,0x00,0x00,0xD4,0xFF,0xA0,0x00,0x00,0x00,0x00,0x00,0x00,0x00,0xD4,
  0xFF,0xA0,0x00,0x00,0x00,0x00,0x00,0x00,0x00,0xD4,0xFF,0xA0,0x00,0x24,0xE6,0xFF,
  0xBB,0x09,0x00,0xD4,0xFF,0xA0,0x1E,0xE1,0xFF,0xB8,0x08,0x00,0x00,0xD4,0xFF,0xB8,
  0xDB,0xFF,0xB5,0x07,0x00,0x00,0x00,0xD4,0xFF,0xFF,0xFF,0xCC,0x06,0x00,0x00,0x00,
  0x00,0xD4,0xFF,0xF3,0xFF,0xFC,0x53,0x00,0x00,0x00,0x00,0xD4,0xFF,0xA0,0xA1,0xFF,
  0xF9,0x46,0x00,0x00,0x00,0xD4,0xFF,0xA0,0x04,0xB7,0xFF,0xF4,0x39,0x00,0x00,0xD4,
  0xFF,0xA0,0x00,0x0B,0xCB,0xFF,0xEE,0x2D,0x00,0xD4,0xFF,0xA0,0x00,0x00,0xD4,0xFF,
  0xA0,0x00,0x00,0xD4,0xFF,0xA0,0x00,0x00,0xD4,0xFF,0xA0,0x00,0x00,0xD4,0xFF,0xA0,
  0x00,0x00,0xD4,0xFF,0xA0,0x00,0x00,0xD4,0xFF,0xA0,0x00,0x00,0xD4,0xFF,0xA0,0x00,
  0x00,0xD4,0xFF,0xA0,0x00,0x00,0xD4,0xFF,0xA0,0x00,0x00,0xD4,0xFF,0xA0,0x00,0x00,
  0xD8,0xFF,0xAC,0x9A,0xE9,0xF0,0x9E,0x37,0xBE,0xF8,0xE5,0x7B,0x00,0x00,0x00,0xD8,
  0xFF,0xFB,0x41,0x30,0xFF,0xFF,0xF5,0x34,0x46,0xFF,0xFF,0x42,0x00,0x00,0xD8,0xFF,
  0xC0,0x00,0x00,0xF0,0xFF,0xAE,0x00,0x01,0xFC,0xFF,0x75,0x00,0x00,0xD8,0xFF,0xA3,
  0x00,0x00,0xE8,0xFF,0x90,0x00,0x00,0xFB,0xFF,0x7C,0x00,0x00,0xD8,0xFF,0xA0,0x00,
  0x00,0xE8,0xFF,0x8C,0x00,0x00,0xFC,0xFF,0x7C,0x00,0x00,0xD8,0xFF,0xA0,0x00,0x00,
  0xE8,0xFF,0x8C,0x00,0x00,0xFC,0xFF,0x7C,0x00,0x00,0xD8,0xFF,0xA0,0x00,0x00,0xE8,
  0xFF,0x8C,0x00,0x00,0xFC,0xFF,0x7C,0x00,0x00,0xD8,0xFF,0xA0,0x00,0x00,0xE8,0xFF,
  0x8C,0x00,0x00,0xFC,0xFF,0x7C,0x00,0x00,0xD4,0xFF,0xAE,0x96,0xE0,0xF2,0xB7,0x1C,
  0x00,0x00,0xD4,0xFF,0xFE,0x54,0x19,0xDF,0xFF,0xA8,0x00,0x00,0xD4,0xFF,0xC6,0x00,
  0x00,0xA1,0xFF,0xD9,0x00,0x00,0xD4,0xFF,0xA4,0x00,0x00,0x99,0xFF,0xE0,0x00,0x00,
  0xD4,0xFF,0xA0,0x00,0x00,0x98,0xFF,0xE0,0x00,0x00,0xD4,0xFF,0xA0,0x00,0x00,0x98,
  0xFF,0xE0,0x00,0x00,0xD4,0xFF,0xA0,0x00,0x00,0x98,0xFF,0xE0,0x00,0x00,0xD4,0xFF,
  0xA0,0x00,0x00,0x98,0xFF,0xE0,0x00,0x00,0x03,0x76,0xD6,0xF9,0xF2,0xBC,0x3E,0x00,
  0x00,0x00,0xA0,0xFF,0xCD,0x1A,0x48,0xFB,0xFC,0x43,0x00,0x26,0xFF,0xFF,0x58,0x00,
  0x00,0xB8,0xFF,0xC5,0x00,0x5A,0xFF,0xFF,0x32,0x00,0x00,0x93,0xFF,0xF9,0x00,0x5A,
  0xFF,0xFF,0x32,0x00,0x00,0x93,0xFF,0xF9,0x00,0x26,0xFF,0xFF,0x57,0x00,0x00,0xB8,
  0xFF,0xC5,0x00,0x00,0xA0,0xFF,0xCB,0x19,0x46,0xFA,0xFC,0x43,0x00,0x00,0x03,0x76,
  0xD6,0xF9,0xF2,0xBC,0x3F,0x00,0x00,0x00,0xD4,0xFF,0xAF,0x9C,0xE1,0xF4,0xA7,0x10,
  0x00,0x00,0xD4,0xFF,0xFF,0x59,0x16,0xC7,0xFF,0xAE,0x00,0x00,0xD4,0xFF,0xD0,0x00,
  0x00,0x53,0xFF,0xFF,0x25,0x00,0xD4,0xFF,0xAA,0x00,0x00,0x2E,0xFF,0xFF,0x51,0x00,
  0xD4,0xFF,0xAA,0x00,0x00,0x2F,0xFF,0xFF,0x51,0x00,0xD4,0xFF,0xCF,0x00,0x00,0x53,
  0xFF,0xFF,0x26,0x00,0xD4,0xFF,0xFF,0x57,0x16,0xC7,0xFF,0xAF,0x00,0x00,0xD4,0xFF,
  0xAF,0x9F,0xE5,0xF5,0xA9,0x11,0x00,0x00,0xD4,0xFF,0xA0,0x00,0x00,0x00,0x00,0x00,
  0x00,0x00,0xD4,0xFF,0xA0,0x00,0x00,0x00,0x00,0x00,0x00,0x00,0xD4,0xFF,0xA0,0x00,
  0x00,0x00,0x00,0x00,0x00,0x00,0x0F,0xA5,0xF4,0xE2,0x9E,0xAC,0xFF,0xD8,0x00,0x00,
  0xAA,0xFF,0xCA,0x18,0x52,0xFF,0xFF,0xD8,0x00,0x22,0xFF,0xFF,0x59,0x00,0x00,0xCB,
  0xFF,0xD8,0x00,0x4E,0xFF,0xFF,0x36,0x00,0x00,0xA6,0xFF,0xD8,0x00,0x4E,0xFF,0xFF,
  0x35,0x00,0x00,0xA7,0xFF,0xD8,0x00,0x23,0xFF,0xFF,0x59,0x00,0x00,0xCB,0xFF,0xD8,
  0x00,0x00,0xAC,0xFF,0xCA,0x18,0x52,0xFF,0xFF,0xD8,0x00,0x00,0x10,0xA6,0xF5,0xE5,
  0xA1,0xAC,0xFF,0xD8,0x00,0x00,0x00,0x00,0x00,0x00,0x00,0x9C,0xFF,0xD8,0x00,0x00,
  0x00,0x00,0x00,0x00,0x00,0x9C,0xFF,0xD8,0x00,0x00,0x00,0x00,0x00,0x00,0x00,0x9C,
  0xFF,0xD8,0x00,0x00,0xD4,0xFF,0xAF,0x9F,0xE2,0xDB,0x00,0xD4,0xFF,0xFF,0x65,0x08,
  0x00,0x00,0xD4,0xFF,0xC9,0x00,0x00,0x00,0x00,0xD4,0xFF,0xA4,0x00,0x00,0x00,0x00,
  0xD4,0xFF,0xA0,0x00,0x00,0x00,0x00,0xD4,0xFF,0xA0,0x00,0x00,0x00,0x00,0xD4,0xFF,
  0xA0,0x00,0x00,0x00,0x00,0xD4,0xFF,0xA0,0x00,0x00,0x00,0x00,0x48,0xC6,0xF0,0xED,
  0xBB,0x56,0x01,0x16,0xF7,0xF7,0x28,0x0D,0x3E,0xAD,0x26,0x3D,0xFF,0xFD,0x50,0x10,
  0x00,0x00,0x00,0x15,0xF5,0xFF,0xFF,0xFF,0xDF,0x8A,0x06,0x00,0x3E,0xB7,0xF0,0xFF,
  0xFF,0xFF,0x74,0x00,0x00,0x00,0x01,0x25,0xDC,0xFF,0xA0,0x26,0xAB,0x3E,0x10,0x17,
  0xD5,0xFF,0x68,0x01,0x4D,0xB7,0xE9,0xF5,0xD7,0x77,0x01,0x00,0x98,0xFF,0xD8,0x00,
  0x00,0x00,0x00,0x98,0xFF,0xD8,0x00,0x00,0x00,0xD0,0xFF,0xFF,0xFF,0xFF,0xFF,0x60,
  0x00,0x98,0xFF,0xD8,0x00,0x00,0x00,0x00,0x98,0xFF,0xD8,0x00,0x00,0x00,0x00,0x98,
  0xFF,0xD8,0x00,0x00,0x00,0x00,0x98,0xFF,0xD8,0x00,0x00,0x00,0x00,0x96,0xFF,0xD8,
  0x00,0x00,0x00,0x00,0x78,0xFF,0xF2,0x16,0x00,0x00,0x00,0x13,0xB6,0xF1,0xFF,0xFF,
  0x28,0x00,0xE8,0xFF,0x8F,0x00,0x00,0xA8,0xFF,0xCC,0x00,0x00,0xE8,0xFF,0x8E,0x00,
  0x00,0xA8,0xFF,0xCC,0x00,0x00,0xE8,0xFF,0x8C,0x00,0x00,0xA8,0xFF,0xCC,0x00,0x00,
  0xE8,0xFF,0x8C,0x00,0x00,0xA8,0xFF,0xCC,0x00,0x00,0xE8,0xFF,0x8C,0x00,0x00,0xAC,
  0xFF,0xCC,0x00,0x00,0xE2,0xFF,0x96,0x00,0x00,0xCE,0xFF,0xCC,0x00,0x00,0xB2,0xFF,
  0xD8,0x14,0x58,0xFF,0xFF,0xCC,0x00,0x00,0x22,0xBC,0xF3,0xE2,0x95,0xB3,0xFF,0xCC,
  0x00,0x99,0xFF,0xD3,0x00,0x00,0x00,0xB5,0xFF,0xBB,0x39,0xFF,0xFF,0x2C,0x00,0x12,
  0xFA,0xFF,0x5A,0x00,0xD8,0xFF,0x84,0x00,0x65,0xFF,0xF1,0x09,0x00,0x79,0xFF,0xDB,
  0x00,0xBD,0xFF,0x99,0x00,0x00,0x1B,0xFD,0xFF,0x4C,0xFC,0xFF,0x39,0x00,0x00,0x00,
  0xB9,0xFF,0xE7,0xFF,0xD8,0x00,0x00,0x00,0x00,0x59,0xFF,0xFF,0xFF,0x78,0x00,0x00,
  0x00,0x00,0x08,0xEF,0xFF,0xFD,0x1B,0x00,0x00,0x60,0xFF,0xF7,0x06,0x00,0xAB,0xFF,
  0x9D,0x00,0x10,0xFD,0xFF,0x53,0x1F,0xFF,0xFF,0x38,0x00,0xE6,0xFF,0xDA,0x00,0x4B,
  0xFF,0xFE,0x14,0x00,0xDF,0xFF,0x74,0x23,0xFF,0xF1,0xFF,0x16,0x87,0xFF,0xD2,0x00,
  0x00,0x9F,0xFF,0xAF,0x5F,0xFF,0x88,0xFF,0x52,0xC3,0xFF,0x91,0x00,0x00,0x5E,0xFF,
  0xEA,0x9B,0xF8,0x19,0xFE,0x94,0xF7,0xFF,0x51,0x00,0x00,0x1D,0xFF,0xFF,0xF0,0xC4,
  0x00,0xD3,0xF3,0xFF,0xFE,0x12,0x00,0x00,0x00,0xDD,0xFF,0xFF,0x89,0x00,0x97,0xFF,
  0xFF,0xD0,0x00,0x00,0x00,0x00,0x9C,0xFF,0xFF,0x4D,0x00,0x5A,0xFF,0xFF,0x90,0x00,
  0x00,0x4E,0xFF,0xFF,0x44,0x00,0x3F,0xFE,0xFF,0x54,0x00,0x98,0xFF,0xDF,0x18,0xDD,
  0xFF,0x9F,0x00,0x00,0x0A,0xD8,0xFF,0xE8,0xFF,0xDC,0x0C,0x00,0x00,0x00,0x33,0xFC,
  0xFF,0xFD,0x37,0x00,0x00,0x00,0x00,0x4F,0xFF,0xFF,0xFF,0x59,0x00,0x00,0x00,0x18,
  0xEB,0xFF,0xCF,0xFF,0xEF,0x1D,0x00,0x01,0xB7,0xFF,0xCA,0x07,0xC9,0xFF,0xBF,0x02,
  0x6E,0xFF,0xF8,0x29,0x00,0x28,0xF7,0xFF,0x75,0xA1,0xFF,0xCF,0x00,0x00,0x00,0xBE,
  0xFF,0xB2,0x3A,0xFF,0xFF,0x30,0x00,0x14,0xFC,0xFF,0x59,0x00,0xD3,0xFF,0x91,0x00,
  0x63,0xFF,0xF5,0x0B,0x00,0x6D,0xFF,0xEB,0x06,0xB5,0xFF,0xA7,0x00,0x00,0x10,0xF6,
  0xFF,0x61,0xF9,0xFF,0x4E,0x00,0x00,0x00,0xA0,0xFF,0xF0,0xFF,0xEE,0x06,0x00,0x00,
  0x00,0x39,0xFF,0xFF,0xFF,0x9B,0x00,0x00,0x00,0x00,0x00,0xD2,0xFF,0xFF,0x42,0x00,
  0x00,0x00,0x00,0x00,0x82,0xFF,0xE6,0x02,0x00,0x00,0x00,0x00,0x10,0xCB,0xFF,0x7A,
  0x00,0x00,0x00,0x00,0x98,0xFF,0xEC,0x8F,0x04,0x00,0x00,0x00,0x34,0xFF,0xFF,0xFF,
  0xFF,0xFF,0xFF,0x7C,0x00,0x00,0x00,0x03,0xBC,0xFF,0xFF,0x7C,0x00,0x00,0x00,0x90,
  0xFF,0xFF,0xF1,0x28,0x00,0x00,0x5F,0xFF,0xFF,0xFE,0x4C,0x00,0x00,0x36,0xF8,0xFF,
  0xFF,0x7B,0x00,0x00,0x19,0xE5,0xFF,0xFF,0xAA,0x00,0x00,0x00,0x60,0xFF,0xFF,0xD0,
  0x0A,0x00,0x00,0x00,0x60,0xFF,0xFF,0xFF,0xFF,0xFF,0xFF,0x7C,0x00,0x00,0x50,0xCA,
  0xF7,0xF1,0xB3,0x2C,0x00,0x00,0x00,0x58,0xFE,0xE1,0x20,0x47,0xFC,0xF1,0x24,0x00,
  0x03,0xE3,0xFF,0x7E,0x00,0x00,0xC3,0xFF,0xA6,0x00,0x2F,0xFF,0xFF,0x5A,0x00,0x00,
  0x9F,0xFF,0xED,0x00,0x4C,0xFF,0xFF,0x4D,0x00,0x00,0x92,0xFF,0xFF,0x0B,0x4D,0xFF,
  0xFF,0x4E,0x00,0x00,0x93,0xFF,0xFF,0x0B,0x2F,0xFF,0xFF,0x5B,0x00,0x00,0xA0,0xFF,
  0xED,0x00,0x03,0xE4,0xFF,0x7F,0x00,0x00,0xC4,0xFF,0xA6,0x00,0x00,0x5B,0xFF,0xE2,
  0x21,0x48,0xFC,0xF2,0x26,0x00,0x00,0x00,0x53,0xCB,0xF8,0xF2,0xB5,0x2F,0x00,0x00,
  0x00,0x09,0x63,0xCF,0xFF,0xFF,0x74,0x00,0x00,0x00,0x00,0x62,0x9D,0x3A,0xFF,0xFF,
  0x74,0x00,0x00,0x00,0x00,0x00,0x00,0x08,0xFF,0xFF,0x74,0x00,0x00,0x00,0x00,0x00,
  0x00,0x08,0xFF,0xFF,0x74,0x00,0x00,0x00,0x00,0x00,0x00,0x08,0xFF,0xFF,0x74,0x00,
  0x00,0x00,0x00,0x00,0x00,0x08,0xFF,0xFF,0x74,0x00,0x00,0x00,0x00,0x00,0x00,0x08,
  0xFF,0xFF,0x74,0x00,0x00,0x00,0x00,0x00,0x00,0x08,0xFF,0xFF,0x74,0x00,0x00,0x00,
  0x00,0x00,0x00,0x08,0xFF,0xFF,0x74,0x00,0x00,0x00,0x00,0x5C,0xFF,0xFF,0xFF,0xFF,
  0xFF,0xFF,0xC8,0x00,0x00,0x27,0x91,0xDE,0xF9,0xE2,0xA5,0x25,0x00,0x00,0x00,0xAE,
  0x5C,0x1A,0x18,0xBB,0xFF,0xEC,0x14,0x00,0x00,0x00,0x00,0x00,0x00,0x40,0xFF,0xFF,
  0x60,0x00,0x00,0x00,0x00,0x00,0x00,0x58,0xFF,0xFF,0x65,0x00,0x00,0x00,0x00,0x00,
  0x09,0xCF,0xFF,0xF6,0x1B,0x00,0x00,0x00,0x00,0x03,0xB2,0xFF,0xFD,0x59,0x00,0x00,
  0x00,0x00,0x00,0x9D,0xFF,0xFD,0x5A,0x00,0x00,0x00,0x00,0x00,0x87,0xFF,0xFF,0x67,
  0x00,0x00,0x00,0x00,0x00,0x6F,0xFF,0xFF,0x7D,0x00,0x00,0x00,0x00,0x00,0x00,0xE4,
  0xFF,0xFF,0xFF,0xFF,0xFF,0xFF,0x88,0x00,0x00,0x18,0x8B,0xD8,0xF9,0xEF,0xC1,0x49,
  0x00,0x00,0x00,0x82,0x5D,0x16,0x16,0xAC,0xFF,0xFB,0x2A,0x00,0x00,0x00,0x00,0x00,
  0x00,0x4C,0xFF,0xFF,0x56,0x00,0x00,0x00,0x00,0x00,0x18,0xAC,0xFF,0xE1,0x13,0x00,
  0x00,0x00,0x50,0xFF,0xFF,0xFF,0xE9,0x3F,0x00,0x00,0x00,0x00,0x00,0x01,0x1E,0xAA,
  0xFF,0xF9,0x33,0x00,0x00,0x00,0x00,0x00,0x00,0x17,0xFF,0xFF,0x8F,0x00,0x00,0x00,
  0x00,0x00,0x00,0x15,0xFF,0xFF,0x8C,0x00,0x0F,0xB6,0x42,0x10,0x1A,0xA7,0xFF,0xF6,
  0x2D,0x00,0x00,0x46,0xB6,0xE9,0xFB,0xE4,0xA7,0x2E,0x00,0x00,0x00,0x00,0x00,0x01,
  0xAD,0xFF,0xFF,0xA4,0x00,0x00,0x00,0x00,0x00,0x7C,0xFF,0xFF,0xFF,0xA4,0x00,0x00,
  0x00,0x00,0x4A,0xFD,0xC9,0xDD,0xFF,0xA4,0x00,0x00,0x00,0x25,0xF0,0xF1,0x22,0xD8,
  0xFF,0xA4,0x00,0x00,0x0D,0xD5,0xFF,0x5A,0x00,0xD8,0xFF,0xA4,0x00,0x00,0x5E,0xFF,
  0xA0,0x00,0x00,0xD8,0xFF,0xA4,0x00,0x00,0x60,0xFF,0xFF,0xFF,0xFF,0xFF,0xFF,0xFF,
  0xFF,0x18,0x00,0x00,0x00,0x00,0x00,0xD8,0xFF,0xA4,0x00,0x00,0x00,0x00,0x00,0x00,
  0x00,0xD8,0xFF,0xA4,0x00,0x00,0x00,0x00,0x00,0x00,0x00,0xD8,0xFF,0xA4,0x00,0x00,
  0x00,0x84,0xFF,0xFF,0xFF,0xFF,0xFF,0xFF,0x08,0x00,0x00,0x84,0xFF,0x94,0x00,0x00,
  0x00,0x00,0x00,0x00,0x00,0x84,0xFF,0x94,0x00,0x00,0x00,0x00,0x00,0x00,0x00,0x84,
  0xFF,0xF8,0xFA,0xE7,0xB5,0x33,0x00,0x00,0x00,0x6E,0x6B,0x1F,0x16,0xA7,0xFF,0xF9,
  0x34,0x00,0x00,0x00,0x00,0x00,0x00,0x0F,0xFC,0xFF,0xA1,0x00,0x00,0x00,0x00,0x00,
  0x00,0x00,0xE8,0xFF,0xBE,0x00,0x00,0x00,0x00,0x00,0x00,0x0F,0xFC,0xFF,0x9D,0x00,
  0x00,0xB7,0x57,0x19,0x16,0xA7,0xFF,0xF4,0x2B,0x00,0x00,0x30,0x9F,0xDB,0xF7,0xDF,
  0xA4,0x27,0x00,0x00,0x00,0x00,0x12,0x8E,0xDF,0xF8,0xD7,0x76,0x07,0x00,0x00,0x11,
  0xDA,0xFC,0x68,0x11,0x1F,0x7A,0x47,0x00,0x00,0x95,0xFF,0x9C,0x00,0x00,0x00,0x00,
  0x00,0x00,0x01,0xEC,0xFF,0xD4,0xE4,0xF7,0xD5,0x66,0x00,0x00,0x15,0xFF,0xFF,0xFC,
  0x3C,0x28,0xEE,0xFF,0x68,0x00,0x1A,0xFF,0xFF,0xC9,0x00,0x00,0xA5,0xFF,0xD5,0x00,
  0x05,0xF9,0xFF,0xB5,0x00,0x00,0x91,0xFF,0xF4,0x00,0x00,0xBA,0xFF,0xC9,0x00,0x00,
  0xA5,0xFF,0xCE,0x00,0x00,0x37,0xF9,0xFC,0x3C,0x27,0xED,0xFE,0x4F,0x00,0x00,0x00,
  0x3A,0xBD,0xF4,0xED,0xBF,0x3F,0x00,0x00,0x10,0xFF,0xFF,0xFF,0xFF,0xFF,0xFF,0xFF,
  0xA0,0x00,0x00,0x00,0x00,0x00,0x00,0x5A,0xFF,0xFF,0x8D,0x00,0x00,0x00,0x00,0x00,
  0x00,0xC6,0xFF,0xFD,0x25,0x00,0x00,0x00,0x00,0x00,0x31,0xFF,0xFF,0xAC,0x00,0x00,
  0x00,0x00,0x00,0x00,0x9D,0xFF,0xFF,0x35,0x00,0x00,0x00,0x00,0x00,0x11,0xF6,0xFF,
  0xBE,0x00,0x00,0x00,0x00,0x00,0x00,0x74,0xFF,0xFF,0x47,0x00,0x00,0x00,0x00,0x00,
  0x02,0xDD,0xFF,0xD0,0x00,0x00,0x00,0x00,0x00,0x00,0x4B,0xFF,0xFF,0x59,0x00,0x00,
  0x00,0x00,0x00,0x00,0xB6,0xFF,0xDF,0x03,0x00,0x00,0x00,0x00,0x00,0x0F,0x91,0xDD,
  0xF6,0xF1,0xCF,0x6E,0x00,0x00,0x00,0xAB,0xFF,0xD6,0x17,0x3A,0xFB,0xFF,0x66,0x00,
  0x00,0xDF,0xFF,0x98,0x00,0x00,0xE1,0xFF,0x9B,0x00,0x00,0x8A,0xFF,0xD6,0x17,0x3A,
  0xFC,0xFB,0x47,0x00,0x00,0x02,0xA2,0xFF,0xFF,0xFF,0xFB,0x65,0x00,0x00,0x00,0x9F,
  0xFF,0xC9,0x17,0x32,0xF2,0xFE,0x5C,0x00,0x11,0xFF,0xFF,0x67,0x00,0x00,0xAB,0xFF,
  0xCC,0x00,0x15,0xFF,0xFF,0x67,0x00,0x00,0xAC,0xFF,0xD0,0x00,0x00,0xBD,0xFF,0xC9,
  0x17,0x31,0xF2,0xFF,0x78,0x00,0x00,0x0F,0x85,0xD8,0xF5,0xEF,0xCB,0x65,0x01,0x00,
  0x00,0x03,0x6D,0xD2,0xF6,0xE8,0x9C,0x16,0x00,0x00,0x00,0x9D,0xFF,0xC0,0x12,0x7F,
  0xFF,0xD7,0x0A,0x00,0x1C,0xFE,0xFF,0x5D,0x00,0x12,0xFF,0xFF,0x70,0x00,0x40,0xFF,
  0xFF,0x49,0x00,0x00,0xFC,0xFF,0xB6,0x00,0x22,0xFF,0xFF,0x5D,0x00,0x11,0xFF,0xFF,
  0xD1,0x00,0x00,0xB7,0xFF,0xBF,0x11,0x7D,0xFF,0xFF,0xCC,0x00,0x00,0x0F,0x94,0xE3,
  0xF8,0xD8,0xE6,0xFF,0xA4,0x00,0x00,0x00,0x00,0x00,0x00,0x04,0xE2,0xFF,0x4C,0x00,
  0x00,0x7B,0x59,0x10,0x1E,0xA0,0xFF,0xA3,0x00,0x00,0x00,0x1A,0x9E,0xE6,0xF7,0xCF,
  0x6C,0x02,0x00,0x00,0x00,0x94,0xFF,0xE4,0x00,0x00,0x94,0xFF,0xE4,0x00,0x00,0x94,
  0xFF,0xE4,0x00,0x00,0x70,0xFF,0xFF,0x08,0x00,0x00,0x70,0xFF,0xFF,0x08,0x00,0x00,
  0x70,0xFF,0xFF,0x08,0x00,0x00,0x00,0x00,0x00,0x00,0x00,0x00,0x00,0x00,0x00,0x00,
  0x00,0x00,0x70,0xFF,0xFF,0x08,0x00,0x00,0x70,0xFF,0xFF,0x08,0x00,0x00,0x70,0xFF,
  0xFF,0x08,0x00,0x3C,0xFF,0xFF,0xFF,0xFF,0x0C,0x3C,0xFF,0xFF,0xFF,0xFF,0x0C,0x00,
  0x00,0x00,0x00,0x00,0x00,0x00,0x00,0x00,0x00,0x00,0x00,0x00,0x00,0x00,0x00,0x00,
  0x00,0x00,0x00,0x00,0x00,0x00,0xF4,0xAC,0x00,0x00,0x00,0x00,0x00,0x00,0x00,0x00,
  0x00,0x00,0xF4,0xAC,0x00,0x00,0x00,0x00,0x00,0x00,0x00,0x00,0x00,0x00,0xF4,0xAC,
  0x00,0x00,0x00,0x00,0x00,0x00,0x84,0xFF,0xFF,0xFF,0xFF,0xFF,0xFF,0xFF,0xFF,0x40,
  0x00,0x00,0x84,0xFF,0xFF,0xFF,0xFF,0xFF,0xFF,0xFF,0xFF,0x40,0x00,0x00,0x00,0x00,
  0x00,0x00,0xF4,0xAC,0x00,0x00,0x00,0x00,0x00,0x00,0x00,0x00,0x00,0x00,0xF4,0xAC,
  0x00,0x00,0x00,0x00,0x00,0x00,0x00,0x00,0x00,0x00,0xF4,0xAC,0x00,0x00,0x00,0x00,
  0x00,0x00,0x00,0x00,0x8F,0xF0,0x04,0x00,0x00,0x00,0xDB,0xA8,0x00,0x00,0x00,0x28,
  0xFF,0x5B,0x00,0x00,0x00,0x75,0xFC,0x12,0x00,0x00,0x00,0xC1,0xC2,0x00,0x00,0x00,
  0x11,0xFC,0x75,0x00,0x00,0x00,0x5B,0xFF,0x29,0x00,0x00,0x00,0xA7,0xDC,0x00,0x00,
  0x00,0x04,0xEF,0x8F,0x00,0x00,0x00,0x41,0xFF,0x43,0x00,0x00,0x00,0x8D,0xF1,0x05,
  0x00,0x00,0x00,0xDA,0xAA,0x00,0x00,0x00,0x00,
};

// VLW_VALUE: 26 px, 14 glifi, 4136 byte
const uint8_t VLW_VALUE[] PROGMEM = {
  0x00,0x00,0x00,0x0E,0x00,0x00,0x00,0x0B,0x00,0x00,0x00,0x1A,0x00,0x00,0x00,0x00,
  0x00,0x00,0x00,0x19,0x00,0x00,0x00,0x07,0x00,0x00,0x00,0x30,0x00,0x00,0x00,0x13,
  0x00,0x00,0x00,0x12,0x00,0x00,0x00,0x12,0x00,0x00,0x00,0x13,0x00,0x00,0x00,0x00,
  0x00,0x00,0x00,0x00,0x00,0x00,0x00,0x31,0x00,0x00,0x00,0x13,0x00,0x00,0x00,0x12,
  0x00,0x00,0x00,0x12,0x00,0x00,0x00,0x13,0x00,0x00,0x00,0x00,0x00,0x00,0x00,0x00,
  0x00,0x00,0x00,0x32,0x00,0x00,0x00,0x13,0x00,0x00,0x00,0x12,0x00,0x00,0x00,0x12,
  0x00,0x00,0x00,0x13,0x00,0x00,0x00,0x00,0x00,0x00,0x00,0x00,0x00,0x00,0x00,0x33,
  0x00,0x00,0x00,0x13,0x00,0x00,0x00,0x12,0x00,0x00,0x00,0x12,0x00,0x00,0x00,0x13,
  0x00,0x00,0x00,0x00,0x00,0x00,0x00,0x00,0x00,0x00,0x00,0x34,0x00,0x00,0x00,0x13,
  0x00,0x00,0x00,0x12,0x00,0x00,0x00,0x12,0x00,0x00,0x00,0x13,0x00,0x00,0x00,0x00,
  0x00,0x00,0x00,0x00,0x00,0x00,0x00,0x35,0x00,0x00,0x00,0x13,0x00,0x00,0x00,0x12,
  0x00,0x00,0x00,0x12,0x00,0x00,0x00,0x13,0x00,0x00,0x00,0x00,0x00,0x00,0x00,0x00,
  0x00,0x00,0x00,0x36,0x00,0x00,0x00,0x13,0x00,0x00,0x00,0x12,0x00,0x00,0x00,0x12,
  0x00,0x00,0x00,0x13,0x00,0x00,0x00,0x00,0x00,0x00,0x00,0x00,0x00,0x00,0x00,0x37,
  0x00,0x00,0x00,0x13,0x00,0x00,0x00,0x12,0x00,0x00,0x00,0x12,0x00,0x00,0x00,0x13,
  0x00,0x00,0x00,0x00,0x00,0x00,0x00,0x00,0x00,0x00,0x00,0x38,0x00,0x00,0x00,0x13,
  0x00,0x00,0x00,0x12,0x00,0x00,0x00,0x12,0x00,0x00,0x00,0x13,0x00,0x00,0x00,0x00,
  0x00,0x00,0x00,0x00,0x00,0x00,0x00,0x39,0x00,0x00,0x00,0x13,0x00,0x00,0x00,0x12,
  0x00,0x00,0x00,0x12,0x00,0x00,0x00,0x13,0x00,0x00,0x00,0x00,0x00,0x00,0x00,0x00,
  0x00,0x00,0x00,0x2E,0x00,0x00,0x00,0x05,0x00,0x00,0x00,0x0A,0x00,0x00,0x00,0x0A,
  0x00,0x00,0x00,0x05,0x00,0x00,0x00,0x00,0x00,0x00,0x00,0x00,0x00,0x00,0x00,0x3A,
  0x00,0x00,0x00,0x0E,0x00,0x00,0x00,0x0A,0x00,0x00,0x00,0x0A,0x00,0x00,0x00,0x0E,
  0x00,0x00,0x00,0x00,0x00,0x00,0x00,0x00,0x00,0x00,0x00,0x2D,0x00,0x00,0x00,0x0A,
  0x00,0x00,0x00,0x0B,0x00,0x00,0x00,0x0B,0x00,0x00,0x00,0x0A,0x00,0x00,0x00,0x00,
  0x00,0x00,0x00,0x00,0x00,0x00,0x00,0x20,0x00,0x00,0x00,0x00,0x00,0x00,0x00,0x00,
  0x00,0x00,0x00,0x09,0x00,0x00,0x00,0x00,0x00,0x00,0x00,0x00,0x00,0x00,0x00,0x00,
  0x00,0x00,0x00,0x00,0x00,0x3C,0x9B,0xDA,0xF3,0xF5,0xDD,0xA3,0x47,0x00,0x00,0x00,
  0x00,0x00,0x00,0x00,0x00,0x06,0xA2,0xFF,0xFF,0xFF,0xFF,0xFF,0xFF,0xFF,0xFF,0xB2,
  0x0C,0x00,0x00,0x00,0x00,0x00,0x00,0xB1,0xFF,0xFF,0xFF,0xFF,0xFF,0xFF,0xFF,0xFF,
  0xFF,0xFF,0xC4,0x04,0x00,0x00,0x00,0x00,0x63,0xFF,0xFF,0xFF,0xFF,0x91,0x15,0x10,
  0x80,0xFF,0xFF,0xFF,0xFF,0x7A,0x00,0x00,0x00,0x01,0xDD,0xFF,0xFF,0xFF,0xCD,0x01,
  0x00,0x00,0x00,0xBB,0xFF,0xFF,0xFF,0xED,0x07,0x00,0x00,0x3B,0xFF,0xFF,0xFF,0xFF,
  0x78,0x00,0x00,0x00,0x00,0x66,0xFF,0xFF,0xFF,0xFF,0x52,0x00,0x00,0x74,0xFF,0xFF,
  0xFF,0xFF,0x4B,0x00,0x00,0x00,0x00,0x37,0xFF,0xFF,0xFF,0xFF,0x8A,0x00,0x00,0xA0,
  0xFF,0xFF,0xFF,0xFF,0x31,0x00,0x00,0x00,0x00,0x1E,0xFF,0xFF,0xFF,0xFF,0xB6,0x00,
  0x00,0xB1,0xFF,0xFF,0xFF,0xFF,0x25,0x00,0x00,0x00,0x00,0x13,0xFF,0xFF,0xFF,0xFF,
  0xC8,0x00,0x00,0xBC,0xFF,0xFF,0xFF,0xFF,0x21,0x00,0x00,0x00,0x00,0x0E,0xFF,0xFF,
  0xFF,0xFF,0xD4,0x00,0x00,0xB1,0xFF,0xFF,0xFF,0xFF,0x26,0x00,0x00,0x00,0x00,0x13,
  0xFF,0xFF,0xFF,0xFF,0xC8,0x00,0x00,0xA0,0xFF,0xFF,0xFF,0xFF,0x32,0x00,0x00,0x00,
  0x00,0x1F,0xFF,0xFF,0xFF,0xFF,0xB7,0x00,0x00,0x74,0xFF,0xFF,0xFF,0xFF,0x4C,0x00,
  0x00,0x00,0x00,0x39,0xFF,0xFF,0xFF,0xFF,0x8B,0x00,0x00,0x3B,0xFF,0xFF,0xFF,0xFF,
  0x7A,0x00,0x00,0x00,0x00,0x67,0xFF,0xFF,0xFF,0xFF,0x52,0x00,0x00,0x01,0xDD,0xFF,
  0xFF,0xFF,0xCF,0x01,0x00,0x00,0x00,0xBD,0xFF,0xFF,0xFF,0xED,0x07,0x00,0x00,0x00,
  0x63,0xFF,0xFF,0xFF,0xFF,0x92,0x14,0x10,0x82,0xFF,0xFF,0xFF,0xFF,0x7A,0x00,0x00,
  0x00,0x00,0x00,0xB1,0xFF,0xFF,0xFF,0xFF,0xFF,0xFF,0xFF,0xFF,0xFF,0xFF,0xC5,0x04,
  0x00,0x00,0x00,0x00,0x00,0x06,0xA3,0xFF,0xFF,0xFF,0xFF,0xFF,0xFF,0xFF,0xFF,0xB3,
  0x0D,0x00,0x00,0x00,0x00,0x00,0x00,0x00,0x00,0x3D,0x9D,0xDB,0xF4,0xF5,0xDE,0xA4,
  0x48,0x00,0x00,0x00,0x00,0x00,0x00,0x00,0x00,0x20,0x5A,0x94,0xCE,0xFC,0xFF,0xFF,
  0xFF,0xFC,0x00,0x00,0x00,0x00,0x00,0x00,0x00,0x00,0x10,0xFF,0xFF,0xFF,0xFF,0xFF,
  0xFF,0xFF,0xFF,0xFC,0x00,0x00,0x00,0x00,0x00,0x00,0x00,0x00,0x10,0xFF,0xFF,0xFF,
  0xFF,0xFF,0xFF,0xFF,0xFF,0xFC,0x00,0x00,0x00,0x00,0x00,0x00,0x00,0x00,0x0F,0xE0,
  0xA6,0x6C,0x32,0xA7,0xFF,0xFF,0xFF,0xFC,0x00,0x00,0x00,0x00,0x00,0x00,0x00,0x00,
  0x00,0x00,0x00,0x00,0x00,0xA4,0xFF,0xFF,0xFF,0xFC,0x00,0x00,0x00,0x00,0x00,0x00,
  0x00,0x00,0x00,0x00,0x00,0x00,0x00,0xA4,0xFF,0xFF,0xFF,0xFC,0x00,0x00,0x00,0x00,
  0x00,0x00,0x00,0x00,0x00,0x00,0x00,0x00,0x00,0xA4,0xFF,0xFF,0xFF,0xFC,0x00,0x00,
  0x00,0x00,0x00,0x00,0x00,0x00,0x00,0x00,0x00,0x00,0x00,0xA4,0xFF,0xFF,0xFF,0xFC,
  0x00,0x00,0x00,0x00,0x00,0x00,0x00,0x00,0x00,0x00,0x00,0x00,0x00,0xA4,0xFF,0xFF,
  0xFF,0xFC,0x00,0x00,0x00,0x00,0x00,0x00,0x00,0x00,0x00,0x00,0x00,0x00,0x00,0xA4,
  0xFF,0xFF,0xFF,0xFC,0x00,0x00,0x00,0x00,0x00,0x00,0x00,0x00,0x00,0x00,0x00,0x00,
  0x00,0xA4,0xFF,0xFF,0xFF,0xFC,0x00,0x00,0x00,0x00,0x00,0x00,0x00,0x00,0x00,0x00,
  0x00,0x00,0x00,0xA4,0xFF,0xFF,0xFF,0xFC,0x00,0x00,0x00,0x00,0x00,0x00,0x00,0x00,
  0x00,0x00,0x00,0x00,0x00,0xA4,0xFF,0xFF,0xFF,0xFC,0x00,0x00,0x00,0x00,0x00,0x00,
  0x00,0x00,0x00,0x00,0x00,0x00,0x00,0xA4,0xFF,0xFF,0xFF,0xFC,0x00,0x00,0x00,0x00,
  0x00,0x00,0x00,0x00,0x00,0x00,0x00,0x00,0x00,0xA4,0xFF,0xFF,0xFF,0xFC,0x00,0x00,
  0x00,0x00,0x00,0x00,0x00,0x00,0x00,0x00,0x00,0x00,0x00,0xA4,0xFF,0xFF,0xFF,0xFC,
  0x00,0x00,0x00,0x00,0x00,0x00,0x00,0x00,0x00,0xF4,0xFF,0xFF,0xFF,0xFF,0xFF,0xFF,
  0xFF,0xFF,0xFF,0xFF,0xFF,0xFF,0x4C,0x00,0x00,0x00,0x00,0xF4,0xFF,0xFF,0xFF,0xFF,
  0xFF,0xFF,0xFF,0xFF,0xFF,0xFF,0xFF,0xFF,0x4C,0x00,0x00,0x00,0x00,0xF4,0xFF,0xFF,
  0xFF,0xFF,0xFF,0xFF,0xFF,0xFF,0xFF,0xFF,0xFF,0xFF,0x4C,0x00,0x00,0x00,0x16,0x4F,
  0x89,0xBD,0xDF,0xF4,0xFC,0xF0,0xD4,0x9C,0x3E,0x00,0x00,0x00,0x00,0x00,0x00,0x00,
  0xE4,0xFF,0xFF,0xFF,0xFF,0xFF,0xFF,0xFF,0xFF,0xFF,0xFF,0xAD,0x0A,0x00,0x00,0x00,
  0x00,0x00,0xE4,0xFF,0xFF,0xFF,0xFF,0xFF,0xFF,0xFF,0xFF,0xFF,0xFF,0xFF,0xB5,0x00,
  0x00,0x00,0x00,0x00,0xE4,0xFF,0xBB,0x5C,0x1D,0x08,0x29,0x9F,0xFF,0xFF,0xFF,0xFF,
  0xFF,0x45,0x00,0x00,0x00,0x00,0xA9,0x33,0x00,0x00,0x00,0x00,0x00,0x00,0xAC,0xFF,
  0xFF,0xFF,0xFF,0x90,0x00,0x00,0x00,0x00,0x00,0x00,0x00,0x00,0x00,0x00,0x00,0x00,
  0x50,0xFF,0xFF,0xFF,0xFF,0xAC,0x00,0x00,0x00,0x00,0x00,0x00,0x00,0x00,0x00,0x00,
  0x00,0x00,0x41,0xFF,0xFF,0xFF,0xFF,0x99,0x00,0x00,0x00,0x00,0x00,0x00,0x00,0x00,
  0x00,0x00,0x00,0x00,0x86,0xFF,0xFF,0xFF,0xFF,0x61,0x00,0x00,0x00,0x00,0x00,0x00,
  0x00,0x00,0x00,0x00,0x00,0x25,0xF4,0xFF,0xFF,0xFF,0xE9,0x09,0x00,0x00,0x00,0x00,
  0x00,0x00,0x00,0x00,0x00,0x00,0x1E,0xDE,0xFF,0xFF,0xFF,0xFC,0x49,0x00,0x00,0x00,
  0x00,0x00,0x00,0x00,0x00,0x00,0x00,0x27,0xE2,0xFF,0xFF,0xFF,0xFE,0x63,0x00,0x00,
  0x00,0x00,0x00,0x00,0x00,0x00,0x00,0x00,0x31,0xEA,0xFF,0xFF,0xFF,0xFC,0x60,0x00,
  0x00,0x00,0x00,0x00,0x00,0x00,0x00,0x00,0x00,0x3D,0xF1,0xFF,0xFF,0xFF,0xF7,0x4F,
  0x00,0x00,0x00,0x00,0x00,0x00,0x00,0x00,0x00,0x00,0x4A,0xF6,0xFF,0xFF,0xFF,0xF1,
  0x3F,0x00,0x00,0x00,0x00,0x00,0x00,0x00,0x00,0x00,0x00,0x59,0xFA,0xFF,0xFF,0xFF,
  0xE9,0x31,0x00,0x00,0x00,0x00,0x00,0x00,0x00,0x00,0x00,0x00,0x68,0xFD,0xFF,0xFF,
  0xFF,0xE0,0x26,0x00,0x00,0x00,0x00,0x00,0x00,0x00,0x00,0x00,0x00,0x00,0xF0,0xFF,
  0xFF,0xFF,0xFF,0xFF,0xFF,0xFF,0xFF,0xFF,0xFF,0xFF,0xFF,0xD4,0x00,0x00,0x00,0x00,
  0xF0,0xFF,0xFF,0xFF,0xFF,0xFF,0xFF,0xFF,0xFF,0xFF,0xFF,0xFF,0xFF,0xD4,0x00,0x00,
  0x00,0x00,0xF0,0xFF,0xFF,0xFF,0xFF,0xFF,0xFF,0xFF,0xFF,0xFF,0xFF,0xFF,0xFF,0xD4,
  0x00,0x00,0x00,0x00,0x06,0x3F,0x82,0xBD,0xD8,0xEF,0xFB,0xF0,0xD6,0xA9,0x5D,0x06,
  0x00,0x00,0x00,0x00,0x00,0x00,0x74,0xFF,0xFF,0xFF,0xFF,0xFF,0xFF,0xFF,0xFF,0xFF,
  0xFF,0xDD,0x2E,0x00,0x00,0x00,0x00,0x00,0x74,0xFF,0xFF,0xFF,0xFF,0xFF,0xFF,0xFF,
  0xFF,0xFF,0xFF,0xFF,0xE3,0x0D,0x00,0x00,0x00,0x00,0x6B,0xB4,0x63,0x31,0x16,0x08,
  0x25,0x86,0xFE,0xFF,0xFF,0xFF,0xFF,0x5F,0x00,0x00,0x00,0x00,0x00,0x00,0x00,0x00,
  0x00,0x00,0x00,0x00,0x93,0xFF,0xFF,0xFF,0xFF,0x89,0x00,0x00,0x00,0x00,0x00,0x00,
  0x00,0x00,0x00,0x00,0x00,0x00,0x5D,0xFF,0xFF,0xFF,0xFF,0x7B,0x00,0x00,0x00,0x00,
  0x00,0x00,0x00,0x00,0x00,0x00,0x00,0x00,0x94,0xFF,0xFF,0xFF,0xFF,0x42,0x00,0x00,
  0x00,0x00,0x00,0x00,0x00,0x00,0x00,0x0A,0x28,0x86,0xFE,0xFF,0xFF,0xFF,0xAF,0x00,
  0x00,0x00,0x00,0x00,0x00,0x00,0x04,0xFF,0xFF,0xFF,0xFF,0xFF,0xFF,0xFF,0xE5,0x7C,
  0x03,0x00,0x00,0x00,0x00,0x00,0x00,0x00,0x04,0xFF,0xFF,0xFF,0xFF,0xFF,0xFF,0xFF,
  0xCC,0x66,0x02,0x00,0x00,0x00,0x00,0x00,0x00,0x00,0x04,0xFF,0xFF,0xFF,0xFF,0xFF,
  0xFF,0xFF,0xFF,0xFF,0xB7,0x08,0x00,0x00,0x00,0x00,0x00,0x00,0x00,0x00,0x00,0x06,
  0x21,0x64,0xE3,0xFF,0xFF,0xFF,0xFF,0x7B,0x00,0x00,0x00,0x00,0x00,0x00,0x00,0x00,
  0x00,0x00,0x00,0x00,0x25,0xFD,0xFF,0xFF,0xFF,0xD7,0x00,0x00,0x00,0x00,0x00,0x00,
  0x00,0x00,0x00,0x00,0x00,0x00,0x00,0xE3,0xFF,0xFF,0xFF,0xF9,0x00,0x00,0x00,0x00,
  0x00,0x00,0x00,0x00,0x00,0x00,0x00,0x00,0x23,0xFC,0xFF,0xFF,0xFF,0xE9,0x00,0x00,
  0x00,0x41,0xC9,0x82,0x43,0x26,0x0E,0x08,0x21,0x69,0xE1,0xFF,0xFF,0xFF,0xFF,0xA2,
  0x00,0x00,0x00,0x44,0xFF,0xFF,0xFF,0xFF,0xFF,0xFF,0xFF,0xFF,0xFF,0xFF,0xFF,0xFF,
  0xEE,0x20,0x00,0x00,0x00,0x44,0xFF,0xFF,0xFF,0xFF,0xFF,0xFF,0xFF,0xFF,0xFF,0xFF,
  0xFF,0xCC,0x28,0x00,0x00,0x00,0x00,0x02,0x33,0x76,0xB4,0xD3,0xE9,0xFB,0xF6,0xE6,
  0xC4,0x91,0x43,0x00,0x00,0x00,0x00,0x00,0x00,0x00,0x00,0x00,0x00,0x00,0x00,0x00,
  0x95,0xFF,0xFF,0xFF,0xFF,0xFF,0x30,0x00,0x00,0x00,0x00,0x00,0x00,0x00,0x00,0x00,
  0x00,0x47,0xFF,0xFF,0xFF,0xFF,0xFF,0xFF,0x30,0x00,0x00,0x00,0x00,0x00,0x00,0x00,
  0x00,0x00,0x12,0xE5,0xFF,0xFF,0xFF,0xFF,0xFF,0xFF,0x30,0x00,0x00,0x00,0x00,0x00,
  0x00,0x00,0x00,0x00,0xA9,0xFF,0xFF,0xFF,0xFF,0xFF,0xFF,0xFF,0x30,0x00,0x00,0x00,
  0x00,0x00,0x00,0x00,0x00,0x5B,0xFF,0xFF,0xFE,0xB0,0xFF,0xFF,0xFF,0xFF,0x30,0x00,
  0x00,0x00,0x00,0x00,0x00,0x00,0x1C,0xEF,0xFF,0xFF,0x97,0x6C,0xFF,0xFF,0xFF,0xFF,
  0x30,0x00,0x00,0x00,0x00,0x00,0x00,0x01,0xBC,0xFF,0xFF,0xDE,0x0C,0x6C,0xFF,0xFF,
  0xFF,0xFF,0x30,0x00,0x00,0x00,0x00,0x00,0x00,0x6F,0xFF,0xFF,0xFE,0x40,0x00,0x6C,
  0xFF,0xFF,0xFF,0xFF,0x30,0x00,0x00,0x00,0x00,0x00,0x29,0xF7,0xFF,0xFF,0x92,0x00,
  0x00,0x6C,0xFF,0xFF,0xFF,0xFF,0x30,0x00,0x00,0x00,0x00,0x05,0xCC,0xFF,0xFF,0xDB,
  0x0A,0x00,0x00,0x6C,0xFF,0xFF,0xFF,0xFF,0x30,0x00,0x00,0x00,0x00,0x83,0xFF,0xFF,
  0xFD,0x3C,0x00,0x00,0x00,0x6C,0xFF,0xFF,0xFF,0xFF,0x30,0x00,0x00,0x00,0x00,0xD4,
  0xFF,0xFF,0x8E,0x00,0x00,0x00,0x00,0x6C,0xFF,0xFF,0xFF,0xFF,0x30,0x00,0x00,0x00,
  0x00,0xD4,0xFF,0xFF,0xFF,0xFF,0xFF,0xFF,0xFF,0xFF,0xFF,0xFF,0xFF,0xFF,0xFF,0xFF,
  0xE4,0x00,0x00,0xD4,0xFF,0xFF,0xFF,0xFF,0xFF,0xFF,0xFF,0xFF,0xFF,0xFF,0xFF,0xFF,
  0xFF,0xFF,0xE4,0x00,0x00,0xD4,0xFF,0xFF,0xFF,0xFF,0xFF,0xFF,0xFF,0xFF,0xFF,0xFF,
  0xFF,0xFF,0xFF,0xFF,0xE4,0x00,0x00,0x00,0x00,0x00,0x00,0x00,0x00,0x00,0x00,0x6C,
  0xFF,0xFF,0xFF,0xFF,0x30,0x00,0x00,0x00,0x00,0x00,0x00,0x00,0x00,0x00,0x00,0x00,
  0x00,0x6C,0xFF,0xFF,0xFF,0xFF,0x30,0x00,0x00,0x00,0x00,0x00,0x00,0x00,0x00,0x00,
  0x00,0x00,0x00,0x6C,0xFF,0xFF,0xFF,0xFF,0x30,0x00,0x00,0x00,0x00,0x00,0x00,0x00,
  0x00,0x00,0x00,0x00,0x00,0x6C,0xFF,0xFF,0xFF,0xFF,0x30,0x00,0x00,0x00,0x00,0x00,
  0x40,0xFF,0xFF,0xFF,0xFF,0xFF,0xFF,0xFF,0xFF,0xFF,0xFF,0xFF,0xE8,0x00,0x00,0x00,
  0x00,0x00,0x40,0xFF,0xFF,0xFF,0xFF,0xFF,0xFF,0xFF,0xFF,0xFF,0xFF,0xFF,0xE8,0x00,
  0x00,0x00,0x00,0x00,0x40,0xFF,0xFF,0xFF,0xFF,0xFF,0xFF,0xFF,0xFF,0xFF,0xFF,0xFF,
  0xE8,0x00,0x00,0x00,0x00,0x00,0x40,0xFF,0xFF,0xFF,0xA8,0x00,0x00,0x00,0x00,0x00,
  0x00,0x00,0x00,0x00,0x00,0x00,0x00,0x00,0x40,0xFF,0xFF,0xFF,0xA8,0x00,0x00,0x00,
  0x00,0x00,0x00,0x00,0x00,0x00,0x00,0x00,0x00,0x00,0x40,0xFF,0xFF,0xFF,0xA8,0x00,
  0x00,0x00,0x00,0x00,0x00,0x00,0x00,0x00,0x00,0x00,0x00,0x00,0x40,0xFF,0xFF,0xFF,
  0xE9,0xDD,0xF7,0xF6,0xE2,0xAF,0x5E,0x06,0x00,0x00,0x00,0x00,0x00,0x00,0x40,0xFF,
  0xFF,0xFF,0xFF,0xFF,0xFF,0xFF,0xFF,0xFF,0xFF,0xD7,0x2C,0x00,0x00,0x00,0x00,0x00,
  0x40,0xFF,0xFF,0xFF,0xFF,0xFF,0xFF,0xFF,0xFF,0xFF,0xFF,0xFF,0xE8,0x1D,0x00,0x00,
  0x00,0x00,0x3D,0xC0,0x73,0x3C,0x1F,0x08,0x24,0x71,0xF0,0xFF,0xFF,0xFF,0xFF,0xA3,
  0x00,0x00,0x00,0x00,0x00,0x00,0x00,0x00,0x00,0x00,0x00,0x00,0x35,0xFD,0xFF,0xFF,
  0xFF,0xF7,0x09,0x00,0x00,0x00,0x00,0x00,0x00,0x00,0x00,0x00,0x00,0x00,0x00,0xBF,
  0xFF,0xFF,0xFF,0xFF,0x32,0x00,0x00,0x00,0x00,0x00,0x00,0x00,0x00,0x00,0x00,0x00,
  0x00,0xA2,0xFF,0xFF,0xFF,0xFF,0x42,0x00,0x00,0x00,0x00,0x00,0x00,0x00,0x00,0x00,
  0x00,0x00,0x00,0xBF,0xFF,0xFF,0xFF,0xFF,0x30,0x00,0x00,0x00,0x00,0x00,0x00,0x00,
  0x00,0x00,0x00,0x00,0x35,0xFD,0xFF,0xFF,0xFF,0xF2,0x07,0x00,0x00,0x00,0xDF,0x9D,
  0x5C,0x32,0x19,0x07,0x23,0x70,0xF0,0xFF,0xFF,0xFF,0xFF,0x94,0x00,0x00,0x00,0x00,
  0xFF,0xFF,0xFF,0xFF,0xFF,0xFF,0xFF,0xFF,0xFF,0xFF,0xFF,0xFF,0xD7,0x11,0x00,0x00,
  0x00,0x00,0xFF,0xFF,0xFF,0xFF,0xFF,0xFF,0xFF,0xFF,0xFF,0xFF,0xFF,0xB7,0x18,0x00,
  0x00,0x00,0x00,0x00,0x1F,0x5C,0x99,0xC7,0xDC,0xF0,0xFB,0xEE,0xD0,0x98,0x3E,0x00,
  0x00,0x00,0x00,0x00,0x00,0x00,0x00,0x00,0x00,0x00,0x32,0x8D,0xCE,0xEA,0xF9,0xE5,
  0xCC,0x99,0x4A,0x07,0x00,0x00,0x00,0x00,0x00,0x00,0x0D,0xA6,0xFE,0xFF,0xFF,0xFF,
  0xFF,0xFF,0xFF,0xFF,0xFF,0x74,0x00,0x00,0x00,0x00,0x00,0x12,0xD0,0xFF,0xFF,0xFF,
  0xFF,0xFF,0xFF,0xFF,0xFF,0xFF,0xFF,0x74,0x00,0x00,0x00,0x00,0x00,0xB0,0xFF,0xFF,
  0xFF,0xFB,0x8E,0x31,0x0A,0x0C,0x2B,0x58,0xA4,0x6A,0x00,0x00,0x00,0x00,0x48,0xFF,
  0xFF,0xFF,0xFF,0x4E,0x00,0x00,0x00,0x00,0x00,0x00,0x00,0x00,0x00,0x00,0x00,0x00,
  0xB6,0xFF,0xFF,0xFF,0xB1,0x00,0x00,0x00,0x00,0x00,0x00,0x00,0x00,0x00,0x00,0x00,
  0x00,0x06,0xF7,0xFF,0xFF,0xFF,0x6F,0x78,0xCB,0xF3,0xF9,0xE2,0xA7,0x3F,0x00,0x00,
  0x00,0x00,0x00,0x36,0xFF,0xFF,0xFF,0xFF,0xF9,0xFF,0xFF,0xFF,0xFF,0xFF,0xFF,0xFF,
  0x98,0x03,0x00,0x00,0x00,0x4F,0xFF,0xFF,0xFF,0xFF,0xFF,0xFF,0xFF,0xFF,0xFF,0xFF,
  0xFF,0xFF,0xFF,0x8A,0x00,0x00,0x00,0x5F,0xFF,0xFF,0xFF,0xFF,0xFF,0xD2,0x34,0x0D,
  0x47,0xE7,0xFF,0xFF,0xFF,0xFB,0x23,0x00,0x00,0x58,0xFF,0xFF,0xFF,0xFF,0xFF,0x35,
  0x00,0x00,0x00,0x61,0xFF,0xFF,0xFF,0xFF,0x76,0x00,0x00,0x48,0xFF,0xFF,0xFF,0xFF,
  0xF2,0x00,0x00,0x00,0x00,0x1F,0xFF,0xFF,0xFF,0xFF,0xA0,0x00,0x00,0x21,0xFF,0xFF,
  0xFF,0xFF,0xDE,0x00,0x00,0x00,0x00,0x0B,0xFF,0xFF,0xFF,0xFF,0xA8,0x00,0x00,0x00,
  0xE8,0xFF,0xFF,0xFF,0xF2,0x00,0x00,0x00,0x00,0x1F,0xFF,0xFF,0xFF,0xFF,0x90,0x00,
  0x00,0x00,0x8F,0xFF,0xFF,0xFF,0xFF,0x35,0x00,0x00,0x00,0x61,0xFF,0xFF,0xFF,0xFF,
  0x53,0x00,0x00,0x00,0x21,0xF5,0xFF,0xFF,0xFF,0xD2,0x33,0x0C,0x46,0xE7,0xFF,0xFF,
  0xFF,0xE2,0x07,0x00,0x00,0x00,0x00,0x68,0xFF,0xFF,0xFF,0xFF,0xFF,0xFF,0xFF,0xFF,
  0xFF,0xFF,0xFB,0x46,0x00,0x00,0x00,0x00,0x00,0x00,0x68,0xF6,0xFF,0xFF,0xFF,0xFF,
  0xFF,0xFF,0xFF,0xED,0x4B,0x00,0x00,0x00,0x00,0x00,0x00,0x00,0x00,0x1D,0x86,0xCE,
  0xEE,0xFB,0xEB,0xC0,0x76,0x10,0x00,0x00,0x00,0x00,0x00,0x44,0xFF,0xFF,0xFF,0xFF,
  0xFF,0xFF,0xFF,0xFF,0xFF,0xFF,0xFF,0xFF,0xFF,0xFF,0x04,0x00,0x00,0x44,0xFF,0xFF,
  0xFF,0xFF,0xFF,0xFF,0xFF,0xFF,0xFF,0xFF,0xFF,0xFF,0xFF,0xFF,0x04,0x00,0x00,0x44,
  0xFF,0xFF,0xFF,0xFF,0xFF,0xFF,0xFF,0xFF,0xFF,0xFF,0xFF,0xFF,0xFF,0xFD,0x03,0x00,
  0x00,0x00,0x00,0x00,0x00,0x00,0x00,0x00,0x00,0x00,0x59,0xFF,0xFF,0xFF,0xFF,0xAE,
  0x00,0x00,0x00,0x00,0x00,0x00,0x00,0x00,0x00,0x00,0x00,0x00,0xC8,0xFF,0xFF,0xFF,
  0xFF,0x3A,0x00,0x00,0x00,0x00,0x00,0x00,0x00,0x00,0x00,0x00,0x00,0x38,0xFF,0xFF,
  0xFF,0xFF,0xC5,0x00,0x00,0x00,0x00,0x00,0x00,0x00,0x00,0x00,0x00,0x00,0x00,0xA9,
  0xFF,0xFF,0xFF,0xFF,0x51,0x00,0x00,0x00,0x00,0x00,0x00,0x00,0x00,0x00,0x00,0x00,
  0x1C,0xFB,0xFF,0xFF,0xFF,0xDA,0x02,0x00,0x00,0x00,0x00,0x00,0x00,0x00,0x00,0x00,
  0x00,0x00,0x89,0xFF,0xFF,0xFF,0xFF,0x68,0x00,0x00,0x00,0x00,0x00,0x00,0x00,0x00,
  0x00,0x00,0x00,0x0A,0xED,0xFF,0xFF,0xFF,0xEB,0x09,0x00,0x00,0x00,0x00,0x00,0x00,
  0x00,0x00,0x00,0x00,0x00,0x69,0xFF,0xFF,0xFF,0xFF,0x80,0x00,0x00,0x00,0x00,0x00,
  0x00,0x00,0x00,0x00,0x00,0x00,0x01,0xD7,0xFF,0xFF,0xFF,0xF6,0x15,0x00,0x00,0x00,
  0x00,0x00,0x00,0x00,0x00,0x00,0x00,0x00,0x49,0xFF,0xFF,0xFF,0xFF,0x97,0x00,0x00,
  0x00,0x00,0x00,0x00,0x00,0x00,0x00,0x00,0x00,0x00,0xB9,0xFF,0xFF,0xFF,0xFD,0x25,
  0x00,0x00,0x00,0x00,0x00,0x00,0x00,0x00,0x00,0x00,0x00,0x29,0xFE,0xFF,0xFF,0xFF,
  0xAF,0x00,0x00,0x00,0x00,0x00,0x00,0x00,0x00,0x00,0x00,0x00,0x00,0x99,0xFF,0xFF,
  0xFF,0xFF,0x3A,0x00,0x00,0x00,0x00,0x00,0x00,0x00,0x00,0x00,0x00,0x00,0x12,0xF5,
  0xFF,0xFF,0xFF,0xC6,0x00,0x00,0x00,0x00,0x00,0x00,0x00,0x00,0x00,0x00,0x00,0x00,
  0x79,0xFF,0xFF,0xFF,0xFF,0x52,0x00,0x00,0x00,0x00,0x00,0x00,0x00,0x00,0x00,0x00,
  0x00,0x04,0xE3,0xFF,0xFF,0xFF,0xDB,0x02,0x00,0x00,0x00,0x00,0x00,0x00,0x00,0x00,
  0x00,0x00,0x00,0x00,0x21,0x82,0xC2,0xE9,0xF8,0xF9,0xEB,0xC6,0x89,0x29,0x00,0x00,
  0x00,0x00,0x00,0x00,0x00,0x70,0xF9,0xFF,0xFF,0xFF,0xFF,0xFF,0xFF,0xFF,0xFF,0xFC,
  0x81,0x00,0x00,0x00,0x00,0x00,0x4F,0xFF,0xFF,0xFF,0xFF,0xFF,0xFF,0xFF,0xFF,0xFF,
  0xFF,0xFF,0xFF,0x63,0x00,0x00,0x00,0x00,0xC3,0xFF,0xFF,0xFF,0xFF,0x86,0x16,0x12,
  0x75,0xFF,0xFF,0xFF,0xFF,0xD6,0x00,0x00,0x00,0x00,0xF3,0xFF,0xFF,0xFF,0xD0,0x00,
  0x00,0x00,0x00,0xC0,0xFF,0xFF,0xFF,0xFF,0x07,0x00,0x00,0x00,0xEF,0xFF,0xFF,0xFF,
  0xA9,0x00,0x00,0x00,0x00,0x99,0xFF,0xFF,0xFF,0xFC,0x05,0x00,0x00,0x00,0xC0,0xFF,
  0xFF,0xFF,0xCF,0x00,0x00,0x00,0x00,0xC0,0xFF,0xFF,0xFF,0xD2,0x00,0x00,0x00,0x00,
  0x46,0xFE,0xFF,0xFF,0xFF,0x83,0x15,0x12,0x75,0xFF,0xFF,0xFF,0xFF,0x55,0x00,0x00,
  0x00,0x00,0x00,0x59,0xF0,0xFF,0xFF,0xFF,0xFF,0xFF,0xFF,0xFF,0xFF,0xF3,0x65,0x00,
  0x00,0x00,0x00,0x00,0x00,0x00,0x40,0xE7,0xFF,0xFF,0xFF,0xFF,0xFF,0xFF,0xED,0x4A,
  0x00,0x00,0x00,0x00,0x00,0x00,0x10,0xB2,0xFF,0xFF,0xFF,0xFF,0xFF,0xFF,0xFF,0xFF,
  0xFF,0xFF,0xBE,0x16,0x00,0x00,0x00,0x00,0xB5,0xFF,0xFF,0xFF,0xEF,0x5A,0x13,0x0F,
  0x4F,0xE7,0xFF,0xFF,0xFF,0xC8,0x01,0x00,0x00,0x2F,0xFF,0xFF,0xFF,0xFF,0x6D,0x00,
  0x00,0x00,0x00,0x5C,0xFF,0xFF,0xFF,0xFF,0x43,0x00,0x00,0x5A,0xFF,0xFF,0xFF,0xFF,
  0x3E,0x00,0x00,0x00,0x00,0x2F,0xFF,0xFF,0xFF,0xFF,0x6E,0x00,0x00,0x56,0xFF,0xFF,
  0xFF,0xFF,0x6B,0x00,0x00,0x00,0x00,0x5C,0xFF,0xFF,0xFF,0xFF,0x69,0x00,0x00,0x1F,
  0xFF,0xFF,0xFF,0xFF,0xEE,0x57,0x12,0x0F,0x4F,0xE7,0xFF,0xFF,0xFF,0xFF,0x32,0x00,
  0x00,0x00,0xA4,0xFF,0xFF,0xFF,0xFF,0xFF,0xFF,0xFF,0xFF,0xFF,0xFF,0xFF,0xFF,0xB7,
  0x00,0x00,0x00,0x00,0x09,0xAA,0xFF,0xFF,0xFF,0xFF,0xFF,0xFF,0xFF,0xFF,0xFF,0xFF,
  0xB8,0x0F,0x00,0x00,0x00,0x00,0x00,0x00,0x39,0x91,0xC9,0xEB,0xFA,0xFA,0xED,0xCD,
  0x98,0x42,0x00,0x00,0x00,0x00,0x00,0x00,0x00,0x00,0x0E,0x73,0xBD,0xE9,0xFA,0xEC,
  0xCC,0x85,0x1D,0x00,0x00,0x00,0x00,0x00,0x00,0x00,0x00,0x46,0xEA,0xFF,0xFF,0xFF,
  0xFF,0xFF,0xFF,0xFF,0xF6,0x67,0x00,0x00,0x00,0x00,0x00,0x00,0x40,0xF9,0xFF,0xFF,
  0xFF,0xFF,0xFF,0xFF,0xFF,0xFF,0xFF,0xFF,0x68,0x00,0x00,0x00,0x00,0x05,0xDD,0xFF,
  0xFF,0xFF,0xED,0x4F,0x0D,0x31,0xD0,0xFF,0xFF,0xFF,0xF6,0x22,0x00,0x00,0x00,0x4C,
  0xFF,0xFF,0xFF,0xFF,0x6E,0x00,0x00,0x00,0x2E,0xFF,0xFF,0xFF,0xFF,0x92,0x00,0x00,
  0x00,0x8A,0xFF,0xFF,0xFF,0xFF,0x2A,0x00,0x00,0x00,0x00,0xE8,0xFF,0xFF,0xFF,0xED,
  0x01,0x00,0x00,0xA1,0xFF,0xFF,0xFF,0xFF,0x16,0x00,0x00,0x00,0x00,0xD3,0xFF,0xFF,
  0xFF,0xFF,0x26,0x00,0x00,0x99,0xFF,0xFF,0xFF,0xFF,0x2A,0x00,0x00,0x00,0x00,0xE8,
  0xFF,0xFF,0xFF,0xFF,0x4F,0x00,0x00,0x70,0xFF,0xFF,0xFF,0xFF,0x6D,0x00,0x00,0x00,
  0x2C,0xFF,0xFF,0xFF,0xFF,0xFF,0x5F,0x00,0x00,0x1F,0xFA,0xFF,0xFF,0xFF,0xEC,0x4D,
  0x0D,0x30,0xCD,0xFF,0xFF,0xFF,0xFF,0xFF,0x66,0x00,0x00,0x00,0x86,0xFF,0xFF,0xFF,
  0xFF,0xFF,0xFF,0xFF,0xFF,0xFF,0xFF,0xFF,0xFF,0xFF,0x56,0x00,0x00,0x00,0x02,0x95,
  0xFF,0xFF,0xFF,0xFF,0xFF,0xFF,0xFF,0xF7,0xFF,0xFF,0xFF,0xFF,0x3D,0x00,0x00,0x00,
  0x00,0x00,0x3E,0xA6,0xE2,0xF9,0xF4,0xCC,0x7A,0x67,0xFF,0xFF,0xFF,0xFA,0x0A,0x00,
  0x00,0x00,0x00,0x00,0x00,0x00,0x00,0x00,0x00,0x00,0x00,0xA9,0xFF,0xFF,0xFF,0xBC,
  0x00,0x00,0x00,0x00,0x00,0x00,0x00,0x00,0x00,0x00,0x00,0x00,0x48,0xFE,0xFF,0xFF,
  0xFF,0x4D,0x00,0x00,0x00,0x00,0x5D,0xB3,0x5D,0x2B,0x0D,0x08,0x2E,0x89,0xFA,0xFF,
  0xFF,0xFF,0xB5,0x01,0x00,0x00,0x00,0x00,0x64,0xFF,0xFF,0xFF,0xFF,0xFF,0xFF,0xFF,
  0xFF,0xFF,0xFF,0xD3,0x14,0x00,0x00,0x00,0x00,0x00,0x64,0xFF,0xFF,0xFF,0xFF,0xFF,
  0xFF,0xFF,0xFF,0xFF,0xAA,0x0F,0x00,0x00,0x00,0x00,0x00,0x00,0x06,0x48,0x98,0xCD,
  0xE6,0xFA,0xEC,0xD0,0x8F,0x34,0x00,0x00,0x00,0x00,0x00,0x00,0x00,0x00,0x58,0xFF,
  0xFF,0xFF,0xFF,0x38,0x00,0x00,0x00,0x00,0x58,0xFF,0xFF,0xFF,0xFF,0x38,0x00,0x00,
  0x00,0x00,0x58,0xFF,0xFF,0xFF,0xFF,0x38,0x00,0x00,0x00,0x00,0x58,0xFF,0xFF,0xFF,
  0xFF,0x38,0x00,0x00,0x00,0x00,0x58,0xFF,0xFF,0xFF,0xFF,0x38,0x00,0x00,0x00,0x00,
  0x18,0xFF,0xFF,0xFF,0xFF,0x7C,0x00,0x00,0x00,0x00,0x18,0xFF,0xFF,0xFF,0xFF,0x7C,
  0x00,0x00,0x00,0x00,0x18,0xFF,0xFF,0xFF,0xFF,0x7C,0x00,0x00,0x00,0x00,0x18,0xFF,
  0xFF,0xFF,0xFF,0x7C,0x00,0x00,0x00,0x00,0x18,0xFF,0xFF,0xFF,0xFF,0x7C,0x00,0x00,
  0x00,0x00,0x00,0x00,0x00,0x00,0x00,0x00,0x00,0x00,0x00,0x00,0x00,0x00,0x00,0x00,
  0x00,0x00,0x00,0x00,0x00,0x00,0x00,0x00,0x00,0x00,0x00,0x00,0x00,0x00,0x00,0x00,
  0x00,0x00,0x00,0x00,0x00,0x00,0x00,0x00,0x00,0x00,0x18,0xFF,0xFF,0xFF,0xFF,0x7C,
  0x00,0x00,0x00,0x00,0x18,0xFF,0xFF,0xFF,0xFF,0x7C,0x00,0x00,0x00,0x00,0x18,0xFF,
  0xFF,0xFF,0xFF,0x7C,0x00,0x00,0x00,0x00,0x18,0xFF,0xFF,0xFF,0xFF,0x7C,0x00,0x00,
  0x00,0x00,0x18,0xFF,0xFF,0xFF,0xFF,0x7C,0x00,0x00,0x00,0x98,0xFF,0xFF,0xFF,0xFF,
  0xFF,0xFF,0xFF,0x60,0x00,0x00,0x98,0xFF,0xFF,0xFF,0xFF,0xFF,0xFF,0xFF,0x60,0x00,
  0x00,0x98,0xFF,0xFF,0xFF,0xFF,0xFF,0xFF,0xFF,0x60,0x00,0x00,0x98,0xFF,0xFF,0xFF,
  0xFF,0xFF,0xFF,0xFF,0x60,0x00,0x00,0x00,0x00,0x00,0x00,0x00,0x00,0x00,0x00,0x00,
  0x00,0x00,0x00,0x00,0x00,0x00,0x00,0x00,0x00,0x00,0x00,0x00,0x00,0x00,0x00,0x00,
  0x00,0x00,0x00,0x00,0x00,0x00,0x00,0x00,0x00,0x00,0x00,0x00,0x00,0x00,0x00,0x00,
  0x00,0x00,0x00,0x00,0x00,0x00,0x00,0x00,0x00,0x00,0x00,0x00,0x00,0x00,0x00,0x00,
  0x00,0x00,0x00,0x00,0x00,0x00,0x00,0x00,
};

// VLW_BIG: 42 px, 13 glifi, 9935 byte
const uint8_t VLW_BIG[] PROGMEM = {
  0x00,0x00,0x00,0x0D,0x00,0x00,0x00,0x0B,0x00,0x00,0x00,0x2A,0x00,0x00,0x00,0x00,
  0x00,0x00,0x00,0x27,0x00,0x00,0x00,0x0A,0x00,0x00,0x00,0x30,0x00,0x00,0x00,0x20,
  0x00,0x00,0x00,0x1D,0x00,0x00,0x00,0x1D,0x00,0x00,0x00,0x20,0x00,0x00,0x00,0x00,
  0x00,0x00,0x00,0x00,0x00,0x00,0x00,0x31,0x00,0x00,0x00,0x1F,0x00,0x00,0x00,0x1D,
  0x00,0x00,0x00,0x1D,0x00,0x00,0x00,0x1F,0x00,0x00,0x00,0x00,0x00,0x00,0x00,0x00,
  0x00,0x00,0x00,0x32,0x00,0x00,0x00,0x20,0x00,0x00,0x00,0x1D,0x00,0x00,0x00,0x1D,
  0x00,0x00,0x00,0x20,0x00,0x00,0x00,0x00,0x00,0x00,0x00,0x00,0x00,0x00,0x00,0x33,
  0x00,0x00,0x00,0x20,0x00,0x00,0x00,0x1D,0x00,0x00,0x00,0x1D,0x00,0x00,0x00,0x20,
  0x00,0x00,0x00,0x00,0x00,0x00,0x00,0x00,0x00,0x00,0x00,0x34,0x00,0x00,0x00,0x1F,
  0x00,0x00,0x00,0x1D,0x00,0x00,0x00,0x1D,0x00,0x00,0x00,0x1F,0x00,0x00,0x00,0x00,
  0x00,0x00,0x00,0x00,0x00,0x00,0x00,0x35,0x00,0x00,0x00,0x1F,0x00,0x00,0x00,0x1D,
  0x00,0x00,0x00,0x1D,0x00,0x00,0x00,0x1F,0x00,0x00,0x00,0x00,0x00,0x00,0x00,0x00,
  0x00,0x00,0x00,0x36,0x00,0x00,0x00,0x20,0x00,0x00,0x00,0x1D,0x00,0x00,0x00,0x1D,
  0x00,0x00,0x00,0x20,0x00,0x00,0x00,0x00,0x00,0x00,0x00,0x00,0x00,0x00,0x00,0x37,
  0x00,0x00,0x00,0x1F,0x00,0x00,0x00,0x1D,0x00,0x00,0x00,0x1D,0x00,0x00,0x00,0x1F,
  0x00,0x00,0x00,0x00,0x00,0x00,0x00,0x00,0x00,0x00,0x00,0x38,0x00,0x00,0x00,0x20,
  0x00,0x00,0x00,0x1D,0x00,0x00,0x00,0x1D,0x00,0x00,0x00,0x20,0x00,0x00,0x00,0x00,
  0x00,0x00,0x00,0x00,0x00,0x00,0x00,0x39,0x00,0x00,0x00,0x20,0x00,0x00,0x00,0x1D,
  0x00,0x00,0x00,0x1D,0x00,0x00,0x00,0x20,0x00,0x00,0x00,0x00,0x00,0x00,0x00,0x00,
  0x00,0x00,0x00,0x2E,0x00,0x00,0x00,0x08,0x00,0x00,0x00,0x10,0x00,0x00,0x00,0x10,
  0x00,0x00,0x00,0x08,0x00,0x00,0x00,0x00,0x00,0x00,0x00,0x00,0x00,0x00,0x00,0x2D,
  0x00,0x00,0x00,0x0F,0x00,0x00,0x00,0x11,0x00,0x00,0x00,0x11,0x00,0x00,0x00,0x0F,
  0x00,0x00,0x00,0x00,0x00,0x00,0x00,0x00,0x00,0x00,0x00,0x20,0x00,0x00,0x00,0x00,
  0x00,0x00,0x00,0x00,0x00,0x00,0x00,0x0F,0x00,0x00,0x00,0x00,0x00,0x00,0x00,0x00,
  0x00,0x00,0x00,0x00,0x00,0x00,0x00,0x00,0x00,0x00,0x00,0x00,0x00,0x12,0x66,0xAA,
  0xD7,0xF2,0xFC,0xF5,0xDF,0xB7,0x78,0x22,0x00,0x00,0x00,0x00,0x00,0x00,0x00,0x00,
  0x00,0x00,0x00,0x00,0x00,0x00,0x00,0x00,0x0D,0x8C,0xF7,0xFF,0xFF,0xFF,0xFF,0xFF,
  0xFF,0xFF,0xFF,0xFF,0xFE,0xAD,0x21,0x00,0x00,0x00,0x00,0x00,0x00,0x00,0x00,0x00,
  0x00,0x00,0x00,0x00,0x2C,0xDE,0xFF,0xFF,0xFF,0xFF,0xFF,0xFF,0xFF,0xFF,0xFF,0xFF,
  0xFF,0xFF,0xFF,0xF3,0x53,0x00,0x00,0x00,0x00,0x00,0x00,0x00,0x00,0x00,0x00,0x00,
  0x2C,0xEE,0xFF,0xFF,0xFF,0xFF,0xFF,0xFF,0xFF,0xFF,0xFF,0xFF,0xFF,0xFF,0xFF,0xFF,
  0xFF,0xFD,0x59,0x00,0x00,0x00,0x00,0x00,0x00,0x00,0x00,0x00,0x0A,0xDD,0xFF,0xFF,
  0xFF,0xFF,0xFF,0xFF,0xFF,0xFF,0xFF,0xFF,0xFF,0xFF,0xFF,0xFF,0xFF,0xFF,0xFF,0xF9,
  0x2A,0x00,0x00,0x00,0x00,0x00,0x00,0x00,0x00,0x89,0xFF,0xFF,0xFF,0xFF,0xFF,0xFF,
  0xFF,0xA3,0x2E,0x09,0x1F,0x7E,0xFB,0xFF,0xFF,0xFF,0xFF,0xFF,0xFF,0xC2,0x01,0x00,
  0x00,0x00,0x00,0x00,0x00,0x24,0xFB,0xFF,0xFF,0xFF,0xFF,0xFF,0xFF,0x97,0x00,0x00,
  0x00,0x00,0x00,0x5E,0xFF,0xFF,0xFF,0xFF,0xFF,0xFF,0xFF,0x5A,0x00,0x00,0x00,0x00,
  0x00,0x00,0x87,0xFF,0xFF,0xFF,0xFF,0xFF,0xFF,0xF1,0x0E,0x00,0x00,0x00,0x00,0x00,
  0x00,0xC8,0xFF,0xFF,0xFF,0xFF,0xFF,0xFF,0xC1,0x00,0x00,0x00,0x00,0x00,0x02,0xE3,
  0xFF,0xFF,0xFF,0xFF,0xFF,0xFF,0xA5,0x00,0x00,0x00,0x00,0x00,0x00,0x00,0x6F,0xFF,
  0xFF,0xFF,0xFF,0xFF,0xFF,0xFE,0x22,0x00,0x00,0x00,0x00,0x37,0xFF,0xFF,0xFF,0xFF,
  0xFF,0xFF,0xFF,0x68,0x00,0x00,0x00,0x00,0x00,0x00,0x00,0x32,0xFF,0xFF,0xFF,0xFF,
  0xFF,0xFF,0xFF,0x72,0x00,0x00,0x00,0x00,0x6A,0xFF,0xFF,0xFF,0xFF,0xFF,0xFF,0xFF,
  0x3B,0x00,0x00,0x00,0x00,0x00,0x00,0x00,0x07,0xFC,0xFF,0xFF,0xFF,0xFF,0xFF,0xFF,
  0xA5,0x00,0x00,0x00,0x00,0x9C,0xFF,0xFF,0xFF,0xFF,0xFF,0xFF,0xFF,0x1D,0x00,0x00,
  0x00,0x00,0x00,0x00,0x00,0x00,0xE6,0xFF,0xFF,0xFF,0xFF,0xFF,0xFF,0xD6,0x00,0x00,
  0x00,0x00,0xC6,0xFF,0xFF,0xFF,0xFF,0xFF,0xFF,0xFF,0x07,0x00,0x00,0x00,0x00,0x00,
  0x00,0x00,0x00,0xD1,0xFF,0xFF,0xFF,0xFF,0xFF,0xFF,0xFD,0x04,0x00,0x00,0x00,0xD8,
  0xFF,0xFF,0xFF,0xFF,0xFF,0xFF,0xF6,0x00,0x00,0x00,0x00,0x00,0x00,0x00,0x00,0x00,
  0xC0,0xFF,0xFF,0xFF,0xFF,0xFF,0xFF,0xFF,0x12,0x00,0x00,0x00,0xE7,0xFF,0xFF,0xFF,
  0xFF,0xFF,0xFF,0xF0,0x00,0x00,0x00,0x00,0x00,0x00,0x00,0x00,0x00,0xBA,0xFF,0xFF,
  0xFF,0xFF,0xFF,0xFF,0xFF,0x21,0x00,0x00,0x00,0xF5,0xFF,0xFF,0xFF,0xFF,0xFF,0xFF,
  0xEA,0x00,0x00,0x00,0x00,0x00,0x00,0x00,0x00,0x00,0xB3,0xFF,0xFF,0xFF,0xFF,0xFF,
  0xFF,0xFF,0x30,0x00,0x00,0x00,0xF5,0xFF,0xFF,0xFF,0xFF,0xFF,0xFF,0xEB,0x00,0x00,
  0x00,0x00,0x00,0x00,0x00,0x00,0x00,0xB4,0xFF,0xFF,0xFF,0xFF,0xFF,0xFF,0xFF,0x30,
  0x00,0x00,0x00,0xE7,0xFF,0xFF,0xFF,0xFF,0xFF,0xFF,0xF1,0x00,0x00,0x00,0x00,0x00,
  0x00,0x00,0x00,0x00,0xBA,0xFF,0xFF,0xFF,0xFF,0xFF,0xFF,0xFF,0x21,0x00,0x00,0x00,
  0xD9,0xFF,0xFF,0xFF,0xFF,0xFF,0xFF,0xF7,0x00,0x00,0x00,0x00,0x00,0x00,0x00,0x00,
  0x00,0xC1,0xFF,0xFF,0xFF,0xFF,0xFF,0xFF,0xFF,0x13,0x00,0x00,0x00,0xC7,0xFF,0xFF,
  0xFF,0xFF,0xFF,0xFF,0xFF,0x09,0x00,0x00,0x00,0x00,0x00,0x00,0x00,0x00,0xD3,0xFF,
  0xFF,0xFF,0xFF,0xFF,0xFF,0xFD,0x04,0x00,0x00,0x00,0x9D,0xFF,0xFF,0xFF,0xFF,0xFF,
  0xFF,0xFF,0x1F,0x00,0x00,0x00,0x00,0x00,0x00,0x00,0x00,0xE9,0xFF,0xFF,0xFF,0xFF,
  0xFF,0xFF,0xD7,0x00,0x00,0x00,0x00,0x6B,0xFF,0xFF,0xFF,0xFF,0xFF,0xFF,0xFF,0x3D,
  0x00,0x00,0x00,0x00,0x00,0x00,0x00,0x0A,0xFD,0xFF,0xFF,0xFF,0xFF,0xFF,0xFF,0xA6,
  0x00,0x00,0x00,0x00,0x38,0xFF,0xFF,0xFF,0xFF,0xFF,0xFF,0xFF,0x6A,0x00,0x00,0x00,
  0x00,0x00,0x00,0x00,0x36,0xFF,0xFF,0xFF,0xFF,0xFF,0xFF,0xFF,0x73,0x00,0x00,0x00,
  0x00,0x02,0xE4,0xFF,0xFF,0xFF,0xFF,0xFF,0xFF,0xA8,0x00,0x00,0x00,0x00,0x00,0x00,
  0x00,0x74,0xFF,0xFF,0xFF,0xFF,0xFF,0xFF,0xFF,0x23,0x00,0x00,0x00,0x00,0x00,0x88,
  0xFF,0xFF,0xFF,0xFF,0xFF,0xFF,0xF2,0x0F,0x00,0x00,0x00,0x00,0x00,0x00,0xCD,0xFF,
  0xFF,0xFF,0xFF,0xFF,0xFF,0xC2,0x00,0x00,0x00,0x00,0x00,0x00,0x25,0xFB,0xFF,0xFF,
  0xFF,0xFF,0xFF,0xFF,0x98,0x00,0x00,0x00,0x00,0x00,0x62,0xFF,0xFF,0xFF,0xFF,0xFF,
  0xFF,0xFF,0x5C,0x00,0x00,0x00,0x00,0x00,0x00,0x00,0x8B,0xFF,0xFF,0xFF,0xFF,0xFF,
  0xFF,0xFF,0xA3,0x2D,0x08,0x1E,0x7F,0xFC,0xFF,0xFF,0xFF,0xFF,0xFF,0xFF,0xC4,0x01,
  0x00,0x00,0x00,0x00,0x00,0x00,0x00,0x0A,0xDF,0xFF,0xFF,0xFF,0xFF,0xFF,0xFF,0xFF,
  0xFF,0xFF,0xFF,0xFF,0xFF,0xFF,0xFF,0xFF,0xFF,0xFF,0xF9,0x2C,0x00,0x00,0x00,0x00,
  0x00,0x00,0x00,0x00,0x00,0x2E,0xF0,0xFF,0xFF,0xFF,0xFF,0xFF,0xFF,0xFF,0xFF,0xFF,
  0xFF,0xFF,0xFF,0xFF,0xFF,0xFF,0xFE,0x5C,0x00,0x00,0x00,0x00,0x00,0x00,0x00,0x00,
  0x00,0x00,0x00,0x2E,0xE0,0xFF,0xFF,0xFF,0xFF,0xFF,0xFF,0xFF,0xFF,0xFF,0xFF,0xFF,
  0xFF,0xFF,0xF4,0x56,0x00,0x00,0x00,0x00,0x00,0x00,0x00,0x00,0x00,0x00,0x00,0x00,
  0x00,0x0E,0x8F,0xF8,0xFF,0xFF,0xFF,0xFF,0xFF,0xFF,0xFF,0xFF,0xFF,0xFF,0xAF,0x23,
  0x00,0x00,0x00,0x00,0x00,0x00,0x00,0x00,0x00,0x00,0x00,0x00,0x00,0x00,0x00,0x00,
  0x13,0x68,0xAC,0xD9,0xF3,0xFD,0xF6,0xE1,0xB8,0x7A,0x24,0x00,0x00,0x00,0x00,0x00,
  0x00,0x00,0x00,0x00,0x00,0x00,0x00,0x00,0x01,0x1B,0x3F,0x63,0x87,0xAB,0xCF,0xF2,
  0xFF,0xFF,0xFF,0xFF,0xFF,0xFF,0xFF,0x5C,0x00,0x00,0x00,0x00,0x00,0x00,0x00,0x00,
  0x00,0x00,0x00,0x00,0x00,0x44,0xFF,0xFF,0xFF,0xFF,0xFF,0xFF,0xFF,0xFF,0xFF,0xFF,
  0xFF,0xFF,0xFF,0xFF,0x5C,0x00,0x00,0x00,0x00,0x00,0x00,0x00,0x00,0x00,0x00,0x00,
  0x00,0x00,0x44,0xFF,0xFF,0xFF,0xFF,0xFF,0xFF,0xFF,0xFF,0xFF,0xFF,0xFF,0xFF,0xFF,
  0xFF,0x5C,0x00,0x00,0x00,0x00,0x00,0x00,0x00,0x00,0x00,0x00,0x00,0x00,0x00,0x44,
  0xFF,0xFF,0xFF,0xFF,0xFF,0xFF,0xFF,0xFF,0xFF,0xFF,0xFF,0xFF,0xFF,0xFF,0x5C,0x00,
  0x00,0x00,0x00,0x00,0x00,0x00,0x00,0x00,0x00,0x00,0x00,0x00,0x44,0xFF,0xFF,0xFF,
  0xFF,0xFF,0xFF,0xFF,0xFF,0xFF,0xFF,0xFF,0xFF,0xFF,0xFF,0x5C,0x00,0x00,0x00,0x00,
  0x00,0x00,0x00,0x00,0x00,0x00,0x00,0x00,0x00,0x44,0xFF,0xFF,0xFF,0xFF,0xFF,0xFF,
  0xFF,0xFF,0xFF,0xFF,0xFF,0xFF,0xFF,0xFF,0x5C,0x00,0x00,0x00,0x00,0x00,0x00,0x00,
  0x00,0x00,0x00,0x00,0x00,0x00,0x42,0xE5,0xC1,0x9D,0x7A,0x56,0x32,0x2A,0xFF,0xFF,
  0xFF,0xFF,0xFF,0xFF,0xFF,0x5C,0x00,0x00,0x00,0x00,0x00,0x00,0x00,0x00,0x00,0x00,
  0x00,0x00,0x00,0x00,0x00,0x00,0x00,0x00,0x00,0x00,0x1C,0xFF,0xFF,0xFF,0xFF,0xFF,
  0xFF,0xFF,0x5C,0x00,0x00,0x00,0x00,0x00,0x00,0x00,0x00,0x00,0x00,0x00,0x00,0x00,
  0x00,0x00,0x00,0x00,0x00,0x00,0x00,0x1C,0xFF,0xFF,0xFF,0xFF,0xFF,0xFF,0xFF,0x5C,
  0x00,0x00,0x00,0x00,0x00,0x00,0x00,0x00,0x00,0x00,0x00,0x00,0x00,0x00,0x00,0x00,
  0x00,0x00,0x00,0x00,0x1C,0xFF,0xFF,0xFF,0xFF,0xFF,0xFF,0xFF,0x5C,0x00,0x00,0x00,
  0x00,0x00,0x00,0x00,0x00,0x00,0x00,0x00,0x00,0x00,0x00,0x00,0x00,0x00,0x00,0x00,
  0x00,0x1C,0xFF,0xFF,0xFF,0xFF,0xFF,0xFF,0xFF,0x5C,0x00,0x00,0x00,0x00,0x00,0x00,
  0x00,0x00,0x00,0x00,0x00,0x00,0x00,0x00,0x00,0x00,0x00,0x00,0x00,0x00,0x1C,0xFF,
  0xFF,0xFF,0xFF,0xFF,0xFF,0xFF,0x5C,0x00,0x00,0x00,0x00,0x00,0x00,0x00,0x00,0x00,
  0x00,0x00,0x00,0x00,0x00,0x00,0x00,0x00,0x00,0x00,0x00,0x1C,0xFF,0xFF,0xFF,0xFF,
  0xFF,0xFF,0xFF,0x5C,0x00,0x00,0x00,0x00,0x00,0x00,0x00,0x00,0x00,0x00,0x00,0x00,
  0x00,0x00,0x00,0x00,0x00,0x00,0x00,0x00,0x1C,0xFF,0xFF,0xFF,0xFF,0xFF,0xFF,0xFF,
  0x5C,0x00,0x00,0x00,0x00,0x00,0x00,0x00,0x00,0x00,0x00,0x00,0x00,0x00,0x00,0x00,
  0x00,0x00,0x00,0x00,0x00,0x1C,0xFF,0xFF,0xFF,0xFF,0xFF,0xFF,0xFF,0x5C,0x00,0x00,
  0x00,0x00,0x00,0x00,0x00,0x00,0x00,0x00,0x00,0x00,0x00,0x00,0x00,0x00,0x00,0x00,
  0x00,0x00,0x1C,0xFF,0xFF,0xFF,0xFF,0xFF,0xFF,0xFF,0x5C,0x00,0x00,0x00,0x00,0x00,
  0x00,0x00,0x00,0x00,0x00,0x00,0x00,0x00,0x00,0x00,0x00,0x00,0x00,0x00,0x00,0x1C,
  0xFF,0xFF,0xFF,0xFF,0xFF,0xFF,0xFF,0x5C,0x00,0x00,0x00,0x00,0x00,0x00,0x00,0x00,
  0x00,0x00,0x00,0x00,0x00,0x00,0x00,0x00,0x00,0x00,0x00,0x00,0x1C,0xFF,0xFF,0xFF,
  0xFF,0xFF,0xFF,0xFF,0x5C,0x00,0x00,0x00,0x00,0x00,0x00,0x00,0x00,0x00,0x00,0x00,
  0x00,0x00,0x00,0x00,0x00,0x00,0x00,0x00,0x00,0x1C,0xFF,0xFF,0xFF,0xFF,0xFF,0xFF,
  0xFF,0x5C,0x00,0x00,0x00,0x00,0x00,0x00,0x00,0x00,0x00,0x00,0x00,0x00,0x00,0x00,
  0x00,0x00,0x00,0x00,0x00,0x00,0x1C,0xFF,0xFF,0xFF,0xFF,0xFF,0xFF,0xFF,0x5C,0x00,
  0x00,0x00,0x00,0x00,0x00,0x00,0x00,0x00,0x00,0x00,0x00,0x00,0x00,0x00,0x00,0x00,
  0x00,0x00,0x00,0x1C,0xFF,0xFF,0xFF,0xFF,0xFF,0xFF,0xFF,0x5C,0x00,0x00,0x00,0x00,
  0x00,0x00,0x00,0x00,0x00,0x00,0x00,0x00,0x00,0x00,0x00,0x00,0x00,0x00,0x00,0x00,
  0x1C,0xFF,0xFF,0xFF,0xFF,0xFF,0xFF,0xFF,0x5C,0x00,0x00,0x00,0x00,0x00,0x00,0x00,
  0x00,0x00,0x00,0x00,0x00,0x00,0x00,0x00,0x00,0x00,0x00,0x00,0x00,0x1C,0xFF,0xFF,
  0xFF,0xFF,0xFF,0xFF,0xFF,0x5C,0x00,0x00,0x00,0x00,0x00,0x00,0x00,0x00,0x00,0x00,
  0x00,0x00,0x00,0x00,0x00,0x00,0x00,0x00,0x00,0x00,0x1C,0xFF,0xFF,0xFF,0xFF,0xFF,
  0xFF,0xFF,0x5C,0x00,0x00,0x00,0x00,0x00,0x00,0x00,0x00,0x00,0x00,0x00,0x00,0x00,
  0x00,0x00,0x00,0x00,0x00,0x00,0x00,0x1C,0xFF,0xFF,0xFF,0xFF,0xFF,0xFF,0xFF,0x5C,
  0x00,0x00,0x00,0x00,0x00,0x00,0x00,0x00,0x00,0x00,0x00,0x00,0x00,0x14,0xFF,0xFF,
  0xFF,0xFF,0xFF,0xFF,0xFF,0xFF,0xFF,0xFF,0xFF,0xFF,0xFF,0xFF,0xFF,0xFF,0xFF,0xFF,
  0xFF,0xFF,0xFF,0x54,0x00,0x00,0x00,0x00,0x00,0x00,0x14,0xFF,0xFF,0xFF,0xFF,0xFF,
  0xFF,0xFF,0xFF,0xFF,0xFF,0xFF,0xFF,0xFF,0xFF,0xFF,0xFF,0xFF,0xFF,0xFF,0xFF,0xFF,
  0x54,0x00,0x00,0x00,0x00,0x00,0x00,0x14,0xFF,0xFF,0xFF,0xFF,0xFF,0xFF,0xFF,0xFF,
  0xFF,0xFF,0xFF,0xFF,0xFF,0xFF,0xFF,0xFF,0xFF,0xFF,0xFF,0xFF,0xFF,0x54,0x00,0x00,
  0x00,0x00,0x00,0x00,0x14,0xFF,0xFF,0xFF,0xFF,0xFF,0xFF,0xFF,0xFF,0xFF,0xFF,0xFF,
  0xFF,0xFF,0xFF,0xFF,0xFF,0xFF,0xFF,0xFF,0xFF,0xFF,0x54,0x00,0x00,0x00,0x00,0x00,
  0x00,0x14,0xFF,0xFF,0xFF,0xFF,0xFF,0xFF,0xFF,0xFF,0xFF,0xFF,0xFF,0xFF,0xFF,0xFF,
  0xFF,0xFF,0xFF,0xFF,0xFF,0xFF,0xFF,0x54,0x00,0x00,0x00,0x00,0x00,0x00,0x14,0xFF,
  0xFF,0xFF,0xFF,0xFF,0xFF,0xFF,0xFF,0xFF,0xFF,0xFF,0xFF,0xFF,0xFF,0xFF,0xFF,0xFF,
  0xFF,0xFF,0xFF,0xFF,0x54,0x00,0x00,0x00,0x00,0x00,0x00,0x00,0x00,0x04,0x34,0x70,
  0x9B,0xC1,0xE1,0xEE,0xFB,0xF4,0xE5,0xCE,0x9C,0x65,0x13,0x00,0x00,0x00,0x00,0x00,
  0x00,0x00,0x00,0x00,0x00,0x00,0x00,0x0E,0x5A,0xAE,0xF3,0xFF,0xFF,0xFF,0xFF,0xFF,
  0xFF,0xFF,0xFF,0xFF,0xFF,0xFF,0xFF,0xF8,0xA2,0x19,0x00,0x00,0x00,0x00,0x00,0x00,
  0x00,0x00,0x00,0x00,0x98,0xFF,0xFF,0xFF,0xFF,0xFF,0xFF,0xFF,0xFF,0xFF,0xFF,0xFF,
  0xFF,0xFF,0xFF,0xFF,0xFF,0xFF,0xEF,0x51,0x00,0x00,0x00,0x00,0x00,0x00,0x00,0x00,
  0x00,0x98,0xFF,0xFF,0xFF,0xFF,0xFF,0xFF,0xFF,0xFF,0xFF,0xFF,0xFF,0xFF,0xFF,0xFF,
  0xFF,0xFF,0xFF,0xFF,0xFB,0x50,0x00,0x00,0x00,0x00,0x00,0x00,0x00,0x00,0x98,0xFF,
  0xFF,0xFF,0xFF,0xFF,0xFF,0xFF,0xFF,0xFF,0xFF,0xFF,0xFF,0xFF,0xFF,0xFF,0xFF,0xFF,
  0xFF,0xFF,0xF1,0x17,0x00,0x00,0x00,0x00,0x00,0x00,0x00,0x98,0xFF,0xFF,0xFF,0xFF,
  0xD8,0x79,0x33,0x0C,0x07,0x27,0x78,0xED,0xFF,0xFF,0xFF,0xFF,0xFF,0xFF,0xFF,0xFF,
  0x96,0x00,0x00,0x00,0x00,0x00,0x00,0x00,0x98,0xFF,0xFF,0xDE,0x58,0x01,0x00,0x00,
  0x00,0x00,0x00,0x00,0x20,0xE1,0xFF,0xFF,0xFF,0xFF,0xFF,0xFF,0xFF,0xEA,0x02,0x00,
  0x00,0x00,0x00,0x00,0x00,0x98,0xFC,0x80,0x06,0x00,0x00,0x00,0x00,0x00,0x00,0x00,
  0x00,0x00,0x3E,0xFF,0xFF,0xFF,0xFF,0xFF,0xFF,0xFF,0xFF,0x2F,0x00,0x00,0x00,0x00,
  0x00,0x00,0x77,0x3A,0x00,0x00,0x00,0x00,0x00,0x00,0x00,0x00,0x00,0x00,0x00,0x00,
  0xD2,0xFF,0xFF,0xFF,0xFF,0xFF,0xFF,0xFF,0x49,0x00,0x00,0x00,0x00,0x00,0x00,0x00,
  0x00,0x00,0x00,0x00,0x00,0x00,0x00,0x00,0x00,0x00,0x00,0x00,0x00,0x9F,0xFF,0xFF,
  0xFF,0xFF,0xFF,0xFF,0xFF,0x5A,0x00,0x00,0x00,0x00,0x00,0x00,0x00,0x00,0x00,0x00,
  0x00,0x00,0x00,0x00,0x00,0x00,0x00,0x00,0x00,0x00,0x99,0xFF,0xFF,0xFF,0xFF,0xFF,
  0xFF,0xFF,0x4C,0x00,0x00,0x00,0x00,0x00,0x00,0x00,0x00,0x00,0x00,0x00,0x00,0x00,
  0x00,0x00,0x00,0x00,0x00,0x00,0x00,0xBA,0xFF,0xFF,0xFF,0xFF,0xFF,0xFF,0xFF,0x22,
  0x00,0x00,0x00,0x00,0x00,0x00,0x00,0x00,0x00,0x00,0x00,0x00,0x00,0x00,0x00,0x00,
  0x00,0x00,0x00,0x11,0xF8,0xFF,0xFF,0xFF,0xFF,0xFF,0xFF,0xDA,0x00,0x00,0x00,0x00,
  0x00,0x00,0x00,0x00,0x00,0x00,0x00,0x00,0x00,0x00,0x00,0x00,0x00,0x00,0x00,0x00,
  0x81,0xFF,0xFF,0xFF,0xFF,0xFF,0xFF,0xFF,0x72,0x00,0x00,0x00,0x00,0x00,0x00,0x00,
  0x00,0x00,0x00,0x00,0x00,0x00,0x00,0x00,0x00,0x00,0x00,0x00,0x30,0xF9,0xFF,0xFF,
  0xFF,0xFF,0xFF,0xFF,0xDC,0x0A,0x00,0x00,0x00,0x00,0x00,0x00,0x00,0x00,0x00,0x00,
  0x00,0x00,0x00,0x00,0x00,0x00,0x00,0x00,0x1E,0xE5,0xFF,0xFF,0xFF,0xFF,0xFF,0xFF,
  0xF9,0x39,0x00,0x00,0x00,0x00,0x00,0x00,0x00,0x00,0x00,0x00,0x00,0x00,0x00,0x00,
  0x00,0x00,0x00,0x00,0x24,0xDD,0xFF,0xFF,0xFF,0xFF,0xFF,0xFF,0xFF,0x5D,0x00,0x00,
  0x00,0x00,0x00,0x00,0x00,0x00,0x00,0x00,0x00,0x00,0x00,0x00,0x00,0x00,0x00,0x00,
  0x36,0xEA,0xFF,0xFF,0xFF,0xFF,0xFF,0xFF,0xFF,0x70,0x00,0x00,0x00,0x00,0x00,0x00,
  0x00,0x00,0x00,0x00,0x00,0x00,0x00,0x00,0x00,0x00,0x00,0x00,0x4B,0xF5,0xFF,0xFF,
  0xFF,0xFF,0xFF,0xFF,0xFF,0x74,0x00,0x00,0x00,0x00,0x00,0x00,0x00,0x00,0x00,0x00,
  0x00,0x00,0x00,0x00,0x00,0x00,0x00,0x00,0x63,0xFC,0xFF,0xFF,0xFF,0xFF,0xFF,0xFF,
  0xFD,0x66,0x00,0x00,0x00,0x00,0x00,0x00,0x00,0x00,0x00,0x00,0x00,0x00,0x00,0x00,
  0x00,0x00,0x00,0x00,0x7F,0xFF,0xFF,0xFF,0xFF,0xFF,0xFF,0xFF,0xF8,0x55,0x00,0x00,
  0x00,0x00,0x00,0x00,0x00,0x00,0x00,0x00,0x00,0x00,0x00,0x00,0x00,0x00,0x00,0x03,
  0x9B,0xFF,0xFF,0xFF,0xFF,0xFF,0xFF,0xFF,0xEE,0x3E,0x00,0x00,0x00,0x00,0x00,0x00,
  0x00,0x00,0x00,0x00,0x00,0x00,0x00,0x00,0x00,0x00,0x00,0x0A,0xB3,0xFF,0xFF,0xFF,
  0xFF,0xFF,0xFF,0xFF,0xE1,0x2A,0x00,0x00,0x00,0x00,0x00,0x00,0x00,0x00,0x00,0x00,
  0x00,0x00,0x00,0x00,0x00,0x00,0x00,0x14,0xC8,0xFF,0xFF,0xFF,0xFF,0xFF,0xFF,0xFF,
  0xD0,0x1A,0x00,0x00,0x00,0x00,0x00,0x00,0x00,0x00,0x00,0x00,0x00,0x00,0x00,0x00,
  0x00,0x00,0x00,0x22,0xDA,0xFF,0xFF,0xFF,0xFF,0xFF,0xFF,0xFF,0xBB,0x0E,0x00,0x00,
  0x00,0x00,0x00,0x00,0x00,0x00,0x00,0x00,0x00,0x00,0x00,0x00,0x00,0x00,0x00,0x33,
  0xE8,0xFF,0xFF,0xFF,0xFF,0xFF,0xFF,0xFF,0xA3,0x05,0x00,0x00,0x00,0x00,0x00,0x00,
  0x00,0x00,0x00,0x00,0x00,0x00,0x00,0x00,0x00,0x00,0x00,0x00,0xAC,0xFF,0xFF,0xFF,
  0xFF,0xFF,0xFF,0xFF,0xFF,0xFF,0xFF,0xFF,0xFF,0xFF,0xFF,0xFF,0xFF,0xFF,0xFF,0xFF,
  0xFF,0xFF,0x94,0x00,0x00,0x00,0x00,0x00,0x00,0xAC,0xFF,0xFF,0xFF,0xFF,0xFF,0xFF,
  0xFF,0xFF,0xFF,0xFF,0xFF,0xFF,0xFF,0xFF,0xFF,0xFF,0xFF,0xFF,0xFF,0xFF,0xFF,0x94,
  0x00,0x00,0x00,0x00,0x00,0x00,0xAC,0xFF,0xFF,0xFF,0xFF,0xFF,0xFF,0xFF,0xFF,0xFF,
  0xFF,0xFF,0xFF,0xFF,0xFF,0xFF,0xFF,0xFF,0xFF,0xFF,0xFF,0xFF,0x94,0x00,0x00,0x00,
  0x00,0x00,0x00,0xAC,0xFF,0xFF,0xFF,0xFF,0xFF,0xFF,0xFF,0xFF,0xFF,0xFF,0xFF,0xFF,
  0xFF,0xFF,0xFF,0xFF,0xFF,0xFF,0xFF,0xFF,0xFF,0x94,0x00,0x00,0x00,0x00,0x00,0x00,
  0xAC,0xFF,0xFF,0xFF,0xFF,0xFF,0xFF,0xFF,0xFF,0xFF,0xFF,0xFF,0xFF,0xFF,0xFF,0xFF,
  0xFF,0xFF,0xFF,0xFF,0xFF,0xFF,0x94,0x00,0x00,0x00,0x00,0x00,0x00,0xAC,0xFF,0xFF,
  0xFF,0xFF,0xFF,0xFF,0xFF,0xFF,0xFF,0xFF,0xFF,0xFF,0xFF,0xFF,0xFF,0xFF,0xFF,0xFF,
  0xFF,0xFF,0xFF,0x94,0x00,0x00,0x00,0x00,0x00,0x00,0x00,0x0F,0x38,0x62,0x8B,0xB4,
  0xCA,0xD8,0xE6,0xF5,0xFC,0xF1,0xE6,0xCE,0xA7,0x7A,0x31,0x00,0x00,0x00,0x00,0x00,
  0x00,0x00,0x00,0x00,0x00,0x00,0x00,0x00,0xE0,0xFF,0xFF,0xFF,0xFF,0xFF,0xFF,0xFF,
  0xFF,0xFF,0xFF,0xFF,0xFF,0xFF,0xFF,0xFF,0xDC,0x5F,0x03,0x00,0x00,0x00,0x00,0x00,
  0x00,0x00,0x00,0x00,0x00,0xE0,0xFF,0xFF,0xFF,0xFF,0xFF,0xFF,0xFF,0xFF,0xFF,0xFF,
  0xFF,0xFF,0xFF,0xFF,0xFF,0xFF,0xFF,0xBA,0x0F,0x00,0x00,0x00,0x00,0x00,0x00,0x00,
  0x00,0x00,0xE0,0xFF,0xFF,0xFF,0xFF,0xFF,0xFF,0xFF,0xFF,0xFF,0xFF,0xFF,0xFF,0xFF,
  0xFF,0xFF,0xFF,0xFF,0xFF,0xC0,0x01,0x00,0x00,0x00,0x00,0x00,0x00,0x00,0x00,0xE0,
  0xFF,0xFF,0xFF,0xFF,0xFF,0xFF,0xFF,0xFF,0xFF,0xFF,0xFF,0xFF,0xFF,0xFF,0xFF,0xFF,
  0xFF,0xFF,0xFF,0x65,0x00,0x00,0x00,0x00,0x00,0x00,0x00,0x00,0xE0,0xFF,0xF5,0xAD,
  0x6B,0x38,0x17,0x06,0x09,0x24,0x62,0xD2,0xFF,0xFF,0xFF,0xFF,0xFF,0xFF,0xFF,0xFF,
  0xC6,0x00,0x00,0x00,0x00,0x00,0x00,0x00,0x00,0xB4,0x63,0x09,0x00,0x00,0x00,0x00,
  0x00,0x00,0x00,0x00,0x04,0xA9,0xFF,0xFF,0xFF,0xFF,0xFF,0xFF,0xFF,0xFE,0x05,0x00,
  0x00,0x00,0x00,0x00,0x00,0x00,0x00,0x00,0x00,0x00,0x00,0x00,0x00,0x00,0x00,0x00,
  0x00,0x00,0x0F,0xF7,0xFF,0xFF,0xFF,0xFF,0xFF,0xFF,0xFF,0x1C,0x00,0x00,0x00,0x00,
  0x00,0x00,0x00,0x00,0x00,0x00,0x00,0x00,0x00,0x00,0x00,0x00,0x00,0x00,0x00,0x00,
  0xC7,0xFF,0xFF,0xFF,0xFF,0xFF,0xFF,0xFF,0x1D,0x00,0x00,0x00,0x00,0x00,0x00,0x00,
  0x00,0x00,0x00,0x00,0x00,0x00,0x00,0x00,0x00,0x00,0x00,0x00,0x00,0xCA,0xFF,0xFF,
  0xFF,0xFF,0xFF,0xFF,0xF8,0x06,0x00,0x00,0x00,0x00,0x00,0x00,0x00,0x00,0x00,0x00,
  0x00,0x00,0x00,0x00,0x00,0x00,0x00,0x00,0x00,0x10,0xF8,0xFF,0xFF,0xFF,0xFF,0xFF,
  0xFF,0xBC,0x00,0x00,0x00,0x00,0x00,0x00,0x00,0x00,0x00,0x00,0x00,0x00,0x00,0x00,
  0x00,0x00,0x00,0x00,0x00,0x04,0xA9,0xFF,0xFF,0xFF,0xFF,0xFF,0xFF,0xFF,0x49,0x00,
  0x00,0x00,0x00,0x00,0x00,0x00,0x00,0x00,0x00,0x00,0x00,0x00,0x00,0x00,0x02,0x0D,
  0x2D,0x6A,0xD4,0xFF,0xFF,0xFF,0xFF,0xFF,0xFF,0xFF,0x92,0x00,0x00,0x00,0x00,0x00,
  0x00,0x00,0x00,0x00,0x00,0x00,0x00,0x00,0xF0,0xFF,0xFF,0xFF,0xFF,0xFF,0xFF,0xFF,
  0xFF,0xFF,0xFF,0xFF,0xFF,0xF7,0x77,0x01,0x00,0x00,0x00,0x00,0x00,0x00,0x00,0x00,
  0x00,0x00,0x00,0x00,0x00,0xF0,0xFF,0xFF,0xFF,0xFF,0xFF,0xFF,0xFF,0xFF,0xFF,0xFF,
  0xF0,0x7D,0x17,0x00,0x00,0x00,0x00,0x00,0x00,0x00,0x00,0x00,0x00,0x00,0x00,0x00,
  0x00,0x00,0xF0,0xFF,0xFF,0xFF,0xFF,0xFF,0xFF,0xFF,0xFF,0xFF,0xFF,0xFF,0xE6,0x7F,
  0x0F,0x00,0x00,0x00,0x00,0x00,0x00,0x00,0x00,0x00,0x00,0x00,0x00,0x00,0x00,0xF0,
  0xFF,0xFF,0xFF,0xFF,0xFF,0xFF,0xFF,0xFF,0xFF,0xFF,0xFF,0xFF,0xFF,0xE2,0x39,0x00,
  0x00,0x00,0x00,0x00,0x00,0x00,0x00,0x00,0x00,0x00,0x00,0x00,0xF0,0xFF,0xFF,0xFF,
  0xFF,0xFF,0xFF,0xFF,0xFF,0xFF,0xFF,0xFF,0xFF,0xFF,0xFF,0xF3,0x32,0x00,0x00,0x00,
  0x00,0x00,0x00,0x00,0x00,0x00,0x00,0x00,0x00,0x00,0x00,0x00,0x03,0x10,0x30,0x66,
  0xC3,0xFF,0xFF,0xFF,0xFF,0xFF,0xFF,0xFF,0xFF,0xD5,0x03,0x00,0x00,0x00,0x00,0x00,
  0x00,0x00,0x00,0x00,0x00,0x00,0x00,0x00,0x00,0x00,0x00,0x00,0x00,0x00,0x5E,0xFB,
  0xFF,0xFF,0xFF,0xFF,0xFF,0xFF,0xFF,0x52,0x00,0x00,0x00,0x00,0x00,0x00,0x00,0x00,
  0x00,0x00,0x00,0x00,0x00,0x00,0x00,0x00,0x00,0x00,0x00,0x00,0x86,0xFF,0xFF,0xFF,
  0xFF,0xFF,0xFF,0xFF,0x9E,0x00,0x00,0x00,0x00,0x00,0x00,0x00,0x00,0x00,0x00,0x00,
  0x00,0x00,0x00,0x00,0x00,0x00,0x00,0x00,0x00,0x26,0xFF,0xFF,0xFF,0xFF,0xFF,0xFF,
  0xFF,0xCA,0x00,0x00,0x00,0x00,0x00,0x00,0x00,0x00,0x00,0x00,0x00,0x00,0x00,0x00,
  0x00,0x00,0x00,0x00,0x00,0x00,0x0A,0xFF,0xFF,0xFF,0xFF,0xFF,0xFF,0xFF,0xDA,0x00,
  0x00,0x00,0x00,0x00,0x00,0x00,0x00,0x00,0x00,0x00,0x00,0x00,0x00,0x00,0x00,0x00,
  0x00,0x00,0x00,0x24,0xFF,0xFF,0xFF,0xFF,0xFF,0xFF,0xFF,0xC9,0x00,0x00,0x00,0x00,
  0x00,0x00,0x00,0x00,0x00,0x00,0x00,0x00,0x00,0x00,0x00,0x00,0x00,0x00,0x00,0x00,
  0x82,0xFF,0xFF,0xFF,0xFF,0xFF,0xFF,0xFF,0xAE,0x00,0x00,0x00,0x00,0x00,0x2E,0xBA,
  0x55,0x08,0x00,0x00,0x00,0x00,0x00,0x00,0x00,0x00,0x00,0x00,0x56,0xF9,0xFF,0xFF,
  0xFF,0xFF,0xFF,0xFF,0xFF,0x69,0x00,0x00,0x00,0x00,0x00,0x30,0xFF,0xFF,0xF5,0xB4,
  0x73,0x46,0x1F,0x0E,0x03,0x0C,0x28,0x5E,0xBA,0xFF,0xFF,0xFF,0xFF,0xFF,0xFF,0xFF,
  0xFF,0xF7,0x15,0x00,0x00,0x00,0x00,0x00,0x30,0xFF,0xFF,0xFF,0xFF,0xFF,0xFF,0xFF,
  0xFF,0xFF,0xFF,0xFF,0xFF,0xFF,0xFF,0xFF,0xFF,0xFF,0xFF,0xFF,0xFF,0xFF,0x73,0x00,
  0x00,0x00,0x00,0x00,0x00,0x30,0xFF,0xFF,0xFF,0xFF,0xFF,0xFF,0xFF,0xFF,0xFF,0xFF,
  0xFF,0xFF,0xFF,0xFF,0xFF,0xFF,0xFF,0xFF,0xFF,0xFF,0xA5,0x02,0x00,0x00,0x00,0x00,
  0x00,0x00,0x30,0xFF,0xFF,0xFF,0xFF,0xFF,0xFF,0xFF,0xFF,0xFF,0xFF,0xFF,0xFF,0xFF,
  0xFF,0xFF,0xFF,0xFF,0xFF,0xF9,0x81,0x01,0x00,0x00,0x00,0x00,0x00,0x00,0x00,0x30,
  0xFF,0xFF,0xFF,0xFF,0xFF,0xFF,0xFF,0xFF,0xFF,0xFF,0xFF,0xFF,0xFF,0xFF,0xFF,0xFF,
  0xF0,0x9D,0x20,0x00,0x00,0x00,0x00,0x00,0x00,0x00,0x00,0x00,0x00,0x1C,0x45,0x6E,
  0x98,0xBD,0xCE,0xDC,0xE9,0xF7,0xFC,0xF1,0xE5,0xD2,0xAB,0x81,0x48,0x06,0x00,0x00,
  0x00,0x00,0x00,0x00,0x00,0x00,0x00,0x00,0x00,0x00,0x00,0x00,0x00,0x00,0x00,0x00,
  0x00,0x00,0x00,0x00,0x2F,0xFB,0xFF,0xFF,0xFF,0xFF,0xFF,0xFF,0xFF,0xEC,0x00,0x00,
  0x00,0x00,0x00,0x00,0x00,0x00,0x00,0x00,0x00,0x00,0x00,0x00,0x00,0x00,0x00,0x00,
  0x03,0xCC,0xFF,0xFF,0xFF,0xFF,0xFF,0xFF,0xFF,0xFF,0xEC,0x00,0x00,0x00,0x00,0x00,
  0x00,0x00,0x00,0x00,0x00,0x00,0x00,0x00,0x00,0x00,0x00,0x00,0x00,0x76,0xFF,0xFF,
  0xFF,0xFF,0xFF,0xFF,0xFF,0xFF,0xFF,0xEC,0x00,0x00,0x00,0x00,0x00,0x00,0x00,0x00,
  0x00,0x00,0x00,0x00,0x00,0x00,0x00,0x00,0x00,0x24,0xF6,0xFF,0xFF,0xFF,0xFF,0xFF,
  0xFF,0xFF,0xFF,0xFF,0xEC,0x00,0x00,0x00,0x00,0x00,0x00,0x00,0x00,0x00,0x00,0x00,
  0x00,0x00,0x00,0x00,0x00,0x01,0xBF,0xFF,0xFF,0xFF,0xFF,0xFF,0xFF,0xFF,0xFF,0xFF,
  0xFF,0xEC,0x00,0x00,0x00,0x00,0x00,0x00,0x00,0x00,0x00,0x00,0x00,0x00,0x00,0x00,
  0x00,0x00,0x67,0xFF,0xFF,0xFF,0xFF,0xFF,0xFF,0xFF,0xFF,0xFF,0xFF,0xFF,0xEC,0x00,
  0x00,0x00,0x00,0x00,0x00,0x00,0x00,0x00,0x00,0x00,0x00,0x00,0x00,0x00,0x1B,0xF0,
  0xFF,0xFF,0xFF,0xFF,0xFA,0xFF,0xFF,0xFF,0xFF,0xFF,0xFF,0xEC,0x00,0x00,0x00,0x00,
  0x00,0x00,0x00,0x00,0x00,0x00,0x00,0x00,0x00,0x00,0x00,0xB1,0xFF,0xFF,0xFF,0xFF,
  0xE6,0x98,0xFF,0xFF,0xFF,0xFF,0xFF,0xFF,0xEC,0x00,0x00,0x00,0x00,0x00,0x00,0x00,
  0x00,0x00,0x00,0x00,0x00,0x00,0x00,0x57,0xFF,0xFF,0xFF,0xFF,0xFF,0x51,0x88,0xFF,
  0xFF,0xFF,0xFF,0xFF,0xFF,0xEC,0x00,0x00,0x00,0x00,0x00,0x00,0x00,0x00,0x00,0x00,
  0x00,0x00,0x00,0x13,0xE9,0xFF,0xFF,0xFF,0xFF,0xA9,0x00,0x88,0xFF,0xFF,0xFF,0xFF,
  0xFF,0xFF,0xEC,0x00,0x00,0x00,0x00,0x00,0x00,0x00,0x00,0x00,0x00,0x00,0x00,0x00,
  0xA2,0xFF,0xFF,0xFF,0xFF,0xEC,0x16,0x00,0x88,0xFF,0xFF,0xFF,0xFF,0xFF,0xFF,0xEC,
  0x00,0x00,0x00,0x00,0x00,0x00,0x00,0x00,0x00,0x00,0x00,0x00,0x48,0xFF,0xFF,0xFF,
  0xFF,0xFF,0x5B,0x00,0x00,0x88,0xFF,0xFF,0xFF,0xFF,0xFF,0xFF,0xEC,0x00,0x00,0x00,
  0x00,0x00,0x00,0x00,0x00,0x00,0x00,0x00,0x0C,0xE0,0xFF,0xFF,0xFF,0xFF,0xB4,0x00,
  0x00,0x00,0x88,0xFF,0xFF,0xFF,0xFF,0xFF,0xFF,0xEC,0x00,0x00,0x00,0x00,0x00,0x00,
  0x00,0x00,0x00,0x00,0x00,0x93,0xFF,0xFF,0xFF,0xFF,0xF1,0x1C,0x00,0x00,0x00,0x88,
  0xFF,0xFF,0xFF,0xFF,0xFF,0xFF,0xEC,0x00,0x00,0x00,0x00,0x00,0x00,0x00,0x00,0x00,
  0x00,0x3A,0xFD,0xFF,0xFF,0xFF,0xFF,0x66,0x00,0x00,0x00,0x00,0x88,0xFF,0xFF,0xFF,
  0xFF,0xFF,0xFF,0xEC,0x00,0x00,0x00,0x00,0x00,0x00,0x00,0x00,0x00,0x07,0xD6,0xFF,
  0xFF,0xFF,0xFF,0xBE,0x01,0x00,0x00,0x00,0x00,0x88,0xFF,0xFF,0xFF,0xFF,0xFF,0xFF,
  0xEC,0x00,0x00,0x00,0x00,0x00,0x00,0x00,0x00,0x00,0x84,0xFF,0xFF,0xFF,0xFF,0xF5,
  0x23,0x00,0x00,0x00,0x00,0x00,0x88,0xFF,0xFF,0xFF,0xFF,0xFF,0xFF,0xEC,0x00,0x00,
  0x00,0x00,0x00,0x00,0x00,0x00,0x2E,0xFA,0xFF,0xFF,0xFF,0xFF,0x71,0x00,0x00,0x00,
  0x00,0x00,0x00,0x88,0xFF,0xFF,0xFF,0xFF,0xFF,0xFF,0xEC,0x00,0x00,0x00,0x00,0x00,
  0x00,0x00,0x03,0xCB,0xFF,0xFF,0xFF,0xFF,0xC8,0x02,0x00,0x00,0x00,0x00,0x00,0x00,
  0x88,0xFF,0xFF,0xFF,0xFF,0xFF,0xFF,0xEC,0x00,0x00,0x00,0x00,0x00,0x00,0x00,0x1C,
  0xFF,0xFF,0xFF,0xFF,0xF9,0x2A,0x00,0x00,0x00,0x00,0x00,0x00,0x00,0x88,0xFF,0xFF,
  0xFF,0xFF,0xFF,0xFF,0xEC,0x00,0x00,0x00,0x00,0x00,0x00,0x00,0x1C,0xFF,0xFF,0xFF,
  0xFF,0xFF,0xFF,0xFF,0xFF,0xFF,0xFF,0xFF,0xFF,0xFF,0xFF,0xFF,0xFF,0xFF,0xFF,0xFF,
  0xFF,0xFF,0xFF,0xFF,0xFF,0xFF,0x4C,0x00,0x00,0x1C,0xFF,0xFF,0xFF,0xFF,0xFF,0xFF,
  0xFF,0xFF,0xFF,0xFF,0xFF,0xFF,0xFF,0xFF,0xFF,0xFF,0xFF,0xFF,0xFF,0xFF,0xFF,0xFF,
  0xFF,0xFF,0xFF,0x4C,0x00,0x00,0x1C,0xFF,0xFF,0xFF,0xFF,0xFF,0xFF,0xFF,0xFF,0xFF,
  0xFF,0xFF,0xFF,0xFF,0xFF,0xFF,0xFF,0xFF,0xFF,0xFF,0xFF,0xFF,0xFF,0xFF,0xFF,0xFF,
  0x4C,0x00,0x00,0x1C,0xFF,0xFF,0xFF,0xFF,0xFF,0xFF,0xFF,0xFF,0xFF,0xFF,0xFF,0xFF,
  0xFF,0xFF,0xFF,0xFF,0xFF,0xFF,0xFF,0xFF,0xFF,0xFF,0xFF,0xFF,0xFF,0x4C,0x00,0x00,
  0x1C,0xFF,0xFF,0xFF,0xFF,0xFF,0xFF,0xFF,0xFF,0xFF,0xFF,0xFF,0xFF,0xFF,0xFF,0xFF,
  0xFF,0xFF,0xFF,0xFF,0xFF,0xFF,0xFF,0xFF,0xFF,0xFF,0x4C,0x00,0x00,0x1C,0xFF,0xFF,
  0xFF,0xFF,0xFF,0xFF,0xFF,0xFF,0xFF,0xFF,0xFF,0xFF,0xFF,0xFF,0xFF,0xFF,0xFF,0xFF,
  0xFF,0xFF,0xFF,0xFF,0xFF,0xFF,0xFF,0x4C,0x00,0x00,0x00,0x00,0x00,0x00,0x00,0x00,
  0x00,0x00,0x00,0x00,0x00,0x00,0x00,0x00,0x88,0xFF,0xFF,0xFF,0xFF,0xFF,0xFF,0xEC,
  0x00,0x00,0x00,0x00,0x00,0x00,0x00,0x00,0x00,0x00,0x00,0x00,0x00,0x00,0x00,0x00,
  0x00,0x00,0x00,0x00,0x00,0x88,0xFF,0xFF,0xFF,0xFF,0xFF,0xFF,0xEC,0x00,0x00,0x00,
  0x00,0x00,0x00,0x00,0x00,0x00,0x00,0x00,0x00,0x00,0x00,0x00,0x00,0x00,0x00,0x00,
  0x00,0x00,0x88,0xFF,0xFF,0xFF,0xFF,0xFF,0xFF,0xEC,0x00,0x00,0x00,0x00,0x00,0x00,
  0x00,0x00,0x00,0x00,0x00,0x00,0x00,0x00,0x00,0x00,0x00,0x00,0x00,0x00,0x00,0x88,
  0xFF,0xFF,0xFF,0xFF,0xFF,0xFF,0xEC,0x00,0x00,0x00,0x00,0x00,0x00,0x00,0x00,0x00,
  0x00,0x00,0x00,0x00,0x00,0x00,0x00,0x00,0x00,0x00,0x00,0x00,0x88,0xFF,0xFF,0xFF,
  0xFF,0xFF,0xFF,0xEC,0x00,0x00,0x00,0x00,0x00,0x00,0x00,0x00,0x00,0x00,0x8C,0xFF,
  0xFF,0xFF,0xFF,0xFF,0xFF,0xFF,0xFF,0xFF,0xFF,0xFF,0xFF,0xFF,0xFF,0xFF,0xFF,0xFF,
  0xFF,0xFF,0x14,0x00,0x00,0x00,0x00,0x00,0x00,0x00,0x00,0x8C,0xFF,0xFF,0xFF,0xFF,
  0xFF,0xFF,0xFF,0xFF,0xFF,0xFF,0xFF,0xFF,0xFF,0xFF,0xFF,0xFF,0xFF,0xFF,0xFF,0x14,
  0x00,0x00,0x00,0x00,0x00,0x00,0x00,0x00,0x8C,0xFF,0xFF,0xFF,0xFF,0xFF,0xFF,0xFF,
  0xFF,0xFF,0xFF,0xFF,0xFF,0xFF,0xFF,0xFF,0xFF,0xFF,0xFF,0xFF,0x14,0x00,0x00,0x00,
  0x00,0x00,0x00,0x00,0x00,0x8C,0xFF,0xFF,0xFF,0xFF,0xFF,0xFF,0xFF,0xFF,0xFF,0xFF,
  0xFF,0xFF,0xFF,0xFF,0xFF,0xFF,0xFF,0xFF,0xFF,0x14,0x00,0x00,0x00,0x00,0x00,0x00,
  0x00,0x00,0x8C,0xFF,0xFF,0xFF,0xFF,0xFF,0xFF,0xFF,0xFF,0xFF,0xFF,0xFF,0xFF,0xFF,
  0xFF,0xFF,0xFF,0xFF,0xFF,0xFF,0x14,0x00,0x00,0x00,0x00,0x00,0x00,0x00,0x00,0x8C,
  0xFF,0xFF,0xFF,0xFF,0xFF,0xFF,0xFF,0xFF,0xFF,0xFF,0xFF,0xFF,0xFF,0xFF,0xFF,0xFF,
  0xFF,0xFF,0xFF,0x14,0x00,0x00,0x00,0x00,0x00,0x00,0x00,0x00,0x8C,0xFF,0xFF,0xFF,
  0xFF,0xFF,0xC0,0x00,0x00,0x00,0x00,0x00,0x00,0x00,0x00,0x00,0x00,0x00,0x00,0x00,
  0x00,0x00,0x00,0x00,0x00,0x00,0x00,0x00,0x00,0x8C,0xFF,0xFF,0xFF,0xFF,0xFF,0xC0,
  0x00,0x00,0x00,0x00,0x00,0x00,0x00,0x00,0x00,0x00,0x00,0x00,0x00,0x00,0x00,0x00,
  0x00,0x00,0x00,0x00,0x00,0x00,0x8C,0xFF,0xFF,0xFF,0xFF,0xFF,0xC0,0x00,0x00,0x00,
  0x00,0x00,0x00,0x00,0x00,0x00,0x00,0x00,0x00,0x00,0x00,0x00,0x00,0x00,0x00,0x00,
  0x00,0x00,0x00,0x8C,0xFF,0xFF,0xFF,0xFF,0xFF,0xC0,0x00,0x00,0x00,0x00,0x00,0x00,
  0x00,0x00,0x00,0x00,0x00,0x00,0x00,0x00,0x00,0x00,0x00,0x00,0x00,0x00,0x00,0x00,
  0x8C,0xFF,0xFF,0xFF,0xFF,0xFF,0xE3,0xAC,0xD9,0xEF,0xFB,0xED,0xDC,0xBC,0x83,0x42,
  0x01,0x00,0x00,0x00,0x00,0x00,0x00,0x00,0x00,0x00,0x00,0x00,0x00,0x8C,0xFF,0xFF,
  0xFF,0xFF,0xFF,0xFF,0xFF,0xFF,0xFF,0xFF,0xFF,0xFF,0xFF,0xFF,0xFF,0xD7,0x60,0x00,
  0x00,0x00,0x00,0x00,0x00,0x00,0x00,0x00,0x00,0x00,0x8C,0xFF,0xFF,0xFF,0xFF,0xFF,
  0xFF,0xFF,0xFF,0xFF,0xFF,0xFF,0xFF,0xFF,0xFF,0xFF,0xFF,0xFF,0xB1,0x11,0x00,0x00,
  0x00,0x00,0x00,0x00,0x00,0x00,0x00,0x8C,0xFF,0xFF,0xFF,0xFF,0xFF,0xFF,0xFF,0xFF,
  0xFF,0xFF,0xFF,0xFF,0xFF,0xFF,0xFF,0xFF,0xFF,0xFF,0xC6,0x09,0x00,0x00,0x00,0x00,
  0x00,0x00,0x00,0x00,0x8C,0xFF,0xFF,0xFF,0xFF,0xFF,0xFF,0xFF,0xFF,0xFF,0xFF,0xFF,
  0xFF,0xFF,0xFF,0xFF,0xFF,0xFF,0xFF,0xFF,0xA0,0x00,0x00,0x00,0x00,0x00,0x00,0x00,
  0x00,0x8C,0xFF,0xFF,0xD7,0x89,0x52,0x23,0x0D,0x05,0x1A,0x4F,0xAF,0xFF,0xFF,0xFF,
  0xFF,0xFF,0xFF,0xFF,0xFF,0xFE,0x32,0x00,0x00,0x00,0x00,0x00,0x00,0x00,0x7C,0x92,
  0x2A,0x00,0x00,0x00,0x00,0x00,0x00,0x00,0x00,0x00,0x51,0xF9,0xFF,0xFF,0xFF,0xFF,
  0xFF,0xFF,0xFF,0xA0,0x00,0x00,0x00,0x00,0x00,0x00,0x00,0x00,0x00,0x00,0x00,0x00,
  0x00,0x00,0x00,0x00,0x00,0x00,0x00,0x00,0x6E,0xFF,0xFF,0xFF,0xFF,0xFF,0xFF,0xFF,
  0xE8,0x01,0x00,0x00,0x00,0x00,0x00,0x00,0x00,0x00,0x00,0x00,0x00,0x00,0x00,0x00,
  0x00,0x00,0x00,0x00,0x00,0x04,0xED,0xFF,0xFF,0xFF,0xFF,0xFF,0xFF,0xFF,0x1F,0x00,
  0x00,0x00,0x00,0x00,0x00,0x00,0x00,0x00,0x00,0x00,0x00,0x00,0x00,0x00,0x00,0x00,
  0x00,0x00,0x00,0xB4,0xFF,0xFF,0xFF,0xFF,0xFF,0xFF,0xFF,0x35,0x00,0x00,0x00,0x00,
  0x00,0x00,0x00,0x00,0x00,0x00,0x00,0x00,0x00,0x00,0x00,0x00,0x00,0x00,0x00,0x00,
  0xA2,0xFF,0xFF,0xFF,0xFF,0xFF,0xFF,0xFF,0x46,0x00,0x00,0x00,0x00,0x00,0x00,0x00,
  0x00,0x00,0x00,0x00,0x00,0x00,0x00,0x00,0x00,0x00,0x00,0x00,0x00,0xB4,0xFF,0xFF,
  0xFF,0xFF,0xFF,0xFF,0xFF,0x34,0x00,0x00,0x00,0x00,0x00,0x00,0x00,0x00,0x00,0x00,
  0x00,0x00,0x00,0x00,0x00,0x00,0x00,0x00,0x00,0x05,0xEE,0xFF,0xFF,0xFF,0xFF,0xFF,
  0xFF,0xFF,0x1C,0x00,0x00,0x00,0x00,0x00,0x9B,0x51,0x00,0x00,0x00,0x00,0x00,0x00,
  0x00,0x00,0x00,0x00,0x00,0x00,0x71,0xFF,0xFF,0xFF,0xFF,0xFF,0xFF,0xFF,0xE0,0x00,
  0x00,0x00,0x00,0x00,0x00,0xC4,0xFF,0xC8,0x59,0x06,0x00,0x00,0x00,0x00,0x00,0x00,
  0x00,0x00,0x54,0xFA,0xFF,0xFF,0xFF,0xFF,0xFF,0xFF,0xFF,0x91,0x00,0x00,0x00,0x00,
  0x00,0x00,0xC4,0xFF,0xFF,0xFF,0xEB,0x9D,0x5C,0x28,0x10,0x05,0x19,0x4F,0xB0,0xFF,
  0xFF,0xFF,0xFF,0xFF,0xFF,0xFF,0xFF,0xF6,0x20,0x00,0x00,0x00,0x00,0x00,0x00,0xC4,
  0xFF,0xFF,0xFF,0xFF,0xFF,0xFF,0xFF,0xFF,0xFF,0xFF,0xFF,0xFF,0xFF,0xFF,0xFF,0xFF,
  0xFF,0xFF,0xFF,0xFF,0x79,0x00,0x00,0x00,0x00,0x00,0x00,0x00,0xC4,0xFF,0xFF,0xFF,
  0xFF,0xFF,0xFF,0xFF,0xFF,0xFF,0xFF,0xFF,0xFF,0xFF,0xFF,0xFF,0xFF,0xFF,0xFF,0xFF,
  0x96,0x00,0x00,0x00,0x00,0x00,0x00,0x00,0x00,0xC4,0xFF,0xFF,0xFF,0xFF,0xFF,0xFF,
  0xFF,0xFF,0xFF,0xFF,0xFF,0xFF,0xFF,0xFF,0xFF,0xFF,0xFF,0xF8,0x79,0x01,0x00,0x00,
  0x00,0x00,0x00,0x00,0x00,0x00,0x1A,0x72,0xCA,0xFE,0xFF,0xFF,0xFF,0xFF,0xFF,0xFF,
  0xFF,0xFF,0xFF,0xFF,0xFF,0xFF,0xF8,0xA6,0x28,0x00,0x00,0x00,0x00,0x00,0x00,0x00,
  0x00,0x00,0x00,0x00,0x00,0x00,0x12,0x51,0x89,0xAF,0xD3,0xE9,0xF5,0xFC,0xF0,0xE1,
  0xC8,0x95,0x5F,0x12,0x00,0x00,0x00,0x00,0x00,0x00,0x00,0x00,0x00,0x00,0x00,0x00,
  0x00,0x00,0x00,0x00,0x00,0x00,0x00,0x00,0x1A,0x6B,0xA9,0xD2,0xEE,0xFA,0xF6,0xE7,
  0xD7,0xC7,0xA7,0x77,0x46,0x15,0x00,0x00,0x00,0x00,0x00,0x00,0x00,0x00,0x00,0x00,
  0x00,0x00,0x00,0x2D,0xAE,0xFD,0xFF,0xFF,0xFF,0xFF,0xFF,0xFF,0xFF,0xFF,0xFF,0xFF,
  0xFF,0xFF,0xF4,0x00,0x00,0x00,0x00,0x00,0x00,0x00,0x00,0x00,0x00,0x00,0x02,0x81,
  0xFB,0xFF,0xFF,0xFF,0xFF,0xFF,0xFF,0xFF,0xFF,0xFF,0xFF,0xFF,0xFF,0xFF,0xFF,0xF4,
  0x00,0x00,0x00,0x00,0x00,0x00,0x00,0x00,0x00,0x00,0x05,0xAF,0xFF,0xFF,0xFF,0xFF,
  0xFF,0xFF,0xFF,0xFF,0xFF,0xFF,0xFF,0xFF,0xFF,0xFF,0xFF,0xFF,0xF4,0x00,0x00,0x00,
  0x00,0x00,0x00,0x00,0x00,0x00,0x00,0xA5,0xFF,0xFF,0xFF,0xFF,0xFF,0xFF,0xFF,0xFF,
  0xFF,0xFF,0xFF,0xFF,0xFF,0xFF,0xFF,0xFF,0xFF,0xF4,0x00,0x00,0x00,0x00,0x00,0x00,
  0x00,0x00,0x00,0x5D,0xFF,0xFF,0xFF,0xFF,0xFF,0xFF,0xFF,0xFC,0xA6,0x52,0x1D,0x08,
  0x0B,0x21,0x54,0x94,0xE9,0xFF,0xF4,0x00,0x00,0x00,0x00,0x00,0x00,0x00,0x00,0x1C,
  0xF0,0xFF,0xFF,0xFF,0xFF,0xFF,0xFF,0xDF,0x30,0x00,0x00,0x00,0x00,0x00,0x00,0x00,
  0x00,0x03,0x53,0xBE,0x00,0x00,0x00,0x00,0x00,0x00,0x00,0x00,0x8F,0xFF,0xFF,0xFF,
  0xFF,0xFF,0xFF,0xEB,0x1E,0x00,0x00,0x00,0x00,0x00,0x00,0x00,0x00,0x00,0x00,0x00,
  0x00,0x00,0x00,0x00,0x00,0x00,0x00,0x00,0x0B,0xEF,0xFF,0xFF,0xFF,0xFF,0xFF,0xFF,
  0x5C,0x00,0x00,0x00,0x00,0x00,0x00,0x00,0x00,0x00,0x00,0x00,0x00,0x00,0x00,0x00,
  0x00,0x00,0x00,0x00,0x00,0x63,0xFF,0xFF,0xFF,0xFF,0xFF,0xFF,0xE0,0x03,0x00,0x00,
  0x00,0x00,0x00,0x00,0x00,0x00,0x00,0x00,0x00,0x00,0x00,0x00,0x00,0x00,0x00,0x00,
  0x00,0x00,0xA5,0xFF,0xFF,0xFF,0xFF,0xFF,0xFF,0x91,0x00,0x00,0x00,0x00,0x00,0x00,
  0x00,0x00,0x00,0x00,0x00,0x00,0x00,0x00,0x00,0x00,0x00,0x00,0x00,0x00,0x00,0xDE,
  0xFF,0xFF,0xFF,0xFF,0xFF,0xFF,0x55,0x01,0x46,0x99,0xD1,0xEE,0xFA,0xEB,0xD5,0xA0,
  0x5C,0x08,0x00,0x00,0x00,0x00,0x00,0x00,0x00,0x00,0x00,0x16,0xFF,0xFF,0xFF,0xFF,
  0xFF,0xFF,0xFF,0x73,0xD6,0xFF,0xFF,0xFF,0xFF,0xFF,0xFF,0xFF,0xFF,0xFF,0xE6,0x69,
  0x00,0x00,0x00,0x00,0x00,0x00,0x00,0x00,0x33,0xFF,0xFF,0xFF,0xFF,0xFF,0xFF,0xFF,
  0xFF,0xFF,0xFF,0xFF,0xFF,0xFF,0xFF,0xFF,0xFF,0xFF,0xFF,0xFF,0xFF,0xAA,0x0A,0x00,
  0x00,0x00,0x00,0x00,0x00,0x44,0xFF,0xFF,0xFF,0xFF,0xFF,0xFF,0xFF,0xFF,0xFF,0xFF,
  0xFF,0xFF,0xFF,0xFF,0xFF,0xFF,0xFF,0xFF,0xFF,0xFF,0xFF,0xAD,0x01,0x00,0x00,0x00,
  0x00,0x00,0x55,0xFF,0xFF,0xFF,0xFF,0xFF,0xFF,0xFF,0xFF,0xFF,0xFF,0xFF,0xFF,0xFF,
  0xFF,0xFF,0xFF,0xFF,0xFF,0xFF,0xFF,0xFF,0xFF,0x72,0x00,0x00,0x00,0x00,0x00,0x60,
  0xFF,0xFF,0xFF,0xFF,0xFF,0xFF,0xFF,0xFF,0xFF,0xDD,0x54,0x11,0x08,0x30,0xA6,0xFF,
  0xFF,0xFF,0xFF,0xFF,0xFF,0xFF,0xED,0x0F,0x00,0x00,0x00,0x00,0x54,0xFF,0xFF,0xFF,
  0xFF,0xFF,0xFF,0xFF,0xFF,0xED,0x1A,0x00,0x00,0x00,0x00,0x00,0xA3,0xFF,0xFF,0xFF,
  0xFF,0xFF,0xFF,0xFF,0x64,0x00,0x00,0x00,0x00,0x45,0xFF,0xFF,0xFF,0xFF,0xFF,0xFF,
  0xFF,0xFF,0x82,0x00,0x00,0x00,0x00,0x00,0x00,0x1E,0xFE,0xFF,0xFF,0xFF,0xFF,0xFF,
  0xFF,0xAB,0x00,0x00,0x00,0x00,0x36,0xFF,0xFF,0xFF,0xFF,0xFF,0xFF,0xFF,0xFF,0x3B,
  0x00,0x00,0x00,0x00,0x00,0x00,0x00,0xD5,0xFF,0xFF,0xFF,0xFF,0xFF,0xFF,0xD6,0x00,
  0x00,0x00,0x00,0x13,0xFF,0xFF,0xFF,0xFF,0xFF,0xFF,0xFF,0xFF,0x19,0x00,0x00,0x00,
  0x00,0x00,0x00,0x00,0xB2,0xFF,0xFF,0xFF,0xFF,0xFF,0xFF,0xEB,0x00,0x00,0x00,0x00,
  0x00,0xE0,0xFF,0xFF,0xFF,0xFF,0xFF,0xFF,0xFF,0x0F,0x00,0x00,0x00,0x00,0x00,0x00,
  0x00,0xA7,0xFF,0xFF,0xFF,0xFF,0xFF,0xFF,0xED,0x00,0x00,0x00,0x00,0x00,0xAE,0xFF,
  0xFF,0xFF,0xFF,0xFF,0xFF,0xFF,0x19,0x00,0x00,0x00,0x00,0x00,0x00,0x00,0xB2,0xFF,
  0xFF,0xFF,0xFF,0xFF,0xFF,0xD8,0x00,0x00,0x00,0x00,0x00,0x64,0xFF,0xFF,0xFF,0xFF,
  0xFF,0xFF,0xFF,0x3B,0x00,0x00,0x00,0x00,0x00,0x00,0x00,0xD5,0xFF,0xFF,0xFF,0xFF,
  0xFF,0xFF,0xB9,0x00,0x00,0x00,0x00,0x00,0x0D,0xF5,0xFF,0xFF,0xFF,0xFF,0xFF,0xFF,
  0x82,0x00,0x00,0x00,0x00,0x00,0x00,0x1D,0xFE,0xFF,0xFF,0xFF,0xFF,0xFF,0xFF,0x74,
  0x00,0x00,0x00,0x00,0x00,0x00,0x9E,0xFF,0xFF,0xFF,0xFF,0xFF,0xFF,0xED,0x1A,0x00,
  0x00,0x00,0x00,0x00,0xA3,0xFF,0xFF,0xFF,0xFF,0xFF,0xFF,0xFD,0x26,0x00,0x00,0x00,
  0x00,0x00,0x00,0x1A,0xF0,0xFF,0xFF,0xFF,0xFF,0xFF,0xFF,0xDD,0x53,0x10,0x07,0x30,
  0xA6,0xFF,0xFF,0xFF,0xFF,0xFF,0xFF,0xFF,0xA3,0x00,0x00,0x00,0x00,0x00,0x00,0x00,
  0x00,0x67,0xFF,0xFF,0xFF,0xFF,0xFF,0xFF,0xFF,0xFF,0xFF,0xFF,0xFF,0xFF,0xFF,0xFF,
  0xFF,0xFF,0xFF,0xFF,0xEB,0x1E,0x00,0x00,0x00,0x00,0x00,0x00,0x00,0x00,0x00,0x9D,
  0xFF,0xFF,0xFF,0xFF,0xFF,0xFF,0xFF,0xFF,0xFF,0xFF,0xFF,0xFF,0xFF,0xFF,0xFF,0xFF,
  0xF7,0x3A,0x00,0x00,0x00,0x00,0x00,0x00,0x00,0x00,0x00,0x00,0x02,0x8C,0xFF,0xFF,
  0xFF,0xFF,0xFF,0xFF,0xFF,0xFF,0xFF,0xFF,0xFF,0xFF,0xFF,0xFF,0xE1,0x39,0x00,0x00,
  0x00,0x00,0x00,0x00,0x00,0x00,0x00,0x00,0x00,0x00,0x00,0x44,0xD0,0xFF,0xFF,0xFF,
  0xFF,0xFF,0xFF,0xFF,0xFF,0xFF,0xFF,0xF3,0x8E,0x11,0x00,0x00,0x00,0x00,0x00,0x00,
  0x00,0x00,0x00,0x00,0x00,0x00,0x00,0x00,0x00,0x00,0x3D,0x8C,0xC5,0xE9,0xF9,0xF8,
  0xE7,0xD2,0x9E,0x5F,0x10,0x00,0x00,0x00,0x00,0x00,0x00,0x00,0x00,0x00,0x00,0x30,
  0xFF,0xFF,0xFF,0xFF,0xFF,0xFF,0xFF,0xFF,0xFF,0xFF,0xFF,0xFF,0xFF,0xFF,0xFF,0xFF,
  0xFF,0xFF,0xFF,0xFF,0xFF,0xFF,0xE0,0x00,0x00,0x00,0x00,0x00,0x30,0xFF,0xFF,0xFF,
  0xFF,0xFF,0xFF,0xFF,0xFF,0xFF,0xFF,0xFF,0xFF,0xFF,0xFF,0xFF,0xFF,0xFF,0xFF,0xFF,
  0xFF,0xFF,0xFF,0xE0,0x00,0x00,0x00,0x00,0x00,0x30,0xFF,0xFF,0xFF,0xFF,0xFF,0xFF,
  0xFF,0xFF,0xFF,0xFF,0xFF,0xFF,0xFF,0xFF,0xFF,0xFF,0xFF,0xFF,0xFF,0xFF,0xFF,0xFF,
  0xE0,0x00,0x00,0x00,0x00,0x00,0x30,0xFF,0xFF,0xFF,0xFF,0xFF,0xFF,0xFF,0xFF,0xFF,
  0xFF,0xFF,0xFF,0xFF,0xFF,0xFF,0xFF,0xFF,0xFF,0xFF,0xFF,0xFF,0xFF,0xE0,0x00,0x00,
  0x00,0x00,0x00,0x30,0xFF,0xFF,0xFF,0xFF,0xFF,0xFF,0xFF,0xFF,0xFF,0xFF,0xFF,0xFF,
  0xFF,0xFF,0xFF,0xFF,0xFF,0xFF,0xFF,0xFF,0xFF,0xFF,0xD1,0x00,0x00,0x00,0x00,0x00,
  0x30,0xFF,0xFF,0xFF,0xFF,0xFF,0xFF,0xFF,0xFF,0xFF,0xFF,0xFF,0xFF,0xFF,0xFF,0xFF,
  0xFF,0xFF,0xFF,0xFF,0xFF,0xFF,0xFF,0x6C,0x00,0x00,0x00,0x00,0x00,0x00,0x00,0x00,
  0x00,0x00,0x00,0x00,0x00,0x00,0x00,0x00,0x00,0x00,0x00,0x00,0xAA,0xFF,0xFF,0xFF,
  0xFF,0xFF,0xFF,0xEE,0x0B,0x00,0x00,0x00,0x00,0x00,0x00,0x00,0x00,0x00,0x00,0x00,
  0x00,0x00,0x00,0x00,0x00,0x00,0x00,0x00,0x21,0xFC,0xFF,0xFF,0xFF,0xFF,0xFF,0xFF,
  0x86,0x00,0x00,0x00,0x00,0x00,0x00,0x00,0x00,0x00,0x00,0x00,0x00,0x00,0x00,0x00,
  0x00,0x00,0x00,0x00,0x00,0x92,0xFF,0xFF,0xFF,0xFF,0xFF,0xFF,0xF9,0x19,0x00,0x00,
  0x00,0x00,0x00,0x00,0x00,0x00,0x00,0x00,0x00,0x00,0x00,0x00,0x00,0x00,0x00,0x00,
  0x00,0x11,0xF4,0xFF,0xFF,0xFF,0xFF,0xFF,0xFF,0x9F,0x00,0x00,0x00,0x00,0x00,0x00,
  0x00,0x00,0x00,0x00,0x00,0x00,0x00,0x00,0x00,0x00,0x00,0x00,0x00,0x00,0x7A,0xFF,
  0xFF,0xFF,0xFF,0xFF,0xFF,0xFF,0x2D,0x00,0x00,0x00,0x00,0x00,0x00,0x00,0x00,0x00,
  0x00,0x00,0x00,0x00,0x00,0x00,0x00,0x00,0x00,0x00,0x06,0xE6,0xFF,0xFF,0xFF,0xFF,
  0xFF,0xFF,0xB9,0x00,0x00,0x00,0x00,0x00,0x00,0x00,0x00,0x00,0x00,0x00,0x00,0x00,
  0x00,0x00,0x00,0x00,0x00,0x00,0x00,0x61,0xFF,0xFF,0xFF,0xFF,0xFF,0xFF,0xFF,0x46,
  0x00,0x00,0x00,0x00,0x00,0x00,0x00,0x00,0x00,0x00,0x00,0x00,0x00,0x00,0x00,0x00,
  0x00,0x00,0x00,0x00,0xD3,0xFF,0xFF,0xFF,0xFF,0xFF,0xFF,0xD2,0x00,0x00,0x00,0x00,
  0x00,0x00,0x00,0x00,0x00,0x00,0x00,0x00,0x00,0x00,0x00,0x00,0x00,0x00,0x00,0x00,
  0x49,0xFF,0xFF,0xFF,0xFF,0xFF,0xFF,0xFF,0x5F,0x00,0x00,0x00,0x00,0x00,0x00,0x00,
  0x00,0x00,0x00,0x00,0x00,0x00,0x00,0x00,0x00,0x00,0x00,0x00,0x00,0xBD,0xFF,0xFF,
  0xFF,0xFF,0xFF,0xFF,0xE6,0x06,0x00,0x00,0x00,0x00,0x00,0x00,0x00,0x00,0x00,0x00,
  0x00,0x00,0x00,0x00,0x00,0x00,0x00,0x00,0x00,0x30,0xFF,0xFF,0xFF,0xFF,0xFF,0xFF,
  0xFF,0x79,0x00,0x00,0x00,0x00,0x00,0x00,0x00,0x00,0x00,0x00,0x00,0x00,0x00,0x00,
  0x00,0x00,0x00,0x00,0x00,0x00,0xA5,0xFF,0xFF,0xFF,0xFF,0xFF,0xFF,0xF4,0x12,0x00,
  0x00,0x00,0x00,0x00,0x00,0x00,0x00,0x00,0x00,0x00,0x00,0x00,0x00,0x00,0x00,0x00,
  0x00,0x00,0x1C,0xFB,0xFF,0xFF,0xFF,0xFF,0xFF,0xFF,0x93,0x00,0x00,0x00,0x00,0x00,
  0x00,0x00,0x00,0x00,0x00,0x00,0x00,0x00,0x00,0x00,0x00,0x00,0x00,0x00,0x00,0x8C,
  0xFF,0xFF,0xFF,0xFF,0xFF,0xFF,0xFD,0x23,0x00,0x00,0x00,0x00,0x00,0x00,0x00,0x00,
  0x00,0x00,0x00,0x00,0x00,0x00,0x00,0x00,0x00,0x00,0x00,0x0E,0xF1,0xFF,0xFF,0xFF,
  0xFF,0xFF,0xFF,0xAC,0x00,0x00,0x00,0x00,0x00,0x00,0x00,0x00,0x00,0x00,0x00,0x00,
  0x00,0x00,0x00,0x00,0x00,0x00,0x00,0x00,0x74,0xFF,0xFF,0xFF,0xFF,0xFF,0xFF,0xFF,
  0x39,0x00,0x00,0x00,0x00,0x00,0x00,0x00,0x00,0x00,0x00,0x00,0x00,0x00,0x00,0x00,
  0x00,0x00,0x00,0x00,0x04,0xE2,0xFF,0xFF,0xFF,0xFF,0xFF,0xFF,0xC6,0x00,0x00,0x00,
  0x00,0x00,0x00,0x00,0x00,0x00,0x00,0x00,0x00,0x00,0x00,0x00,0x00,0x00,0x00,0x00,
  0x00,0x5C,0xFF,0xFF,0xFF,0xFF,0xFF,0xFF,0xFF,0x53,0x00,0x00,0x00,0x00,0x00,0x00,
  0x00,0x00,0x00,0x00,0x00,0x00,0x00,0x00,0x00,0x00,0x00,0x00,0x00,0x00,0xCE,0xFF,
  0xFF,0xFF,0xFF,0xFF,0xFF,0xDD,0x02,0x00,0x00,0x00,0x00,0x00,0x00,0x00,0x00,0x00,
  0x00,0x00,0x00,0x00,0x00,0x00,0x00,0x00,0x00,0x00,0x43,0xFF,0xFF,0xFF,0xFF,0xFF,
  0xFF,0xFF,0x6D,0x00,0x00,0x00,0x00,0x00,0x00,0x00,0x00,0x00,0x00,0x00,0x00,0x00,
  0x00,0x00,0x00,0x00,0x00,0x00,0x00,0xB7,0xFF,0xFF,0xFF,0xFF,0xFF,0xFF,0xEE,0x0B,
  0x00,0x00,0x00,0x00,0x00,0x00,0x00,0x00,0x00,0x00,0x00,0x00,0x00,0x00,0x00,0x00,
  0x00,0x00,0x00,0x2B,0xFF,0xFF,0xFF,0xFF,0xFF,0xFF,0xFF,0x86,0x00,0x00,0x00,0x00,
  0x00,0x00,0x00,0x00,0x00,0x00,0x00,0x00,0x00,0x00,0x00,0x00,0x00,0x00,0x00,0x00,
  0x9F,0xFF,0xFF,0xFF,0xFF,0xFF,0xFF,0xF9,0x1A,0x00,0x00,0x00,0x00,0x00,0x00,0x00,
  0x00,0x00,0x00,0x00,0x00,0x00,0x00,0x00,0x00,0x00,0x00,0x00,0x19,0xF9,0xFF,0xFF,
  0xFF,0xFF,0xFF,0xFF,0xA0,0x00,0x00,0x00,0x00,0x00,0x00,0x00,0x00,0x00,0x00,0x00,
  0x00,0x00,0x00,0x00,0x00,0x00,0x00,0x00,0x00,0x86,0xFF,0xFF,0xFF,0xFF,0xFF,0xFF,
  0xFF,0x2E,0x00,0x00,0x00,0x00,0x00,0x00,0x00,0x00,0x00,0x00,0x00,0x00,0x00,0x00,
  0x00,0x00,0x00,0x00,0x00,0x00,0x00,0x00,0x21,0x70,0xA2,0xCB,0xE6,0xF2,0xFC,0xF5,
  0xE8,0xD4,0xAC,0x7F,0x33,0x00,0x00,0x00,0x00,0x00,0x00,0x00,0x00,0x00,0x00,0x00,
  0x00,0x00,0x00,0x3B,0xC1,0xFF,0xFF,0xFF,0xFF,0xFF,0xFF,0xFF,0xFF,0xFF,0xFF,0xFF,
  0xFF,0xFF,0xDA,0x59,0x01,0x00,0x00,0x00,0x00,0x00,0x00,0x00,0x00,0x00,0x00,0x7D,
  0xFF,0xFF,0xFF,0xFF,0xFF,0xFF,0xFF,0xFF,0xFF,0xFF,0xFF,0xFF,0xFF,0xFF,0xFF,0xFF,
  0xFF,0xAC,0x09,0x00,0x00,0x00,0x00,0x00,0x00,0x00,0x00,0x71,0xFF,0xFF,0xFF,0xFF,
  0xFF,0xFF,0xFF,0xFF,0xFF,0xFF,0xFF,0xFF,0xFF,0xFF,0xFF,0xFF,0xFF,0xFF,0xFF,0xA7,
  0x00,0x00,0x00,0x00,0x00,0x00,0x00,0x19,0xF7,0xFF,0xFF,0xFF,0xFF,0xFF,0xFF,0xFF,
  0xFF,0xFF,0xFF,0xFF,0xFF,0xFF,0xFF,0xFF,0xFF,0xFF,0xFF,0xFF,0xFF,0x45,0x00,0x00,
  0x00,0x00,0x00,0x00,0x70,0xFF,0xFF,0xFF,0xFF,0xFF,0xFF,0xFF,0xF4,0x7C,0x28,0x09,
  0x1F,0x60,0xE4,0xFF,0xFF,0xFF,0xFF,0xFF,0xFF,0xFF,0xA4,0x00,0x00,0x00,0x00,0x00,
  0x00,0xA6,0xFF,0xFF,0xFF,0xFF,0xFF,0xFF,0xFF,0x43,0x00,0x00,0x00,0x00,0x00,0x1D,
  0xF3,0xFF,0xFF,0xFF,0xFF,0xFF,0xFF,0xD8,0x00,0x00,0x00,0x00,0x00,0x00,0xBD,0xFF,
  0xFF,0xFF,0xFF,0xFF,0xFF,0xD4,0x00,0x00,0x00,0x00,0x00,0x00,0x00,0xA4,0xFF,0xFF,
  0xFF,0xFF,0xFF,0xFF,0xF0,0x00,0x00,0x00,0x00,0x00,0x00,0xB5,0xFF,0xFF,0xFF,0xFF,
  0xFF,0xFF,0xB8,0x00,0x00,0x00,0x00,0x00,0x00,0x00,0x89,0xFF,0xFF,0xFF,0xFF,0xFF,
  0xFF,0xE7,0x00,0x00,0x00,0x00,0x00,0x00,0x87,0xFF,0xFF,0xFF,0xFF,0xFF,0xFF,0xD5,
  0x00,0x00,0x00,0x00,0x00,0x00,0x00,0xA6,0xFF,0xFF,0xFF,0xFF,0xFF,0xFF,0xBA,0x00,
  0x00,0x00,0x00,0x00,0x00,0x30,0xFF,0xFF,0xFF,0xFF,0xFF,0xFF,0xFF,0x42,0x00,0x00,
  0x00,0x00,0x00,0x1E,0xF4,0xFF,0xFF,0xFF,0xFF,0xFF,0xFF,0x61,0x00,0x00,0x00,0x00,
  0x00,0x00,0x00,0x9D,0xFF,0xFF,0xFF,0xFF,0xFF,0xFF,0xF2,0x79,0x26,0x09,0x1E,0x60,
  0xE3,0xFF,0xFF,0xFF,0xFF,0xFF,0xFF,0xC9,0x04,0x00,0x00,0x00,0x00,0x00,0x00,0x00,
  0x06,0xAC,0xFF,0xFF,0xFF,0xFF,0xFF,0xFF,0xFF,0xFF,0xFF,0xFF,0xFF,0xFF,0xFF,0xFF,
  0xFF,0xFF,0xFF,0xCC,0x16,0x00,0x00,0x00,0x00,0x00,0x00,0x00,0x00,0x00,0x00,0x5D,
  0xDB,0xFF,0xFF,0xFF,0xFF,0xFF,0xFF,0xFF,0xFF,0xFF,0xFF,0xFF,0xFF,0xFF,0xEB,0x78,
  0x06,0x00,0x00,0x00,0x00,0x00,0x00,0x00,0x00,0x00,0x00,0x00,0x00,0x27,0xBD,0xFF,
  0xFF,0xFF,0xFF,0xFF,0xFF,0xFF,0xFF,0xFF,0xFF,0xFF,0xD7,0x3D,0x00,0x00,0x00,0x00,
  0x00,0x00,0x00,0x00,0x00,0x00,0x00,0x00,0x17,0xA6,0xFE,0xFF,0xFF,0xFF,0xFF,0xFF,
  0xFF,0xFF,0xFF,0xFF,0xFF,0xFF,0xFF,0xFF,0xFF,0xBF,0x2B,0x00,0x00,0x00,0x00,0x00,
  0x00,0x00,0x00,0x00,0x2D,0xE7,0xFF,0xFF,0xFF,0xFF,0xFF,0xFF,0xFF,0xFF,0xFF,0xFF,
  0xFF,0xFF,0xFF,0xFF,0xFF,0xFF,0xFF,0xF5,0x4C,0x00,0x00,0x00,0x00,0x00,0x00,0x00,
  0x13,0xE6,0xFF,0xFF,0xFF,0xFF,0xFF,0xFF,0xEB,0x6C,0x1E,0x05,0x14,0x55,0xD7,0xFF,
  0xFF,0xFF,0xFF,0xFF,0xFF,0xF7,0x2E,0x00,0x00,0x00,0x00,0x00,0x00,0x96,0xFF,0xFF,
  0xFF,0xFF,0xFF,0xFF,0xF1,0x26,0x00,0x00,0x00,0x00,0x00,0x0E,0xD5,0xFF,0xFF,0xFF,
  0xFF,0xFF,0xFF,0xC3,0x00,0x00,0x00,0x00,0x00,0x0A,0xF4,0xFF,0xFF,0xFF,0xFF,0xFF,
  0xFF,0x7D,0x00,0x00,0x00,0x00,0x00,0x00,0x00,0x4B,0xFF,0xFF,0xFF,0xFF,0xFF,0xFF,
  0xFF,0x2D,0x00,0x00,0x00,0x00,0x3F,0xFF,0xFF,0xFF,0xFF,0xFF,0xFF,0xFF,0x30,0x00,
  0x00,0x00,0x00,0x00,0x00,0x00,0x06,0xF9,0xFF,0xFF,0xFF,0xFF,0xFF,0xFF,0x6D,0x00,
  0x00,0x00,0x00,0x61,0xFF,0xFF,0xFF,0xFF,0xFF,0xFF,0xFF,0x10,0x00,0x00,0x00,0x00,
  0x00,0x00,0x00,0x00,0xE1,0xFF,0xFF,0xFF,0xFF,0xFF,0xFF,0x90,0x00,0x00,0x00,0x00,
  0x6A,0xFF,0xFF,0xFF,0xFF,0xFF,0xFF,0xFF,0x0F,0x00,0x00,0x00,0x00,0x00,0x00,0x00,
  0x00,0xE0,0xFF,0xFF,0xFF,0xFF,0xFF,0xFF,0x9A,0x00,0x00,0x00,0x00,0x58,0xFF,0xFF,
  0xFF,0xFF,0xFF,0xFF,0xFF,0x2F,0x00,0x00,0x00,0x00,0x00,0x00,0x00,0x06,0xF8,0xFF,
  0xFF,0xFF,0xFF,0xFF,0xFF,0x87,0x00,0x00,0x00,0x00,0x3F,0xFF,0xFF,0xFF,0xFF,0xFF,
  0xFF,0xFF,0x7B,0x00,0x00,0x00,0x00,0x00,0x00,0x00,0x4A,0xFF,0xFF,0xFF,0xFF,0xFF,
  0xFF,0xFF,0x6D,0x00,0x00,0x00,0x00,0x08,0xF5,0xFF,0xFF,0xFF,0xFF,0xFF,0xFF,0xEF,
  0x23,0x00,0x00,0x00,0x00,0x00,0x0C,0xD3,0xFF,0xFF,0xFF,0xFF,0xFF,0xFF,0xFF,0x2D,
  0x00,0x00,0x00,0x00,0x00,0xAB,0xFF,0xFF,0xFF,0xFF,0xFF,0xFF,0xFF,0xE9,0x6A,0x1D,
  0x04,0x13,0x53,0xD5,0xFF,0xFF,0xFF,0xFF,0xFF,0xFF,0xFF,0xDB,0x00,0x00,0x00,0x00,
  0x00,0x00,0x28,0xFB,0xFF,0xFF,0xFF,0xFF,0xFF,0xFF,0xFF,0xFF,0xFF,0xFF,0xFF,0xFF,
  0xFF,0xFF,0xFF,0xFF,0xFF,0xFF,0xFF,0xFF,0x53,0x00,0x00,0x00,0x00,0x00,0x00,0x00,
  0x70,0xFF,0xFF,0xFF,0xFF,0xFF,0xFF,0xFF,0xFF,0xFF,0xFF,0xFF,0xFF,0xFF,0xFF,0xFF,
  0xFF,0xFF,0xFF,0xFF,0xA1,0x00,0x00,0x00,0x00,0x00,0x00,0x00,0x00,0x00,0x70,0xF9,
  0xFF,0xFF,0xFF,0xFF,0xFF,0xFF,0xFF,0xFF,0xFF,0xFF,0xFF,0xFF,0xFF,0xFF,0xFF,0xFF,
  0x9A,0x03,0x00,0x00,0x00,0x00,0x00,0x00,0x00,0x00,0x00,0x00,0x29,0xB2,0xFB,0xFF,
  0xFF,0xFF,0xFF,0xFF,0xFF,0xFF,0xFF,0xFF,0xFF,0xFF,0xFF,0xC9,0x44,0x00,0x00,0x00,
  0x00,0x00,0x00,0x00,0x00,0x00,0x00,0x00,0x00,0x00,0x00,0x17,0x67,0x9B,0xCA,0xE3,
  0xF1,0xFC,0xF4,0xE7,0xD3,0xA6,0x75,0x27,0x00,0x00,0x00,0x00,0x00,0x00,0x00,0x00,
  0x00,0x00,0x00,0x00,0x00,0x00,0x00,0x00,0x09,0x56,0x95,0xCD,0xE3,0xF6,0xF9,0xEA,
  0xC7,0x91,0x45,0x02,0x00,0x00,0x00,0x00,0x00,0x00,0x00,0x00,0x00,0x00,0x00,0x00,
  0x00,0x00,0x00,0x08,0x7C,0xEA,0xFF,0xFF,0xFF,0xFF,0xFF,0xFF,0xFF,0xFF,0xFF,0xFF,
  0xDB,0x53,0x00,0x00,0x00,0x00,0x00,0x00,0x00,0x00,0x00,0x00,0x00,0x00,0x00,0x25,
  0xD0,0xFF,0xFF,0xFF,0xFF,0xFF,0xFF,0xFF,0xFF,0xFF,0xFF,0xFF,0xFF,0xFF,0xFF,0xA1,
  0x06,0x00,0x00,0x00,0x00,0x00,0x00,0x00,0x00,0x00,0x00,0x23,0xEB,0xFF,0xFF,0xFF,
  0xFF,0xFF,0xFF,0xFF,0xFF,0xFF,0xFF,0xFF,0xFF,0xFF,0xFF,0xFF,0xFF,0xB4,0x04,0x00,
  0x00,0x00,0x00,0x00,0x00,0x00,0x00,0x0C,0xD9,0xFF,0xFF,0xFF,0xFF,0xFF,0xFF,0xFF,
  0xFF,0xFF,0xFF,0xFF,0xFF,0xFF,0xFF,0xFF,0xFF,0xFF,0xFF,0x84,0x00,0x00,0x00,0x00,
  0x00,0x00,0x00,0x00,0x7F,0xFF,0xFF,0xFF,0xFF,0xFF,0xFF,0xFF,0xBF,0x3C,0x0A,0x0D,
  0x47,0xCE,0xFF,0xFF,0xFF,0xFF,0xFF,0xFF,0xFA,0x2C,0x00,0x00,0x00,0x00,0x00,0x00,
  0x0D,0xF2,0xFF,0xFF,0xFF,0xFF,0xFF,0xFF,0xC4,0x05,0x00,0x00,0x00,0x00,0x0D,0xD9,
  0xFF,0xFF,0xFF,0xFF,0xFF,0xFF,0xBC,0x00,0x00,0x00,0x00,0x00,0x00,0x50,0xFF,0xFF,
  0xFF,0xFF,0xFF,0xFF,0xFF,0x41,0x00,0x00,0x00,0x00,0x00,0x00,0x5E,0xFF,0xFF,0xFF,
  0xFF,0xFF,0xFF,0xFE,0x23,0x00,0x00,0x00,0x00,0x00,0x95,0xFF,0xFF,0xFF,0xFF,0xFF,
  0xFF,0xF6,0x02,0x00,0x00,0x00,0x00,0x00,0x00,0x15,0xFF,0xFF,0xFF,0xFF,0xFF,0xFF,
  0xFF,0x84,0x00,0x00,0x00,0x00,0x00,0xB5,0xFF,0xFF,0xFF,0xFF,0xFF,0xFF,0xD5,0x00,
  0x00,0x00,0x00,0x00,0x00,0x00,0x00,0xF2,0xFF,0xFF,0xFF,0xFF,0xFF,0xFF,0xCF,0x00,
  0x00,0x00,0x00,0x00,0xCA,0xFF,0xFF,0xFF,0xFF,0xFF,0xFF,0xCB,0x00,0x00,0x00,0x00,
  0x00,0x00,0x00,0x00,0xE7,0xFF,0xFF,0xFF,0xFF,0xFF,0xFF,0xFA,0x07,0x00,0x00,0x00,
  0x00,0xC9,0xFF,0xFF,0xFF,0xFF,0xFF,0xFF,0xD5,0x00,0x00,0x00,0x00,0x00,0x00,0x00,
  0x00,0xF2,0xFF,0xFF,0xFF,0xFF,0xFF,0xFF,0xFF,0x34,0x00,0x00,0x00,0x00,0xB3,0xFF,
  0xFF,0xFF,0xFF,0xFF,0xFF,0xF5,0x02,0x00,0x00,0x00,0x00,0x00,0x00,0x15,0xFF,0xFF,
  0xFF,0xFF,0xFF,0xFF,0xFF,0xFF,0x58,0x00,0x00,0x00,0x00,0x8A,0xFF,0xFF,0xFF,0xFF,
  0xFF,0xFF,0xFF,0x3F,0x00,0x00,0x00,0x00,0x00,0x00,0x5C,0xFF,0xFF,0xFF,0xFF,0xFF,
  0xFF,0xFF,0xFF,0x67,0x00,0x00,0x00,0x00,0x43,0xFF,0xFF,0xFF,0xFF,0xFF,0xFF,0xFF,
  0xC2,0x04,0x00,0x00,0x00,0x00,0x0C,0xD8,0xFF,0xFF,0xFF,0xFF,0xFF,0xFF,0xFF,0xFF,
  0x77,0x00,0x00,0x00,0x00,0x04,0xDA,0xFF,0xFF,0xFF,0xFF,0xFF,0xFF,0xFF,0xBC,0x3B,
  0x09,0x0C,0x45,0xCC,0xFF,0xFF,0xFF,0xFF,0xFF,0xFF,0xFF,0xFF,0xFF,0x83,0x00,0x00,
  0x00,0x00,0x00,0x56,0xFF,0xFF,0xFF,0xFF,0xFF,0xFF,0xFF,0xFF,0xFF,0xFF,0xFF,0xFF,
  0xFF,0xFF,0xFF,0xFF,0xFF,0xFF,0xFF,0xFF,0xFF,0xFF,0x78,0x00,0x00,0x00,0x00,0x00,
  0x00,0x96,0xFF,0xFF,0xFF,0xFF,0xFF,0xFF,0xFF,0xFF,0xFF,0xFF,0xFF,0xFF,0xFF,0xFF,
  0xFF,0xFF,0xFF,0xFF,0xFF,0xFF,0xFF,0x66,0x00,0x00,0x00,0x00,0x00,0x00,0x04,0x99,
  0xFF,0xFF,0xFF,0xFF,0xFF,0xFF,0xFF,0xFF,0xFF,0xFF,0xFF,0xFF,0xFF,0xFF,0xFF,0xFF,
  0xFF,0xFF,0xFF,0xFF,0x55,0x00,0x00,0x00,0x00,0x00,0x00,0x00,0x00,0x5A,0xDE,0xFF,
  0xFF,0xFF,0xFF,0xFF,0xFF,0xFF,0xFF,0xFF,0xE1,0x5E,0xFF,0xFF,0xFF,0xFF,0xFF,0xFF,
  0xFF,0x38,0x00,0x00,0x00,0x00,0x00,0x00,0x00,0x00,0x00,0x04,0x53,0x9A,0xD3,0xEA,
  0xFB,0xF1,0xD7,0xA1,0x52,0x04,0x30,0xFF,0xFF,0xFF,0xFF,0xFF,0xFF,0xF8,0x07,0x00,
  0x00,0x00,0x00,0x00,0x00,0x00,0x00,0x00,0x00,0x00,0x00,0x00,0x00,0x00,0x00,0x00,
  0x00,0x00,0x00,0x6E,0xFF,0xFF,0xFF,0xFF,0xFF,0xFF,0xC6,0x00,0x00,0x00,0x00,0x00,
  0x00,0x00,0x00,0x00,0x00,0x00,0x00,0x00,0x00,0x00,0x00,0x00,0x00,0x00,0x00,0x00,
  0xC0,0xFF,0xFF,0xFF,0xFF,0xFF,0xFF,0x85,0x00,0x00,0x00,0x00,0x00,0x00,0x00,0x00,
  0x00,0x00,0x00,0x00,0x00,0x00,0x00,0x00,0x00,0x00,0x00,0x00,0x39,0xFF,0xFF,0xFF,
  0xFF,0xFF,0xFF,0xFC,0x1F,0x00,0x00,0x00,0x00,0x00,0x00,0x00,0x00,0x00,0x00,0x00,
  0x00,0x00,0x00,0x00,0x00,0x00,0x00,0x00,0x0E,0xD8,0xFF,0xFF,0xFF,0xFF,0xFF,0xFF,
  0xAE,0x00,0x00,0x00,0x00,0x00,0x00,0x00,0x00,0xA5,0x62,0x07,0x00,0x00,0x00,0x00,
  0x00,0x00,0x00,0x00,0x1E,0xCC,0xFF,0xFF,0xFF,0xFF,0xFF,0xFF,0xFA,0x31,0x00,0x00,
  0x00,0x00,0x00,0x00,0x00,0x00,0xCC,0xFF,0xEF,0x9C,0x59,0x25,0x0D,0x05,0x18,0x48,
  0x96,0xF7,0xFF,0xFF,0xFF,0xFF,0xFF,0xFF,0xFF,0x7A,0x00,0x00,0x00,0x00,0x00,0x00,
  0x00,0x00,0x00,0xCC,0xFF,0xFF,0xFF,0xFF,0xFF,0xFF,0xFF,0xFF,0xFF,0xFF,0xFF,0xFF,
  0xFF,0xFF,0xFF,0xFF,0xFF,0xBE,0x02,0x00,0x00,0x00,0x00,0x00,0x00,0x00,0x00,0x00,
  0xCC,0xFF,0xFF,0xFF,0xFF,0xFF,0xFF,0xFF,0xFF,0xFF,0xFF,0xFF,0xFF,0xFF,0xFF,0xFF,
  0xFF,0xC3,0x0D,0x00,0x00,0x00,0x00,0x00,0x00,0x00,0x00,0x00,0x00,0xCC,0xFF,0xFF,
  0xFF,0xFF,0xFF,0xFF,0xFF,0xFF,0xFF,0xFF,0xFF,0xFF,0xFF,0xFF,0xFE,0x96,0x06,0x00,
  0x00,0x00,0x00,0x00,0x00,0x00,0x00,0x00,0x00,0x00,0xCC,0xFF,0xFF,0xFF,0xFF,0xFF,
  0xFF,0xFF,0xFF,0xFF,0xFF,0xFF,0xFF,0xFF,0xBC,0x3A,0x00,0x00,0x00,0x00,0x00,0x00,
  0x00,0x00,0x00,0x00,0x00,0x00,0x00,0x10,0x41,0x73,0xA4,0xC6,0xD7,0xE6,0xF6,0xFC,
  0xF1,0xD7,0xAF,0x73,0x23,0x00,0x00,0x00,0x00,0x00,0x00,0x00,0x00,0x00,0x00,0x00,
  0x00,0x00,0x00,0x00,0xB8,0xFF,0xFF,0xFF,0xFF,0xFF,0xFF,0xAC,0x00,0x00,0x00,0x00,
  0x00,0x00,0x00,0x00,0xB8,0xFF,0xFF,0xFF,0xFF,0xFF,0xFF,0xAC,0x00,0x00,0x00,0x00,
  0x00,0x00,0x00,0x00,0xB8,0xFF,0xFF,0xFF,0xFF,0xFF,0xFF,0xAC,0x00,0x00,0x00,0x00,
  0x00,0x00,0x00,0x00,0xB8,0xFF,0xFF,0xFF,0xFF,0xFF,0xFF,0xAC,0x00,0x00,0x00,0x00,
  0x00,0x00,0x00,0x00,0xB8,0xFF,0xFF,0xFF,0xFF,0xFF,0xFF,0xAC,0x00,0x00,0x00,0x00,
  0x00,0x00,0x00,0x00,0xB8,0xFF,0xFF,0xFF,0xFF,0xFF,0xFF,0xAC,0x00,0x00,0x00,0x00,
  0x00,0x00,0x00,0x00,0xB8,0xFF,0xFF,0xFF,0xFF,0xFF,0xFF,0xAC,0x00,0x00,0x00,0x00,
  0x00,0x00,0x00,0x00,0xB8,0xFF,0xFF,0xFF,0xFF,0xFF,0xFF,0xAC,0x00,0x00,0x00,0x00,
  0x00,0x00,0xB8,0xFF,0xFF,0xFF,0xFF,0xFF,0xFF,0xFF,0xFF,0xFF,0xFF,0xFF,0xFF,0x28,
  0x00,0x00,0x00,0xB8,0xFF,0xFF,0xFF,0xFF,0xFF,0xFF,0xFF,0xFF,0xFF,0xFF,0xFF,0xFF,
  0x28,0x00,0x00,0x00,0xB8,0xFF,0xFF,0xFF,0xFF,0xFF,0xFF,0xFF,0xFF,0xFF,0xFF,0xFF,
  0xFF,0x28,0x00,0x00,0x00,0xB8,0xFF,0xFF,0xFF,0xFF,0xFF,0xFF,0xFF,0xFF,0xFF,0xFF,
  0xFF,0xFF,0x28,0x00,0x00,0x00,0xB8,0xFF,0xFF,0xFF,0xFF,0xFF,0xFF,0xFF,0xFF,0xFF,
  0xFF,0xFF,0xFF,0x28,0x00,0x00,0x00,0xB8,0xFF,0xFF,0xFF,0xFF,0xFF,0xFF,0xFF,0xFF,
  0xFF,0xFF,0xFF,0xFF,0x28,0x00,0x00,0x00,0x00,0x00,0x00,0x00,0x00,0x00,0x00,0x00,
  0x00,0x00,0x00,0x00,0x00,0x00,0x00,0x00,0x00,0x00,0x00,0x00,0x00,0x00,0x00,0x00,
  0x00,0x00,0x00,0x00,0x00,0x00,0x00,0x00,0x00,0x00,0x00,0x00,0x00,0x00,0x00,0x00,
  0x00,0x00,0x00,0x00,0x00,0x00,0x00,0x00,0x00,0x00,0x00,0x00,0x00,0x00,0x00,0x00,
  0x00,0x00,0x00,0x00,0x00,0x00,0x00,0x00,0x00,0x00,0x00,0x00,0x00,0x00,0x00,0x00,
  0x00,0x00,0x00,0x00,0x00,0x00,0x00,0x00,0x00,0x00,0x00,0x00,0x00,0x00,0x00,0x00,
  0x00,0x00,0x00,0x00,0x00,0x00,0x00,0x00,0x00,0x00,0x00,0x00,0x00,0x00,0x00,0x00,
  0x00,0x00,0x00,0x00,0x00,0x00,0x00,0x00,0x00,0x00,0x00,0x00,0x00,0x00,0x00,0x00,
  0x00,0x00,0x00,0x00,0x00,0x00,0x00,0x00,0x00,0x00,0x00,0x00,0x00,0x00,0x00,0x00,
  0x00,0x00,0x00,0x00,0x00,0x00,0x00,0x00,0x00,0x00,0x00,0x00,0x00,0x00,0x00,
};

// VLW_SPEED: 56 px, 13 glifi, 17537 byte
const uint8_t VLW_SPEED[] PROGMEM = {
  0x00,0x00,0x00,0x0D,0x00,0x00,0x00,0x0B,0x00,0x00,0x00,0x38,0x00,0x00,0x00,0x00,
  0x00,0x00,0x00,0x34,0x00,0x00,0x00,0x0E,0x00,0x00,0x00,0x30,0x00,0x00,0x00,0x2B,
  0x00,0x00,0x00,0x27,0x00,0x00,0x00,0x27,0x00,0x00,0x00,0x2A,0x00,0x00,0x00,0x00,
  0x00,0x00,0x00,0x00,0x00,0x00,0x00,0x31,0x00,0x00,0x00,0x29,0x00,0x00,0x00,0x27,
  0x00,0x00,0x00,0x27,0x00,0x00,0x00,0x29,0x00,0x00,0x00,0x00,0x00,0x00,0x00,0x00,
  0x00,0x00,0x00,0x32,0x00,0x00,0x00,0x2A,0x00,0x00,0x00,0x27,0x00,0x00,0x00,0x27,
  0x00,0x00,0x00,0x2A,0x00,0x00,0x00,0x00,0x00,0x00,0x00,0x00,0x00,0x00,0x00,0x33,
  0x00,0x00,0x00,0x2B,0x00,0x00,0x00,0x27,0x00,0x00,0x00,0x27,0x00,0x00,0x00,0x2A,
  0x00,0x00,0x00,0x00,0x00,0x00,0x00,0x00,0x00,0x00,0x00,0x34,0x00,0x00,0x00,0x29,
  0x00,0x00,0x00,0x27,0x00,0x00,0x00,0x27,0x00,0x00,0x00,0x29,0x00,0x00,0x00,0x00,
  0x00,0x00,0x00,0x00,0x00,0x00,0x00,0x35,0x00,0x00,0x00,0x2A,0x00,0x00,0x00,0x27,
  0x00,0x00,0x00,0x27,0x00,0x00,0x00,0x29,0x00,0x00,0x00,0x00,0x00,0x00,0x00,0x00,
  0x00,0x00,0x00,0x36,0x00,0x00,0x00,0x2B,0x00,0x00,0x00,0x27,0x00,0x00,0x00,0x27,
  0x00,0x00,0x00,0x2A,0x00,0x00,0x00,0x00,0x00,0x00,0x00,0x00,0x00,0x00,0x00,0x37,
  0x00,0x00,0x00,0x29,0x00,0x00,0x00,0x27,0x00,0x00,0x00,0x27,0x00,0x00,0x00,0x29,
  0x00,0x00,0x00,0x00,0x00,0x00,0x00,0x00,0x00,0x00,0x00,0x38,0x00,0x00,0x00,0x2B,
  0x00,0x00,0x00,0x27,0x00,0x00,0x00,0x27,0x00,0x00,0x00,0x2A,0x00,0x00,0x00,0x00,
  0x00,0x00,0x00,0x00,0x00,0x00,0x00,0x39,0x00,0x00,0x00,0x2B,0x00,0x00,0x00,0x27,
  0x00,0x00,0x00,0x27,0x00,0x00,0x00,0x2A,0x00,0x00,0x00,0x00,0x00,0x00,0x00,0x00,
  0x00,0x00,0x00,0x2E,0x00,0x00,0x00,0x0B,0x00,0x00,0x00,0x15,0x00,0x00,0x00,0x15,
  0x00,0x00,0x00,0x0B,0x00,0x00,0x00,0x00,0x00,0x00,0x00,0x00,0x00,0x00,0x00,0x2D,
  0x00,0x00,0x00,0x14,0x00,0x00,0x00,0x17,0x00,0x00,0x00,0x17,0x00,0x00,0x00,0x14,
  0x00,0x00,0x00,0x00,0x00,0x00,0x00,0x00,0x00,0x00,0x00,0x20,0x00,0x00,0x00,0x00,
  0x00,0x00,0x00,0x00,0x00,0x00,0x00,0x14,0x00,0x00,0x00,0x00,0x00,0x00,0x00,0x00,
  0x00,0x00,0x00,0x00,0x00,0x00,0x00,0x00,0x00,0x00,0x00,0x00,0x00,0x00,0x00,0x00,
  0x00,0x10,0x58,0x97,0xC2,0xE4,0xF4,0xFD,0xF4,0xE4,0xC2,0x96,0x56,0x0F,0x00,0x00,
  0x00,0x00,0x00,0x00,0x00,0x00,0x00,0x00,0x00,0x00,0x00,0x00,0x00,0x00,0x00,0x00,
  0x00,0x00,0x00,0x00,0x00,0x00,0x29,0xA5,0xF7,0xFF,0xFF,0xFF,0xFF,0xFF,0xFF,0xFF,
  0xFF,0xFF,0xFF,0xFF,0xF6,0xA2,0x26,0x00,0x00,0x00,0x00,0x00,0x00,0x00,0x00,0x00,
  0x00,0x00,0x00,0x00,0x00,0x00,0x00,0x00,0x00,0x00,0x00,0x08,0x8F,0xFC,0xFF,0xFF,
  0xFF,0xFF,0xFF,0xFF,0xFF,0xFF,0xFF,0xFF,0xFF,0xFF,0xFF,0xFF,0xFF,0xFB,0x89,0x06,
  0x00,0x00,0x00,0x00,0x00,0x00,0x00,0x00,0x00,0x00,0x00,0x00,0x00,0x00,0x00,0x00,
  0x00,0x19,0xCF,0xFF,0xFF,0xFF,0xFF,0xFF,0xFF,0xFF,0xFF,0xFF,0xFF,0xFF,0xFF,0xFF,
  0xFF,0xFF,0xFF,0xFF,0xFF,0xFF,0xCA,0x15,0x00,0x00,0x00,0x00,0x00,0x00,0x00,0x00,
  0x00,0x00,0x00,0x00,0x00,0x00,0x00,0x19,0xDE,0xFF,0xFF,0xFF,0xFF,0xFF,0xFF,0xFF,
  0xFF,0xFF,0xFF,0xFF,0xFF,0xFF,0xFF,0xFF,0xFF,0xFF,0xFF,0xFF,0xFF,0xFF,0xD9,0x15,
  0x00,0x00,0x00,0x00,0x00,0x00,0x00,0x00,0x00,0x00,0x00,0x00,0x00,0x09,0xCE,0xFF,
  0xFF,0xFF,0xFF,0xFF,0xFF,0xFF,0xFF,0xFF,0xFF,0xFF,0xFF,0xFF,0xFF,0xFF,0xFF,0xFF,
  0xFF,0xFF,0xFF,0xFF,0xFF,0xFF,0xC8,0x06,0x00,0x00,0x00,0x00,0x00,0x00,0x00,0x00,
  0x00,0x00,0x00,0x00,0x92,0xFF,0xFF,0xFF,0xFF,0xFF,0xFF,0xFF,0xFF,0xFF,0xFF,0xFF,
  0xFF,0xFF,0xFF,0xFF,0xFF,0xFF,0xFF,0xFF,0xFF,0xFF,0xFF,0xFF,0xFF,0xFF,0x89,0x00,
  0x00,0x00,0x00,0x00,0x00,0x00,0x00,0x00,0x00,0x00,0x34,0xFE,0xFF,0xFF,0xFF,0xFF,
  0xFF,0xFF,0xFF,0xFF,0xFF,0xDE,0x66,0x21,0x08,0x21,0x66,0xDE,0xFF,0xFF,0xFF,0xFF,
  0xFF,0xFF,0xFF,0xFF,0xFF,0xFD,0x2D,0x00,0x00,0x00,0x00,0x00,0x00,0x00,0x00,0x00,
  0x00,0xBE,0xFF,0xFF,0xFF,0xFF,0xFF,0xFF,0xFF,0xFF,0xFF,0xCA,0x12,0x00,0x00,0x00,
  0x00,0x00,0x13,0xCC,0xFF,0xFF,0xFF,0xFF,0xFF,0xFF,0xFF,0xFF,0xFF,0xB5,0x00,0x00,
  0x00,0x00,0x00,0x00,0x00,0x00,0x00,0x32,0xFF,0xFF,0xFF,0xFF,0xFF,0xFF,0xFF,0xFF,
  0xFF,0xF7,0x22,0x00,0x00,0x00,0x00,0x00,0x00,0x00,0x25,0xF9,0xFF,0xFF,0xFF,0xFF,
  0xFF,0xFF,0xFF,0xFF,0xFF,0x2A,0x00,0x00,0x00,0x00,0x00,0x00,0x00,0x00,0x9C,0xFF,
  0xFF,0xFF,0xFF,0xFF,0xFF,0xFF,0xFF,0xFF,0x90,0x00,0x00,0x00,0x00,0x00,0x00,0x00,
  0x00,0x00,0x95,0xFF,0xFF,0xFF,0xFF,0xFF,0xFF,0xFF,0xFF,0xFF,0x92,0x00,0x00,0x00,
  0x00,0x00,0x00,0x00,0x04,0xEC,0xFF,0xFF,0xFF,0xFF,0xFF,0xFF,0xFF,0xFF,0xFF,0x35,
  0x00,0x00,0x00,0x00,0x00,0x00,0x00,0x00,0x00,0x3B,0xFF,0xFF,0xFF,0xFF,0xFF,0xFF,
  0xFF,0xFF,0xFF,0xE5,0x01,0x00,0x00,0x00,0x00,0x00,0x00,0x3E,0xFF,0xFF,0xFF,0xFF,
  0xFF,0xFF,0xFF,0xFF,0xFF,0xF0,0x01,0x00,0x00,0x00,0x00,0x00,0x00,0x00,0x00,0x00,
  0x03,0xF5,0xFF,0xFF,0xFF,0xFF,0xFF,0xFF,0xFF,0xFF,0xFF,0x35,0x00,0x00,0x00,0x00,
  0x00,0x00,0x7B,0xFF,0xFF,0xFF,0xFF,0xFF,0xFF,0xFF,0xFF,0xFF,0xBF,0x00,0x00,0x00,
  0x00,0x00,0x00,0x00,0x00,0x00,0x00,0x00,0xC6,0xFF,0xFF,0xFF,0xFF,0xFF,0xFF,0xFF,
  0xFF,0xFF,0x72,0x00,0x00,0x00,0x00,0x00,0x00,0xB3,0xFF,0xFF,0xFF,0xFF,0xFF,0xFF,
  0xFF,0xFF,0xFF,0x97,0x00,0x00,0x00,0x00,0x00,0x00,0x00,0x00,0x00,0x00,0x00,0x9F,
  0xFF,0xFF,0xFF,0xFF,0xFF,0xFF,0xFF,0xFF,0xFF,0xAA,0x00,0x00,0x00,0x00,0x00,0x00,
  0xDD,0xFF,0xFF,0xFF,0xFF,0xFF,0xFF,0xFF,0xFF,0xFF,0x79,0x00,0x00,0x00,0x00,0x00,
  0x00,0x00,0x00,0x00,0x00,0x00,0x81,0xFF,0xFF,0xFF,0xFF,0xFF,0xFF,0xFF,0xFF,0xFF,
  0xD4,0x00,0x00,0x00,0x00,0x00,0x06,0xFD,0xFF,0xFF,0xFF,0xFF,0xFF,0xFF,0xFF,0xFF,
  0xFF,0x61,0x00,0x00,0x00,0x00,0x00,0x00,0x00,0x00,0x00,0x00,0x00,0x69,0xFF,0xFF,
  0xFF,0xFF,0xFF,0xFF,0xFF,0xFF,0xFF,0xF8,0x01,0x00,0x00,0x00,0x00,0x1D,0xFF,0xFF,
  0xFF,0xFF,0xFF,0xFF,0xFF,0xFF,0xFF,0xFF,0x4F,0x00,0x00,0x00,0x00,0x00,0x00,0x00,
  0x00,0x00,0x00,0x00,0x58,0xFF,0xFF,0xFF,0xFF,0xFF,0xFF,0xFF,0xFF,0xFF,0xFF,0x14,
  0x00,0x00,0x00,0x00,0x34,0xFF,0xFF,0xFF,0xFF,0xFF,0xFF,0xFF,0xFF,0xFF,0xFF,0x43,
  0x00,0x00,0x00,0x00,0x00,0x00,0x00,0x00,0x00,0x00,0x00,0x4C,0xFF,0xFF,0xFF,0xFF,
  0xFF,0xFF,0xFF,0xFF,0xFF,0xFF,0x2A,0x00,0x00,0x00,0x00,0x42,0xFF,0xFF,0xFF,0xFF,
  0xFF,0xFF,0xFF,0xFF,0xFF,0xFF,0x39,0x00,0x00,0x00,0x00,0x00,0x00,0x00,0x00,0x00,
  0x00,0x00,0x43,0xFF,0xFF,0xFF,0xFF,0xFF,0xFF,0xFF,0xFF,0xFF,0xFF,0x39,0x00,0x00,
  0x00,0x00,0x49,0xFF,0xFF,0xFF,0xFF,0xFF,0xFF,0xFF,0xFF,0xFF,0xFF,0x36,0x00,0x00,
  0x00,0x00,0x00,0x00,0x00,0x00,0x00,0x00,0x00,0x3F,0xFF,0xFF,0xFF,0xFF,0xFF,0xFF,
  0xFF,0xFF,0xFF,0xFF,0x40,0x00,0x00,0x00,0x00,0x4E,0xFF,0xFF,0xFF,0xFF,0xFF,0xFF,
  0xFF,0xFF,0xFF,0xFF,0x34,0x00,0x00,0x00,0x00,0x00,0x00,0x00,0x00,0x00,0x00,0x00,
  0x3D,0xFF,0xFF,0xFF,0xFF,0xFF,0xFF,0xFF,0xFF,0xFF,0xFF,0x46,0x00,0x00,0x00,0x00,
  0x49,0xFF,0xFF,0xFF,0xFF,0xFF,0xFF,0xFF,0xFF,0xFF,0xFF,0x36,0x00,0x00,0x00,0x00,
  0x00,0x00,0x00,0x00,0x00,0x00,0x00,0x3F,0xFF,0xFF,0xFF,0xFF,0xFF,0xFF,0xFF,0xFF,
  0xFF,0xFF,0x40,0x00,0x00,0x00,0x00,0x43,0xFF,0xFF,0xFF,0xFF,0xFF,0xFF,0xFF,0xFF,
  0xFF,0xFF,0x3A,0x00,0x00,0x00,0x00,0x00,0x00,0x00,0x00,0x00,0x00,0x00,0x44,0xFF,
  0xFF,0xFF,0xFF,0xFF,0xFF,0xFF,0xFF,0xFF,0xFF,0x39,0x00,0x00,0x00,0x00,0x34,0xFF,
  0xFF,0xFF,0xFF,0xFF,0xFF,0xFF,0xFF,0xFF,0xFF,0x44,0x00,0x00,0x00,0x00,0x00,0x00,
  0x00,0x00,0x00,0x00,0x00,0x4E,0xFF,0xFF,0xFF,0xFF,0xFF,0xFF,0xFF,0xFF,0xFF,0xFF,
  0x2B,0x00,0x00,0x00,0x00,0x1E,0xFF,0xFF,0xFF,0xFF,0xFF,0xFF,0xFF,0xFF,0xFF,0xFF,
  0x51,0x00,0x00,0x00,0x00,0x00,0x00,0x00,0x00,0x00,0x00,0x00,0x5A,0xFF,0xFF,0xFF,
  0xFF,0xFF,0xFF,0xFF,0xFF,0xFF,0xFF,0x15,0x00,0x00,0x00,0x00,0x06,0xFD,0xFF,0xFF,
  0xFF,0xFF,0xFF,0xFF,0xFF,0xFF,0xFF,0x63,0x00,0x00,0x00,0x00,0x00,0x00,0x00,0x00,
  0x00,0x00,0x00,0x6C,0xFF,0xFF,0xFF,0xFF,0xFF,0xFF,0xFF,0xFF,0xFF,0xF9,0x02,0x00,
  0x00,0x00,0x00,0x00,0xDE,0xFF,0xFF,0xFF,0xFF,0xFF,0xFF,0xFF,0xFF,0xFF,0x7C,0x00,
  0x00,0x00,0x00,0x00,0x00,0x00,0x00,0x00,0x00,0x00,0x85,0xFF,0xFF,0xFF,0xFF,0xFF,
  0xFF,0xFF,0xFF,0xFF,0xD4,0x00,0x00,0x00,0x00,0x00,0x00,0xB4,0xFF,0xFF,0xFF,0xFF,
  0xFF,0xFF,0xFF,0xFF,0xFF,0x9B,0x00,0x00,0x00,0x00,0x00,0x00,0x00,0x00,0x00,0x00,
  0x00,0xA3,0xFF,0xFF,0xFF,0xFF,0xFF,0xFF,0xFF,0xFF,0xFF,0xAB,0x00,0x00,0x00,0x00,
  0x00,0x00,0x7C,0xFF,0xFF,0xFF,0xFF,0xFF,0xFF,0xFF,0xFF,0xFF,0xC2,0x00,0x00,0x00,
  0x00,0x00,0x00,0x00,0x00,0x00,0x00,0x00,0xCC,0xFF,0xFF,0xFF,0xFF,0xFF,0xFF,0xFF,
  0xFF,0xFF,0x72,0x00,0x00,0x00,0x00,0x00,0x00,0x3F,0xFF,0xFF,0xFF,0xFF,0xFF,0xFF,
  0xFF,0xFF,0xFF,0xF3,0x03,0x00,0x00,0x00,0x00,0x00,0x00,0x00,0x00,0x00,0x06,0xF8,
  0xFF,0xFF,0xFF,0xFF,0xFF,0xFF,0xFF,0xFF,0xFF,0x36,0x00,0x00,0x00,0x00,0x00,0x00,
  0x04,0xED,0xFF,0xFF,0xFF,0xFF,0xFF,0xFF,0xFF,0xFF,0xFF,0x38,0x00,0x00,0x00,0x00,
  0x00,0x00,0x00,0x00,0x00,0x42,0xFF,0xFF,0xFF,0xFF,0xFF,0xFF,0xFF,0xFF,0xFF,0xE6,
  0x01,0x00,0x00,0x00,0x00,0x00,0x00,0x00,0x9C,0xFF,0xFF,0xFF,0xFF,0xFF,0xFF,0xFF,
  0xFF,0xFF,0x94,0x00,0x00,0x00,0x00,0x00,0x00,0x00,0x00,0x00,0x9D,0xFF,0xFF,0xFF,
  0xFF,0xFF,0xFF,0xFF,0xFF,0xFF,0x93,0x00,0x00,0x00,0x00,0x00,0x00,0x00,0x00,0x33,
  0xFF,0xFF,0xFF,0xFF,0xFF,0xFF,0xFF,0xFF,0xFF,0xF8,0x24,0x00,0x00,0x00,0x00,0x00,
  0x00,0x00,0x2A,0xFB,0xFF,0xFF,0xFF,0xFF,0xFF,0xFF,0xFF,0xFF,0xFF,0x2B,0x00,0x00,
  0x00,0x00,0x00,0x00,0x00,0x00,0x00,0xBF,0xFF,0xFF,0xFF,0xFF,0xFF,0xFF,0xFF,0xFF,
  0xFF,0xCC,0x13,0x00,0x00,0x00,0x00,0x00,0x16,0xD1,0xFF,0xFF,0xFF,0xFF,0xFF,0xFF,
  0xFF,0xFF,0xFF,0xB6,0x00,0x00,0x00,0x00,0x00,0x00,0x00,0x00,0x00,0x00,0x35,0xFE,
  0xFF,0xFF,0xFF,0xFF,0xFF,0xFF,0xFF,0xFF,0xFF,0xDE,0x66,0x20,0x08,0x21,0x68,0xE1,
  0xFF,0xFF,0xFF,0xFF,0xFF,0xFF,0xFF,0xFF,0xFF,0xFD,0x2D,0x00,0x00,0x00,0x00,0x00,
  0x00,0x00,0x00,0x00,0x00,0x00,0x92,0xFF,0xFF,0xFF,0xFF,0xFF,0xFF,0xFF,0xFF,0xFF,
  0xFF,0xFF,0xFF,0xFF,0xFF,0xFF,0xFF,0xFF,0xFF,0xFF,0xFF,0xFF,0xFF,0xFF,0xFF,0xFF,
  0x89,0x00,0x00,0x00,0x00,0x00,0x00,0x00,0x00,0x00,0x00,0x00,0x00,0x09,0xCE,0xFF,
  0xFF,0xFF,0xFF,0xFF,0xFF,0xFF,0xFF,0xFF,0xFF,0xFF,0xFF,0xFF,0xFF,0xFF,0xFF,0xFF,
  0xFF,0xFF,0xFF,0xFF,0xFF,0xFF,0xC8,0x06,0x00,0x00,0x00,0x00,0x00,0x00,0x00,0x00,
  0x00,0x00,0x00,0x00,0x00,0x19,0xDF,0xFF,0xFF,0xFF,0xFF,0xFF,0xFF,0xFF,0xFF,0xFF,
  0xFF,0xFF,0xFF,0xFF,0xFF,0xFF,0xFF,0xFF,0xFF,0xFF,0xFF,0xFF,0xDA,0x15,0x00,0x00,
  0x00,0x00,0x00,0x00,0x00,0x00,0x00,0x00,0x00,0x00,0x00,0x00,0x00,0x19,0xCF,0xFF,
  0xFF,0xFF,0xFF,0xFF,0xFF,0xFF,0xFF,0xFF,0xFF,0xFF,0xFF,0xFF,0xFF,0xFF,0xFF,0xFF,
  0xFF,0xFF,0xCB,0x16,0x00,0x00,0x00,0x00,0x00,0x00,0x00,0x00,0x00,0x00,0x00,0x00,
  0x00,0x00,0x00,0x00,0x00,0x08,0x90,0xFD,0xFF,0xFF,0xFF,0xFF,0xFF,0xFF,0xFF,0xFF,
  0xFF,0xFF,0xFF,0xFF,0xFF,0xFF,0xFF,0xFC,0x8B,0x07,0x00,0x00,0x00,0x00,0x00,0x00,
  0x00,0x00,0x00,0x00,0x00,0x00,0x00,0x00,0x00,0x00,0x00,0x00,0x00,0x00,0x2A,0xA5,
  0xF8,0xFF,0xFF,0xFF,0xFF,0xFF,0xFF,0xFF,0xFF,0xFF,0xFF,0xFF,0xF7,0xA3,0x27,0x00,
  0x00,0x00,0x00,0x00,0x00,0x00,0x00,0x00,0x00,0x00,0x00,0x00,0x00,0x00,0x00,0x00,
  0x00,0x00,0x00,0x00,0x00,0x00,0x00,0x11,0x5A,0x98,0xC4,0xE6,0xF5,0xFD,0xF5,0xE5,
  0xC4,0x98,0x58,0x0F,0x00,0x00,0x00,0x00,0x00,0x00,0x00,0x00,0x00,0x00,0x00,0x00,
  0x00,0x00,0x00,0x00,0x00,0x00,0x00,0x00,0x00,0x00,0x00,0x00,0x17,0x4D,0x83,0xB9,
  0xEE,0xFF,0xFF,0xFF,0xFF,0xFF,0xFF,0xFF,0xFF,0xFF,0xD0,0x00,0x00,0x00,0x00,0x00,
  0x00,0x00,0x00,0x00,0x00,0x00,0x00,0x00,0x00,0x00,0x00,0x00,0x00,0x00,0x0C,0x3F,
  0x75,0xAB,0xE1,0xFF,0xFF,0xFF,0xFF,0xFF,0xFF,0xFF,0xFF,0xFF,0xFF,0xFF,0xFF,0xFF,
  0xFF,0xD0,0x00,0x00,0x00,0x00,0x00,0x00,0x00,0x00,0x00,0x00,0x00,0x00,0x00,0x00,
  0x00,0x00,0x00,0x00,0x00,0xB0,0xFF,0xFF,0xFF,0xFF,0xFF,0xFF,0xFF,0xFF,0xFF,0xFF,
  0xFF,0xFF,0xFF,0xFF,0xFF,0xFF,0xFF,0xFF,0xD0,0x00,0x00,0x00,0x00,0x00,0x00,0x00,
  0x00,0x00,0x00,0x00,0x00,0x00,0x00,0x00,0x00,0x00,0x00,0x00,0xB0,0xFF,0xFF,0xFF,
  0xFF,0xFF,0xFF,0xFF,0xFF,0xFF,0xFF,0xFF,0xFF,0xFF,0xFF,0xFF,0xFF,0xFF,0xFF,0xD0,
  0x00,0x00,0x00,0x00,0x00,0x00,0x00,0x00,0x00,0x00,0x00,0x00,0x00,0x00,0x00,0x00,
  0x00,0x00,0x00,0xB0,0xFF,0xFF,0xFF,0xFF,0xFF,0xFF,0xFF,0xFF,0xFF,0xFF,0xFF,0xFF,
  0xFF,0xFF,0xFF,0xFF,0xFF,0xFF,0xD0,0x00,0x00,0x00,0x00,0x00,0x00,0x00,0x00,0x00,
  0x00,0x00,0x00,0x00,0x00,0x00,0x00,0x00,0x00,0x00,0xB0,0xFF,0xFF,0xFF,0xFF,0xFF,
  0xFF,0xFF,0xFF,0xFF,0xFF,0xFF,0xFF,0xFF,0xFF,0xFF,0xFF,0xFF,0xFF,0xD0,0x00,0x00,
  0x00,0x00,0x00,0x00,0x00,0x00,0x00,0x00,0x00,0x00,0x00,0x00,0x00,0x00,0x00,0x00,
  0x00,0xB0,0xFF,0xFF,0xFF,0xFF,0xFF,0xFF,0xFF,0xFF,0xFF,0xFF,0xFF,0xFF,0xFF,0xFF,
  0xFF,0xFF,0xFF,0xFF,0xD0,0x00,0x00,0x00,0x00,0x00,0x00,0x00,0x00,0x00,0x00,0x00,
  0x00,0x00,0x00,0x00,0x00,0x00,0x00,0x00,0xB0,0xFF,0xFF,0xFF,0xFF,0xFF,0xFF,0xFF,
  0xFF,0xFF,0xFF,0xFF,0xFF,0xFF,0xFF,0xFF,0xFF,0xFF,0xFF,0xD0,0x00,0x00,0x00,0x00,
  0x00,0x00,0x00,0x00,0x00,0x00,0x00,0x00,0x00,0x00,0x00,0x00,0x00,0x00,0x00,0xB0,
  0xFF,0xFF,0xFF,0xFF,0xE9,0xB4,0x7F,0x49,0x38,0xFF,0xFF,0xFF,0xFF,0xFF,0xFF,0xFF,
  0xFF,0xFF,0xD0,0x00,0x00,0x00,0x00,0x00,0x00,0x00,0x00,0x00,0x00,0x00,0x00,0x00,
  0x00,0x00,0x00,0x00,0x00,0x00,0xA3,0xC1,0x8B,0x55,0x20,0x00,0x00,0x00,0x00,0x24,
  0xFF,0xFF,0xFF,0xFF,0xFF,0xFF,0xFF,0xFF,0xFF,0xD0,0x00,0x00,0x00,0x00,0x00,0x00,
  0x00,0x00,0x00,0x00,0x00,0x00,0x00,0x00,0x00,0x00,0x00,0x00,0x00,0x00,0x00,0x00,
  0x00,0x00,0x00,0x00,0x00,0x00,0x24,0xFF,0xFF,0xFF,0xFF,0xFF,0xFF,0xFF,0xFF,0xFF,
  0xD0,0x00,0x00,0x00,0x00,0x00,0x00,0x00,0x00,0x00,0x00,0x00,0x00,0x00,0x00,0x00,
  0x00,0x00,0x00,0x00,0x00,0x00,0x00,0x00,0x00,0x00,0x00,0x00,0x00,0x24,0xFF,0xFF,
  0xFF,0xFF,0xFF,0xFF,0xFF,0xFF,0xFF,0xD0,0x00,0x00,0x00,0x00,0x00,0x00,0x00,0x00,
  0x00,0x00,0x00,0x00,0x00,0x00,0x00,0x00,0x00,0x00,0x00,0x00,0x00,0x00,0x00,0x00,
  0x00,0x00,0x00,0x00,0x24,0xFF,0xFF,0xFF,0xFF,0xFF,0xFF,0xFF,0xFF,0xFF,0xD0,0x00,
  0x00,0x00,0x00,0x00,0x00,0x00,0x00,0x00,0x00,0x00,0x00,0x00,0x00,0x00,0x00,0x00,
  0x00,0x00,0x00,0x00,0x00,0x00,0x00,0x00,0x00,0x00,0x00,0x24,0xFF,0xFF,0xFF,0xFF,
  0xFF,0xFF,0xFF,0xFF,0xFF,0xD0,0x00,0x00,0x00,0x00,0x00,0x00,0x00,0x00,0x00,0x00,
  0x00,0x00,0x00,0x00,0x00,0x00,0x00,0x00,0x00,0x00,0x00,0x00,0x00,0x00,0x00,0x00,
  0x00,0x00,0x24,0xFF,0xFF,0xFF,0xFF,0xFF,0xFF,0xFF,0xFF,0xFF,0xD0,0x00,0x00,0x00,
  0x00,0x00,0x00,0x00,0x00,0x00,0x00,0x00,0x00,0x00,0x00,0x00,0x00,0x00,0x00,0x00,
  0x00,0x00,0x00,0x00,0x00,0x00,0x00,0x00,0x00,0x24,0xFF,0xFF,0xFF,0xFF,0xFF,0xFF,
  0xFF,0xFF,0xFF,0xD0,0x00,0x00,0x00,0x00,0x00,0x00,0x00,0x00,0x00,0x00,0x00,0x00,
  0x00,0x00,0x00,0x00,0x00,0x00,0x00,0x00,0x00,0x00,0x00,0x00,0x00,0x00,0x00,0x00,
  0x24,0xFF,0xFF,0xFF,0xFF,0xFF,0xFF,0xFF,0xFF,0xFF,0xD0,0x00,0x00,0x00,0x00,0x00,
  0x00,0x00,0x00,0x00,0x00,0x00,0x00,0x00,0x00,0x00,0x00,0x00,0x00,0x00,0x00,0x00,
  0x00,0x00,0x00,0x00,0x00,0x00,0x00,0x24,0xFF,0xFF,0xFF,0xFF,0xFF,0xFF,0xFF,0xFF,
  0xFF,0xD0,0x00,0x00,0x00,0x00,0x00,0x00,0x00,0x00,0x00,0x00,0x00,0x00,0x00,0x00,
  0x00,0x00,0x00,0x00,0x00,0x00,0x00,0x00,0x00,0x00,0x00,0x00,0x00,0x00,0x24,0xFF,
  0xFF,0xFF,0xFF,0xFF,0xFF,0xFF,0xFF,0xFF,0xD0,0x00,0x00,0x00,0x00,0x00,0x00,0x00,
  0x00,0x00,0x00,0x00,0x00,0x00,0x00,0x00,0x00,0x00,0x00,0x00,0x00,0x00,0x00,0x00,
  0x00,0x00,0x00,0x00,0x00,0x24,0xFF,0xFF,0xFF,0xFF,0xFF,0xFF,0xFF,0xFF,0xFF,0xD0,
  0x00,0x00,0x00,0x00,0x00,0x00,0x00,0x00,0x00,0x00,0x00,0x00,0x00,0x00,0x00,0x00,
  0x00,0x00,0x00,0x00,0x00,0x00,0x00,0x00,0x00,0x00,0x00,0x00,0x24,0xFF,0xFF,0xFF,
  0xFF,0xFF,0xFF,0xFF,0xFF,0xFF,0xD0,0x00,0x00,0x00,0x00,0x00,0x00,0x00,0x00,0x00,
  0x00,0x00,0x00,0x00,0x00,0x00,0x00,0x00,0x00,0x00,0x00,0x00,0x00,0x00,0x00,0x00,
  0x00,0x00,0x00,0x24,0xFF,0xFF,0xFF,0xFF,0xFF,0xFF,0xFF,0xFF,0xFF,0xD0,0x00,0x00,
  0x00,0x00,0x00,0x00,0x00,0x00,0x00,0x00,0x00,0x00,0x00,0x00,0x00,0x00,0x00,0x00,
  0x00,0x00,0x00,0x00,0x00,0x00,0x00,0x00,0x00,0x00,0x24,0xFF,0xFF,0xFF,0xFF,0xFF,
  0xFF,0xFF,0xFF,0xFF,0xD0,0x00,0x00,0x00,0x00,0x00,0x00,0x00,0x00,0x00,0x00,0x00,
  0x00,0x00,0x00,0x00,0x00,0x00,0x00,0x00,0x00,0x00,0x00,0x00,0x00,0x00,0x00,0x00,
  0x00,0x24,0xFF,0xFF,0xFF,0xFF,0xFF,0xFF,0xFF,0xFF,0xFF,0xD0,0x00,0x00,0x00,0x00,
  0x00,0x00,0x00,0x00,0x00,0x00,0x00,0x00,0x00,0x00,0x00,0x00,0x00,0x00,0x00,0x00,
  0x00,0x00,0x00,0x00,0x00,0x00,0x00,0x00,0x24,0xFF,0xFF,0xFF,0xFF,0xFF,0xFF,0xFF,
  0xFF,0xFF,0xD0,0x00,0x00,0x00,0x00,0x00,0x00,0x00,0x00,0x00,0x00,0x00,0x00,0x00,
  0x00,0x00,0x00,0x00,0x00,0x00,0x00,0x00,0x00,0x00,0x00,0x00,0x00,0x00,0x00,0x24,
  0xFF,0xFF,0xFF,0xFF,0xFF,0xFF,0xFF,0xFF,0xFF,0xD0,0x00,0x00,0x00,0x00,0x00,0x00,
  0x00,0x00,0x00,0x00,0x00,0x00,0x00,0x00,0x00,0x00,0x00,0x00,0x00,0x00,0x00,0x00,
  0x00,0x00,0x00,0x00,0x00,0x00,0x24,0xFF,0xFF,0xFF,0xFF,0xFF,0xFF,0xFF,0xFF,0xFF,
  0xD0,0x00,0x00,0x00,0x00,0x00,0x00,0x00,0x00,0x00,0x00,0x00,0x00,0x00,0x00,0x00,
  0x00,0x00,0x00,0x00,0x00,0x00,0x00,0x00,0x00,0x00,0x00,0x00,0x00,0x24,0xFF,0xFF,
  0xFF,0xFF,0xFF,0xFF,0xFF,0xFF,0xFF,0xD0,0x00,0x00,0x00,0x00,0x00,0x00,0x00,0x00,
  0x00,0x00,0x00,0x00,0x00,0x00,0x00,0x00,0x00,0x00,0x00,0x00,0x00,0x00,0x00,0x00,
  0x00,0x00,0x00,0x00,0x24,0xFF,0xFF,0xFF,0xFF,0xFF,0xFF,0xFF,0xFF,0xFF,0xD0,0x00,
  0x00,0x00,0x00,0x00,0x00,0x00,0x00,0x00,0x00,0x00,0x00,0x00,0x00,0x00,0x00,0x00,
  0x00,0x00,0x00,0x00,0x00,0x00,0x00,0x00,0x00,0x00,0x00,0x24,0xFF,0xFF,0xFF,0xFF,
  0xFF,0xFF,0xFF,0xFF,0xFF,0xD0,0x00,0x00,0x00,0x00,0x00,0x00,0x00,0x00,0x00,0x00,
  0x00,0x00,0x00,0x00,0x00,0x00,0x00,0x00,0x00,0x00,0x00,0x00,0x00,0x00,0x00,0x00,
  0x00,0x00,0x24,0xFF,0xFF,0xFF,0xFF,0xFF,0xFF,0xFF,0xFF,0xFF,0xD0,0x00,0x00,0x00,
  0x00,0x00,0x00,0x00,0x00,0x00,0x00,0x00,0x00,0x00,0x00,0x00,0x00,0x00,0x00,0x00,
  0x00,0x00,0x00,0x00,0x00,0x00,0x00,0x00,0x00,0x24,0xFF,0xFF,0xFF,0xFF,0xFF,0xFF,
  0xFF,0xFF,0xFF,0xD0,0x00,0x00,0x00,0x00,0x00,0x00,0x00,0x00,0x00,0x00,0x00,0x00,
  0x00,0x00,0x00,0x00,0x00,0x00,0x00,0x00,0x00,0x00,0x00,0x00,0x00,0x00,0x00,0x00,
  0x24,0xFF,0xFF,0xFF,0xFF,0xFF,0xFF,0xFF,0xFF,0xFF,0xD0,0x00,0x00,0x00,0x00,0x00,
  0x00,0x00,0x00,0x00,0x00,0x00,0x00,0x00,0x00,0x00,0x00,0x00,0x00,0x00,0x70,0xFF,
  0xFF,0xFF,0xFF,0xFF,0xFF,0xFF,0xFF,0xFF,0xFF,0xFF,0xFF,0xFF,0xFF,0xFF,0xFF,0xFF,
  0xFF,0xFF,0xFF,0xFF,0xFF,0xFF,0xFF,0xFF,0xFF,0xFF,0xFF,0x1C,0x00,0x00,0x00,0x00,
  0x00,0x00,0x00,0x00,0x00,0x70,0xFF,0xFF,0xFF,0xFF,0xFF,0xFF,0xFF,0xFF,0xFF,0xFF,
  0xFF,0xFF,0xFF,0xFF,0xFF,0xFF,0xFF,0xFF,0xFF,0xFF,0xFF,0xFF,0xFF,0xFF,0xFF,0xFF,
  0xFF,0xFF,0x1C,0x00,0x00,0x00,0x00,0x00,0x00,0x00,0x00,0x00,0x70,0xFF,0xFF,0xFF,
  0xFF,0xFF,0xFF,0xFF,0xFF,0xFF,0xFF,0xFF,0xFF,0xFF,0xFF,0xFF,0xFF,0xFF,0xFF,0xFF,
  0xFF,0xFF,0xFF,0xFF,0xFF,0xFF,0xFF,0xFF,0xFF,0x1C,0x00,0x00,0x00,0x00,0x00,0x00,
  0x00,0x00,0x00,0x70,0xFF,0xFF,0xFF,0xFF,0xFF,0xFF,0xFF,0xFF,0xFF,0xFF,0xFF,0xFF,
  0xFF,0xFF,0xFF,0xFF,0xFF,0xFF,0xFF,0xFF,0xFF,0xFF,0xFF,0xFF,0xFF,0xFF,0xFF,0xFF,
  0x1C,0x00,0x00,0x00,0x00,0x00,0x00,0x00,0x00,0x00,0x70,0xFF,0xFF,0xFF,0xFF,0xFF,
  0xFF,0xFF,0xFF,0xFF,0xFF,0xFF,0xFF,0xFF,0xFF,0xFF,0xFF,0xFF,0xFF,0xFF,0xFF,0xFF,
  0xFF,0xFF,0xFF,0xFF,0xFF,0xFF,0xFF,0x1C,0x00,0x00,0x00,0x00,0x00,0x00,0x00,0x00,
  0x00,0x70,0xFF,0xFF,0xFF,0xFF,0xFF,0xFF,0xFF,0xFF,0xFF,0xFF,0xFF,0xFF,0xFF,0xFF,
  0xFF,0xFF,0xFF,0xFF,0xFF,0xFF,0xFF,0xFF,0xFF,0xFF,0xFF,0xFF,0xFF,0xFF,0x1C,0x00,
  0x00,0x00,0x00,0x00,0x00,0x00,0x00,0x00,0x70,0xFF,0xFF,0xFF,0xFF,0xFF,0xFF,0xFF,
  0xFF,0xFF,0xFF,0xFF,0xFF,0xFF,0xFF,0xFF,0xFF,0xFF,0xFF,0xFF,0xFF,0xFF,0xFF,0xFF,
  0xFF,0xFF,0xFF,0xFF,0xFF,0x1C,0x00,0x00,0x00,0x00,0x00,0x00,0x00,0x00,0x00,0x70,
  0xFF,0xFF,0xFF,0xFF,0xFF,0xFF,0xFF,0xFF,0xFF,0xFF,0xFF,0xFF,0xFF,0xFF,0xFF,0xFF,
  0xFF,0xFF,0xFF,0xFF,0xFF,0xFF,0xFF,0xFF,0xFF,0xFF,0xFF,0xFF,0x1C,0x00,0x00,0x00,
  0x00,0x00,0x00,0x00,0x00,0x00,0x00,0x00,0x00,0x1D,0x4B,0x77,0x96,0xB3,0xD0,0xE3,
  0xED,0xF7,0xFC,0xEE,0xDF,0xD0,0xA9,0x76,0x43,0x07,0x00,0x00,0x00,0x00,0x00,0x00,
  0x00,0x00,0x00,0x00,0x00,0x00,0x00,0x00,0x00,0x00,0x00,0x06,0x3B,0x7A,0xB8,0xEF,
  0xFF,0xFF,0xFF,0xFF,0xFF,0xFF,0xFF,0xFF,0xFF,0xFF,0xFF,0xFF,0xFF,0xFF,0xFF,0xFF,
  0xED,0x92,0x2C,0x00,0x00,0x00,0x00,0x00,0x00,0x00,0x00,0x00,0x00,0x00,0x00,0x00,
  0x00,0x00,0x74,0xFF,0xFF,0xFF,0xFF,0xFF,0xFF,0xFF,0xFF,0xFF,0xFF,0xFF,0xFF,0xFF,
  0xFF,0xFF,0xFF,0xFF,0xFF,0xFF,0xFF,0xFF,0xFF,0xFD,0x90,0x0C,0x00,0x00,0x00,0x00,
  0x00,0x00,0x00,0x00,0x00,0x00,0x00,0x00,0x00,0x74,0xFF,0xFF,0xFF,0xFF,0xFF,0xFF,
  0xFF,0xFF,0xFF,0xFF,0xFF,0xFF,0xFF,0xFF,0xFF,0xFF,0xFF,0xFF,0xFF,0xFF,0xFF,0xFF,
  0xFF,0xFF,0xE0,0x2C,0x00,0x00,0x00,0x00,0x00,0x00,0x00,0x00,0x00,0x00,0x00,0x00,
  0x74,0xFF,0xFF,0xFF,0xFF,0xFF,0xFF,0xFF,0xFF,0xFF,0xFF,0xFF,0xFF,0xFF,0xFF,0xFF,
  0xFF,0xFF,0xFF,0xFF,0xFF,0xFF,0xFF,0xFF,0xFF,0xFF,0xED,0x29,0x00,0x00,0x00,0x00,
  0x00,0x00,0x00,0x00,0x00,0x00,0x00,0x74,0xFF,0xFF,0xFF,0xFF,0xFF,0xFF,0xFF,0xFF,
  0xFF,0xFF,0xFF,0xFF,0xFF,0xFF,0xFF,0xFF,0xFF,0xFF,0xFF,0xFF,0xFF,0xFF,0xFF,0xFF,
  0xFF,0xFF,0xD8,0x09,0x00,0x00,0x00,0x00,0x00,0x00,0x00,0x00,0x00,0x00,0x74,0xFF,
  0xFF,0xFF,0xFF,0xFF,0xFF,0xFF,0xFF,0xFF,0xFF,0xFF,0xFF,0xFF,0xFF,0xFF,0xFF,0xFF,
  0xFF,0xFF,0xFF,0xFF,0xFF,0xFF,0xFF,0xFF,0xFF,0xFF,0x7F,0x00,0x00,0x00,0x00,0x00,
  0x00,0x00,0x00,0x00,0x00,0x74,0xFF,0xFF,0xFF,0xFF,0xFF,0xFF,0xCE,0x84,0x4A,0x21,
  0x0A,0x06,0x1A,0x4E,0xA3,0xFB,0xFF,0xFF,0xFF,0xFF,0xFF,0xFF,0xFF,0xFF,0xFF,0xFF,
  0xFF,0xEF,0x08,0x00,0x00,0x00,0x00,0x00,0x00,0x00,0x00,0x00,0x74,0xFF,0xFF,0xFF,
  0xEE,0x8E,0x26,0x00,0x00,0x00,0x00,0x00,0x00,0x00,0x00,0x00,0x31,0xDD,0xFF,0xFF,
  0xFF,0xFF,0xFF,0xFF,0xFF,0xFF,0xFF,0xFF,0xFF,0x50,0x00,0x00,0x00,0x00,0x00,0x00,
  0x00,0x00,0x00,0x74,0xFF,0xE7,0x6B,0x09,0x00,0x00,0x00,0x00,0x00,0x00,0x00,0x00,
  0x00,0x00,0x00,0x00,0x20,0xEA,0xFF,0xFF,0xFF,0xFF,0xFF,0xFF,0xFF,0xFF,0xFF,0xFF,
  0x8F,0x00,0x00,0x00,0x00,0x00,0x00,0x00,0x00,0x00,0x65,0x7D,0x0B,0x00,0x00,0x00,
  0x00,0x00,0x00,0x00,0x00,0x00,0x00,0x00,0x00,0x00,0x00,0x00,0x67,0xFF,0xFF,0xFF,
  0xFF,0xFF,0xFF,0xFF,0xFF,0xFF,0xFF,0xB6,0x00,0x00,0x00,0x00,0x00,0x00,0x00,0x00,
  0x00,0x00,0x00,0x00,0x00,0x00,0x00,0x00,0x00,0x00,0x00,0x00,0x00,0x00,0x00,0x00,
  0x00,0x00,0x00,0x0D,0xF9,0xFF,0xFF,0xFF,0xFF,0xFF,0xFF,0xFF,0xFF,0xFF,0xCB,0x00,
  0x00,0x00,0x00,0x00,0x00,0x00,0x00,0x00,0x00,0x00,0x00,0x00,0x00,0x00,0x00,0x00,
  0x00,0x00,0x00,0x00,0x00,0x00,0x00,0x00,0x00,0x00,0x00,0xD4,0xFF,0xFF,0xFF,0xFF,
  0xFF,0xFF,0xFF,0xFF,0xFF,0xCE,0x00,0x00,0x00,0x00,0x00,0x00,0x00,0x00,0x00,0x00,
  0x00,0x00,0x00,0x00,0x00,0x00,0x00,0x00,0x00,0x00,0x00,0x00,0x00,0x00,0x00,0x00,
  0x00,0x00,0xC8,0xFF,0xFF,0xFF,0xFF,0xFF,0xFF,0xFF,0xFF,0xFF,0xBD,0x00,0x00,0x00,
  0x00,0x00,0x00,0x00,0x00,0x00,0x00,0x00,0x00,0x00,0x00,0x00,0x00,0x00,0x00,0x00,
  0x00,0x00,0x00,0x00,0x00,0x00,0x00,0x00,0x00,0xE6,0xFF,0xFF,0xFF,0xFF,0xFF,0xFF,
  0xFF,0xFF,0xFF,0x96,0x00,0x00,0x00,0x00,0x00,0x00,0x00,0x00,0x00,0x00,0x00,0x00,
  0x00,0x00,0x00,0x00,0x00,0x00,0x00,0x00,0x00,0x00,0x00,0x00,0x00,0x00,0x00,0x1D,
  0xFE,0xFF,0xFF,0xFF,0xFF,0xFF,0xFF,0xFF,0xFF,0xFF,0x5C,0x00,0x00,0x00,0x00,0x00,
  0x00,0x00,0x00,0x00,0x00,0x00,0x00,0x00,0x00,0x00,0x00,0x00,0x00,0x00,0x00,0x00,
  0x00,0x00,0x00,0x00,0x00,0x00,0x83,0xFF,0xFF,0xFF,0xFF,0xFF,0xFF,0xFF,0xFF,0xFF,
  0xF7,0x0E,0x00,0x00,0x00,0x00,0x00,0x00,0x00,0x00,0x00,0x00,0x00,0x00,0x00,0x00,
  0x00,0x00,0x00,0x00,0x00,0x00,0x00,0x00,0x00,0x00,0x00,0x00,0x18,0xF0,0xFF,0xFF,
  0xFF,0xFF,0xFF,0xFF,0xFF,0xFF,0xFF,0x96,0x00,0x00,0x00,0x00,0x00,0x00,0x00,0x00,
  0x00,0x00,0x00,0x00,0x00,0x00,0x00,0x00,0x00,0x00,0x00,0x00,0x00,0x00,0x00,0x00,
  0x00,0x00,0x03,0xBC,0xFF,0xFF,0xFF,0xFF,0xFF,0xFF,0xFF,0xFF,0xFF,0xF0,0x1A,0x00,
  0x00,0x00,0x00,0x00,0x00,0x00,0x00,0x00,0x00,0x00,0x00,0x00,0x00,0x00,0x00,0x00,
  0x00,0x00,0x00,0x00,0x00,0x00,0x00,0x00,0x01,0x9E,0xFF,0xFF,0xFF,0xFF,0xFF,0xFF,
  0xFF,0xFF,0xFF,0xFF,0x5C,0x00,0x00,0x00,0x00,0x00,0x00,0x00,0x00,0x00,0x00,0x00,
  0x00,0x00,0x00,0x00,0x00,0x00,0x00,0x00,0x00,0x00,0x00,0x00,0x00,0x00,0x04,0xA1,
  0xFF,0xFF,0xFF,0xFF,0xFF,0xFF,0xFF,0xFF,0xFF,0xFF,0x93,0x00,0x00,0x00,0x00,0x00,
  0x00,0x00,0x00,0x00,0x00,0x00,0x00,0x00,0x00,0x00,0x00,0x00,0x00,0x00,0x00,0x00,
  0x00,0x00,0x00,0x00,0x0A,0xB3,0xFF,0xFF,0xFF,0xFF,0xFF,0xFF,0xFF,0xFF,0xFF,0xFF,
  0xB0,0x02,0x00,0x00,0x00,0x00,0x00,0x00,0x00,0x00,0x00,0x00,0x00,0x00,0x00,0x00,
  0x00,0x00,0x00,0x00,0x00,0x00,0x00,0x00,0x00,0x00,0x12,0xC6,0xFF,0xFF,0xFF,0xFF,
  0xFF,0xFF,0xFF,0xFF,0xFF,0xFF,0xB6,0x07,0x00,0x00,0x00,0x00,0x00,0x00,0x00,0x00,
  0x00,0x00,0x00,0x00,0x00,0x00,0x00,0x00,0x00,0x00,0x00,0x00,0x00,0x00,0x00,0x00,
  0x1D,0xD6,0xFF,0xFF,0xFF,0xFF,0xFF,0xFF,0xFF,0xFF,0xFF,0xFF,0xB6,0x07,0x00,0x00,
  0x00,0x00,0x00,0x00,0x00,0x00,0x00,0x00,0x00,0x00,0x00,0x00,0x00,0x00,0x00,0x00,
  0x00,0x00,0x00,0x00,0x00,0x00,0x2B,0xE3,0xFF,0xFF,0xFF,0xFF,0xFF,0xFF,0xFF,0xFF,
  0xFF,0xFF,0xA8,0x06,0x00,0x00,0x00,0x00,0x00,0x00,0x00,0x00,0x00,0x00,0x00,0x00,
  0x00,0x00,0x00,0x00,0x00,0x00,0x00,0x00,0x00,0x00,0x00,0x00,0x3B,0xEE,0xFF,0xFF,
  0xFF,0xFF,0xFF,0xFF,0xFF,0xFF,0xFF,0xFF,0x93,0x01,0x00,0x00,0x00,0x00,0x00,0x00,
  0x00,0x00,0x00,0x00,0x00,0x00,0x00,0x00,0x00,0x00,0x00,0x00,0x00,0x00,0x00,0x00,
  0x00,0x00,0x4E,0xF6,0xFF,0xFF,0xFF,0xFF,0xFF,0xFF,0xFF,0xFF,0xFF,0xFF,0x7A,0x00,
  0x00,0x00,0x00,0x00,0x00,0x00,0x00,0x00,0x00,0x00,0x00,0x00,0x00,0x00,0x00,0x00,
  0x00,0x00,0x00,0x00,0x00,0x00,0x00,0x00,0x63,0xFC,0xFF,0xFF,0xFF,0xFF,0xFF,0xFF,
  0xFF,0xFF,0xFF,0xFB,0x61,0x00,0x00,0x00,0x00,0x00,0x00,0x00,0x00,0x00,0x00,0x00,
  0x00,0x00,0x00,0x00,0x00,0x00,0x00,0x00,0x00,0x00,0x00,0x00,0x00,0x00,0x7B,0xFF,
  0xFF,0xFF,0xFF,0xFF,0xFF,0xFF,0xFF,0xFF,0xFF,0xF5,0x4B,0x00,0x00,0x00,0x00,0x00,
  0x00,0x00,0x00,0x00,0x00,0x00,0x00,0x00,0x00,0x00,0x00,0x00,0x00,0x00,0x00,0x00,
  0x00,0x00,0x00,0x02,0x93,0xFF,0xFF,0xFF,0xFF,0xFF,0xFF,0xFF,0xFF,0xFF,0xFF,0xEC,
  0x37,0x00,0x00,0x00,0x00,0x00,0x00,0x00,0x00,0x00,0x00,0x00,0x00,0x00,0x00,0x00,
  0x00,0x00,0x00,0x00,0x00,0x00,0x00,0x00,0x00,0x06,0xAA,0xFF,0xFF,0xFF,0xFF,0xFF,
  0xFF,0xFF,0xFF,0xFF,0xFF,0xE0,0x27,0x00,0x00,0x00,0x00,0x00,0x00,0x00,0x00,0x00,
  0x00,0x00,0x00,0x00,0x00,0x00,0x00,0x00,0x00,0x00,0x00,0x00,0x00,0x00,0x00,0x0E,
  0xBE,0xFF,0xFF,0xFF,0xFF,0xFF,0xFF,0xFF,0xFF,0xFF,0xFF,0xD1,0x19,0x00,0x00,0x00,
  0x00,0x00,0x00,0x00,0x00,0x00,0x00,0x00,0x00,0x00,0x00,0x00,0x00,0x00,0x00,0x00,
  0x00,0x00,0x00,0x00,0x00,0x17,0xCF,0xFF,0xFF,0xFF,0xFF,0xFF,0xFF,0xFF,0xFF,0xFF,
  0xFF,0xBF,0x0F,0x00,0x00,0x00,0x00,0x00,0x00,0x00,0x00,0x00,0x00,0x00,0x00,0x00,
  0x00,0x00,0x00,0x00,0x00,0x00,0x00,0x00,0x00,0x00,0x00,0x24,0xDD,0xFF,0xFF,0xFF,
  0xFF,0xFF,0xFF,0xFF,0xFF,0xFF,0xFF,0xAB,0x07,0x00,0x00,0x00,0x00,0x00,0x00,0x00,
  0x00,0x00,0x00,0x00,0x00,0x00,0x00,0x00,0x00,0x00,0x00,0x00,0x00,0x00,0x00,0x00,
  0x00,0x00,0x90,0xFF,0xFF,0xFF,0xFF,0xFF,0xFF,0xFF,0xFF,0xFF,0xFF,0xFF,0xFF,0xFF,
  0xFF,0xFF,0xFF,0xFF,0xFF,0xFF,0xFF,0xFF,0xFF,0xFF,0xFF,0xFF,0xFF,0xFF,0xFF,0xFF,
  0x18,0x00,0x00,0x00,0x00,0x00,0x00,0x00,0x00,0x90,0xFF,0xFF,0xFF,0xFF,0xFF,0xFF,
  0xFF,0xFF,0xFF,0xFF,0xFF,0xFF,0xFF,0xFF,0xFF,0xFF,0xFF,0xFF,0xFF,0xFF,0xFF,0xFF,
  0xFF,0xFF,0xFF,0xFF,0xFF,0xFF,0xFF,0x18,0x00,0x00,0x00,0x00,0x00,0x00,0x00,0x00,
  0x90,0xFF,0xFF,0xFF,0xFF,0xFF,0xFF,0xFF,0xFF,0xFF,0xFF,0xFF,0xFF,0xFF,0xFF,0xFF,
  0xFF,0xFF,0xFF,0xFF,0xFF,0xFF,0xFF,0xFF,0xFF,0xFF,0xFF,0xFF,0xFF,0xFF,0x18,0x00,
  0x00,0x00,0x00,0x00,0x00,0x00,0x00,0x90,0xFF,0xFF,0xFF,0xFF,0xFF,0xFF,0xFF,0xFF,
  0xFF,0xFF,0xFF,0xFF,0xFF,0xFF,0xFF,0xFF,0xFF,0xFF,0xFF,0xFF,0xFF,0xFF,0xFF,0xFF,
  0xFF,0xFF,0xFF,0xFF,0xFF,0x18,0x00,0x00,0x00,0x00,0x00,0x00,0x00,0x00,0x90,0xFF,
  0xFF,0xFF,0xFF,0xFF,0xFF,0xFF,0xFF,0xFF,0xFF,0xFF,0xFF,0xFF,0xFF,0xFF,0xFF,0xFF,
  0xFF,0xFF,0xFF,0xFF,0xFF,0xFF,0xFF,0xFF,0xFF,0xFF,0xFF,0xFF,0x18,0x00,0x00,0x00,
  0x00,0x00,0x00,0x00,0x00,0x90,0xFF,0xFF,0xFF,0xFF,0xFF,0xFF,0xFF,0xFF,0xFF,0xFF,
  0xFF,0xFF,0xFF,0xFF,0xFF,0xFF,0xFF,0xFF,0xFF,0xFF,0xFF,0xFF,0xFF,0xFF,0xFF,0xFF,
  0xFF,0xFF,0xFF,0x18,0x00,0x00,0x00,0x00,0x00,0x00,0x00,0x00,0x90,0xFF,0xFF,0xFF,
  0xFF,0xFF,0xFF,0xFF,0xFF,0xFF,0xFF,0xFF,0xFF,0xFF,0xFF,0xFF,0xFF,0xFF,0xFF,0xFF,
  0xFF,0xFF,0xFF,0xFF,0xFF,0xFF,0xFF,0xFF,0xFF,0xFF,0x18,0x00,0x00,0x00,0x00,0x00,
  0x00,0x00,0x00,0x90,0xFF,0xFF,0xFF,0xFF,0xFF,0xFF,0xFF,0xFF,0xFF,0xFF,0xFF,0xFF,
  0xFF,0xFF,0xFF,0xFF,0xFF,0xFF,0xFF,0xFF,0xFF,0xFF,0xFF,0xFF,0xFF,0xFF,0xFF,0xFF,
  0xFF,0x18,0x00,0x00,0x00,0x00,0x00,0x00,0x00,0x00,0x00,0x03,0x1E,0x3D,0x5C,0x7B,
  0x9B,0xB9,0xC8,0xD3,0xDD,0xE8,0xF3,0xFC,0xF6,0xEB,0xDF,0xD0,0xAB,0x84,0x5B,0x18,
  0x00,0x00,0x00,0x00,0x00,0x00,0x00,0x00,0x00,0x00,0x00,0x00,0x00,0x00,0x00,0x00,
  0x00,0x00,0x80,0xFF,0xFF,0xFF,0xFF,0xFF,0xFF,0xFF,0xFF,0xFF,0xFF,0xFF,0xFF,0xFF,
  0xFF,0xFF,0xFF,0xFF,0xFF,0xFF,0xFE,0xCA,0x72,0x0A,0x00,0x00,0x00,0x00,0x00,0x00,
  0x00,0x00,0x00,0x00,0x00,0x00,0x00,0x00,0x00,0x80,0xFF,0xFF,0xFF,0xFF,0xFF,0xFF,
  0xFF,0xFF,0xFF,0xFF,0xFF,0xFF,0xFF,0xFF,0xFF,0xFF,0xFF,0xFF,0xFF,0xFF,0xFF,0xFF,
  0xE8,0x68,0x00,0x00,0x00,0x00,0x00,0x00,0x00,0x00,0x00,0x00,0x00,0x00,0x00,0x00,
  0x80,0xFF,0xFF,0xFF,0xFF,0xFF,0xFF,0xFF,0xFF,0xFF,0xFF,0xFF,0xFF,0xFF,0xFF,0xFF,
  0xFF,0xFF,0xFF,0xFF,0xFF,0xFF,0xFF,0xFF,0xFF,0x9E,0x05,0x00,0x00,0x00,0x00,0x00,
  0x00,0x00,0x00,0x00,0x00,0x00,0x00,0x80,0xFF,0xFF,0xFF,0xFF,0xFF,0xFF,0xFF,0xFF,
  0xFF,0xFF,0xFF,0xFF,0xFF,0xFF,0xFF,0xFF,0xFF,0xFF,0xFF,0xFF,0xFF,0xFF,0xFF,0xFF,
  0xFF,0x9D,0x00,0x00,0x00,0x00,0x00,0x00,0x00,0x00,0x00,0x00,0x00,0x00,0x80,0xFF,
  0xFF,0xFF,0xFF,0xFF,0xFF,0xFF,0xFF,0xFF,0xFF,0xFF,0xFF,0xFF,0xFF,0xFF,0xFF,0xFF,
  0xFF,0xFF,0xFF,0xFF,0xFF,0xFF,0xFF,0xFF,0xFF,0x4D,0x00,0x00,0x00,0x00,0x00,0x00,
  0x00,0x00,0x00,0x00,0x00,0x80,0xFF,0xFF,0xFF,0xFF,0xFF,0xFF,0xFF,0xFF,0xFF,0xFF,
  0xFF,0xFF,0xFF,0xFF,0xFF,0xFF,0xFF,0xFF,0xFF,0xFF,0xFF,0xFF,0xFF,0xFF,0xFF,0xFF,
  0xC7,0x00,0x00,0x00,0x00,0x00,0x00,0x00,0x00,0x00,0x00,0x00,0x80,0xFF,0xFF,0xFC,
  0xCC,0x90,0x65,0x3E,0x1E,0x11,0x04,0x09,0x1A,0x43,0x89,0xE7,0xFF,0xFF,0xFF,0xFF,
  0xFF,0xFF,0xFF,0xFF,0xFF,0xFF,0xFF,0xFF,0x21,0x00,0x00,0x00,0x00,0x00,0x00,0x00,
  0x00,0x00,0x00,0x75,0xAB,0x55,0x0D,0x00,0x00,0x00,0x00,0x00,0x00,0x00,0x00,0x00,
  0x00,0x00,0x0B,0x9C,0xFF,0xFF,0xFF,0xFF,0xFF,0xFF,0xFF,0xFF,0xFF,0xFF,0xFF,0x59,
  0x00,0x00,0x00,0x00,0x00,0x00,0x00,0x00,0x00,0x00,0x00,0x00,0x00,0x00,0x00,0x00,
  0x00,0x00,0x00,0x00,0x00,0x00,0x00,0x00,0x00,0x00,0x00,0xB0,0xFF,0xFF,0xFF,0xFF,
  0xFF,0xFF,0xFF,0xFF,0xFF,0xFF,0x73,0x00,0x00,0x00,0x00,0x00,0x00,0x00,0x00,0x00,
  0x00,0x00,0x00,0x00,0x00,0x00,0x00,0x00,0x00,0x00,0x00,0x00,0x00,0x00,0x00,0x00,
  0x00,0x00,0x36,0xFF,0xFF,0xFF,0xFF,0xFF,0xFF,0xFF,0xFF,0xFF,0xFF,0x86,0x00,0x00,
  0x00,0x00,0x00,0x00,0x00,0x00,0x00,0x00,0x00,0x00,0x00,0x00,0x00,0x00,0x00,0x00,
  0x00,0x00,0x00,0x00,0x00,0x00,0x00,0x00,0x00,0x06,0xFE,0xFF,0xFF,0xFF,0xFF,0xFF,
  0xFF,0xFF,0xFF,0xFF,0x78,0x00,0x00,0x00,0x00,0x00,0x00,0x00,0x00,0x00,0x00,0x00,
  0x00,0x00,0x00,0x00,0x00,0x00,0x00,0x00,0x00,0x00,0x00,0x00,0x00,0x00,0x00,0x00,
  0x07,0xFF,0xFF,0xFF,0xFF,0xFF,0xFF,0xFF,0xFF,0xFF,0xFF,0x57,0x00,0x00,0x00,0x00,
  0x00,0x00,0x00,0x00,0x00,0x00,0x00,0x00,0x00,0x00,0x00,0x00,0x00,0x00,0x00,0x00,
  0x00,0x00,0x00,0x00,0x00,0x00,0x00,0x39,0xFF,0xFF,0xFF,0xFF,0xFF,0xFF,0xFF,0xFF,
  0xFF,0xFE,0x1B,0x00,0x00,0x00,0x00,0x00,0x00,0x00,0x00,0x00,0x00,0x00,0x00,0x00,
  0x00,0x00,0x00,0x00,0x00,0x00,0x00,0x00,0x00,0x00,0x00,0x00,0x00,0x00,0xB1,0xFF,
  0xFF,0xFF,0xFF,0xFF,0xFF,0xFF,0xFF,0xFF,0xB8,0x00,0x00,0x00,0x00,0x00,0x00,0x00,
  0x00,0x00,0x00,0x00,0x00,0x00,0x00,0x00,0x00,0x00,0x00,0x00,0x00,0x00,0x00,0x00,
  0x00,0x00,0x00,0x0B,0x9A,0xFF,0xFF,0xFF,0xFF,0xFF,0xFF,0xFF,0xFF,0xFF,0xFB,0x33,
  0x00,0x00,0x00,0x00,0x00,0x00,0x00,0x00,0x00,0x00,0x00,0x00,0x00,0x00,0x00,0x00,
  0x00,0x00,0x00,0x00,0x00,0x03,0x0D,0x25,0x4D,0x90,0xEA,0xFF,0xFF,0xFF,0xFF,0xFF,
  0xFF,0xFF,0xFF,0xFF,0xFF,0x6D,0x00,0x00,0x00,0x00,0x00,0x00,0x00,0x00,0x00,0x00,
  0x00,0x00,0x00,0x00,0x00,0x00,0x00,0x40,0xFF,0xFF,0xFF,0xFF,0xFF,0xFF,0xFF,0xFF,
  0xFF,0xFF,0xFF,0xFF,0xFF,0xFF,0xFF,0xFF,0xFF,0xFF,0xF5,0x63,0x00,0x00,0x00,0x00,
  0x00,0x00,0x00,0x00,0x00,0x00,0x00,0x00,0x00,0x00,0x00,0x00,0x00,0x00,0x40,0xFF,
  0xFF,0xFF,0xFF,0xFF,0xFF,0xFF,0xFF,0xFF,0xFF,0xFF,0xFF,0xFF,0xFF,0xFF,0xFF,0xFA,
  0x9F,0x22,0x00,0x00,0x00,0x00,0x00,0x00,0x00,0x00,0x00,0x00,0x00,0x00,0x00,0x00,
  0x00,0x00,0x00,0x00,0x00,0x40,0xFF,0xFF,0xFF,0xFF,0xFF,0xFF,0xFF,0xFF,0xFF,0xFF,
  0xFF,0xFF,0xFF,0xFF,0xFF,0xBB,0x21,0x00,0x00,0x00,0x00,0x00,0x00,0x00,0x00,0x00,
  0x00,0x00,0x00,0x00,0x00,0x00,0x00,0x00,0x00,0x00,0x00,0x00,0x40,0xFF,0xFF,0xFF,
  0xFF,0xFF,0xFF,0xFF,0xFF,0xFF,0xFF,0xFF,0xFF,0xFF,0xFF,0xFF,0xFF,0xF9,0xA0,0x23,
  0x00,0x00,0x00,0x00,0x00,0x00,0x00,0x00,0x00,0x00,0x00,0x00,0x00,0x00,0x00,0x00,
  0x00,0x00,0x00,0x40,0xFF,0xFF,0xFF,0xFF,0xFF,0xFF,0xFF,0xFF,0xFF,0xFF,0xFF,0xFF,
  0xFF,0xFF,0xFF,0xFF,0xFF,0xFF,0xF9,0x6F,0x00,0x00,0x00,0x00,0x00,0x00,0x00,0x00,
  0x00,0x00,0x00,0x00,0x00,0x00,0x00,0x00,0x00,0x00,0x40,0xFF,0xFF,0xFF,0xFF,0xFF,
  0xFF,0xFF,0xFF,0xFF,0xFF,0xFF,0xFF,0xFF,0xFF,0xFF,0xFF,0xFF,0xFF,0xFF,0xFF,0x96,
  0x00,0x00,0x00,0x00,0x00,0x00,0x00,0x00,0x00,0x00,0x00,0x00,0x00,0x00,0x00,0x00,
  0x00,0x40,0xFF,0xFF,0xFF,0xFF,0xFF,0xFF,0xFF,0xFF,0xFF,0xFF,0xFF,0xFF,0xFF,0xFF,
  0xFF,0xFF,0xFF,0xFF,0xFF,0xFF,0xFF,0x77,0x00,0x00,0x00,0x00,0x00,0x00,0x00,0x00,
  0x00,0x00,0x00,0x00,0x00,0x00,0x00,0x00,0x00,0x00,0x00,0x00,0x00,0x07,0x13,0x2B,
  0x54,0x95,0xE6,0xFF,0xFF,0xFF,0xFF,0xFF,0xFF,0xFF,0xFF,0xFF,0xFF,0xFF,0xF8,0x26,
  0x00,0x00,0x00,0x00,0x00,0x00,0x00,0x00,0x00,0x00,0x00,0x00,0x00,0x00,0x00,0x00,
  0x00,0x00,0x00,0x00,0x00,0x00,0x00,0x00,0x00,0x07,0x73,0xFA,0xFF,0xFF,0xFF,0xFF,
  0xFF,0xFF,0xFF,0xFF,0xFF,0xFF,0x9A,0x00,0x00,0x00,0x00,0x00,0x00,0x00,0x00,0x00,
  0x00,0x00,0x00,0x00,0x00,0x00,0x00,0x00,0x00,0x00,0x00,0x00,0x00,0x00,0x00,0x00,
  0x00,0x00,0x46,0xFD,0xFF,0xFF,0xFF,0xFF,0xFF,0xFF,0xFF,0xFF,0xFF,0xF4,0x06,0x00,
  0x00,0x00,0x00,0x00,0x00,0x00,0x00,0x00,0x00,0x00,0x00,0x00,0x00,0x00,0x00,0x00,
  0x00,0x00,0x00,0x00,0x00,0x00,0x00,0x00,0x00,0x00,0x97,0xFF,0xFF,0xFF,0xFF,0xFF,
  0xFF,0xFF,0xFF,0xFF,0xFF,0x37,0x00,0x00,0x00,0x00,0x00,0x00,0x00,0x00,0x00,0x00,
  0x00,0x00,0x00,0x00,0x00,0x00,0x00,0x00,0x00,0x00,0x00,0x00,0x00,0x00,0x00,0x00,
  0x00,0x39,0xFF,0xFF,0xFF,0xFF,0xFF,0xFF,0xFF,0xFF,0xFF,0xFF,0x64,0x00,0x00,0x00,
  0x00,0x00,0x00,0x00,0x00,0x00,0x00,0x00,0x00,0x00,0x00,0x00,0x00,0x00,0x00,0x00,
  0x00,0x00,0x00,0x00,0x00,0x00,0x00,0x00,0x12,0xFF,0xFF,0xFF,0xFF,0xFF,0xFF,0xFF,
  0xFF,0xFF,0xFF,0x76,0x00,0x00,0x00,0x00,0x00,0x00,0x00,0x00,0x00,0x00,0x00,0x00,
  0x00,0x00,0x00,0x00,0x00,0x00,0x00,0x00,0x00,0x00,0x00,0x00,0x00,0x00,0x00,0x10,
  0xFF,0xFF,0xFF,0xFF,0xFF,0xFF,0xFF,0xFF,0xFF,0xFF,0x7F,0x00,0x00,0x00,0x00,0x00,
  0x00,0x00,0x00,0x00,0x00,0x00,0x00,0x00,0x00,0x00,0x00,0x00,0x00,0x00,0x00,0x00,
  0x00,0x00,0x00,0x00,0x00,0x00,0x37,0xFF,0xFF,0xFF,0xFF,0xFF,0xFF,0xFF,0xFF,0xFF,
  0xFF,0x73,0x00,0x00,0x00,0x00,0x00,0x00,0x00,0x00,0x00,0x00,0x00,0x00,0x00,0x00,
  0x00,0x00,0x00,0x00,0x00,0x00,0x00,0x00,0x00,0x00,0x00,0x00,0x00,0x94,0xFF,0xFF,
  0xFF,0xFF,0xFF,0xFF,0xFF,0xFF,0xFF,0xFF,0x53,0x00,0x00,0x00,0x00,0x00,0x00,0x00,
  0x3C,0xAA,0x39,0x00,0x00,0x00,0x00,0x00,0x00,0x00,0x00,0x00,0x00,0x00,0x00,0x00,
  0x00,0x00,0x00,0x41,0xFC,0xFF,0xFF,0xFF,0xFF,0xFF,0xFF,0xFF,0xFF,0xFF,0xFF,0x21,
  0x00,0x00,0x00,0x00,0x00,0x00,0x00,0x40,0xFF,0xFF,0xC9,0x6E,0x1C,0x00,0x00,0x00,
  0x00,0x00,0x00,0x00,0x00,0x00,0x00,0x00,0x04,0x6B,0xF8,0xFF,0xFF,0xFF,0xFF,0xFF,
  0xFF,0xFF,0xFF,0xFF,0xFF,0xD7,0x00,0x00,0x00,0x00,0x00,0x00,0x00,0x00,0x40,0xFF,
  0xFF,0xFF,0xFF,0xFE,0xCB,0x93,0x61,0x34,0x1E,0x0D,0x03,0x0D,0x21,0x4B,0x89,0xDF,
  0xFF,0xFF,0xFF,0xFF,0xFF,0xFF,0xFF,0xFF,0xFF,0xFF,0xFF,0xFF,0x71,0x00,0x00,0x00,
  0x00,0x00,0x00,0x00,0x00,0x40,0xFF,0xFF,0xFF,0xFF,0xFF,0xFF,0xFF,0xFF,0xFF,0xFF,
  0xFF,0xFF,0xFF,0xFF,0xFF,0xFF,0xFF,0xFF,0xFF,0xFF,0xFF,0xFF,0xFF,0xFF,0xFF,0xFF,
  0xFF,0xFF,0xE0,0x08,0x00,0x00,0x00,0x00,0x00,0x00,0x00,0x00,0x40,0xFF,0xFF,0xFF,
  0xFF,0xFF,0xFF,0xFF,0xFF,0xFF,0xFF,0xFF,0xFF,0xFF,0xFF,0xFF,0xFF,0xFF,0xFF,0xFF,
  0xFF,0xFF,0xFF,0xFF,0xFF,0xFF,0xFF,0xFF,0xFB,0x3D,0x00,0x00,0x00,0x00,0x00,0x00,
  0x00,0x00,0x00,0x40,0xFF,0xFF,0xFF,0xFF,0xFF,0xFF,0xFF,0xFF,0xFF,0xFF,0xFF,0xFF,
  0xFF,0xFF,0xFF,0xFF,0xFF,0xFF,0xFF,0xFF,0xFF,0xFF,0xFF,0xFF,0xFF,0xFF,0xFC,0x59,
  0x00,0x00,0x00,0x00,0x00,0x00,0x00,0x00,0x00,0x00,0x40,0xFF,0xFF,0xFF,0xFF,0xFF,
  0xFF,0xFF,0xFF,0xFF,0xFF,0xFF,0xFF,0xFF,0xFF,0xFF,0xFF,0xFF,0xFF,0xFF,0xFF,0xFF,
  0xFF,0xFF,0xFF,0xFF,0xE8,0x42,0x00,0x00,0x00,0x00,0x00,0x00,0x00,0x00,0x00,0x00,
  0x00,0x40,0xFF,0xFF,0xFF,0xFF,0xFF,0xFF,0xFF,0xFF,0xFF,0xFF,0xFF,0xFF,0xFF,0xFF,
  0xFF,0xFF,0xFF,0xFF,0xFF,0xFF,0xFF,0xFF,0xFF,0xF7,0x91,0x10,0x00,0x00,0x00,0x00,
  0x00,0x00,0x00,0x00,0x00,0x00,0x00,0x00,0x02,0x37,0x7F,0xC6,0xFA,0xFF,0xFF,0xFF,
  0xFF,0xFF,0xFF,0xFF,0xFF,0xFF,0xFF,0xFF,0xFF,0xFF,0xFF,0xFF,0xFF,0xFE,0xCE,0x76,
  0x17,0x00,0x00,0x00,0x00,0x00,0x00,0x00,0x00,0x00,0x00,0x00,0x00,0x00,0x00,0x00,
  0x00,0x00,0x00,0x06,0x34,0x67,0x8F,0xAE,0xCC,0xE3,0xEE,0xF8,0xFE,0xF9,0xF0,0xDF,
  0xCA,0xAA,0x84,0x52,0x17,0x00,0x00,0x00,0x00,0x00,0x00,0x00,0x00,0x00,0x00,0x00,
  0x00,0x00,0x00,0x00,0x00,0x00,0x00,0x00,0x00,0x00,0x00,0x00,0x00,0x00,0x00,0x00,
  0x00,0x00,0x00,0x00,0x00,0x75,0xFF,0xFF,0xFF,0xFF,0xFF,0xFF,0xFF,0xFF,0xFF,0xFF,
  0xFF,0x94,0x00,0x00,0x00,0x00,0x00,0x00,0x00,0x00,0x00,0x00,0x00,0x00,0x00,0x00,
  0x00,0x00,0x00,0x00,0x00,0x00,0x00,0x00,0x00,0x00,0x00,0x26,0xF6,0xFF,0xFF,0xFF,
  0xFF,0xFF,0xFF,0xFF,0xFF,0xFF,0xFF,0xFF,0x94,0x00,0x00,0x00,0x00,0x00,0x00,0x00,
  0x00,0x00,0x00,0x00,0x00,0x00,0x00,0x00,0x00,0x00,0x00,0x00,0x00,0x00,0x00,0x00,
  0x00,0x02,0xC3,0xFF,0xFF,0xFF,0xFF,0xFF,0xFF,0xFF,0xFF,0xFF,0xFF,0xFF,0xFF,0x94,
  0x00,0x00,0x00,0x00,0x00,0x00,0x00,0x00,0x00,0x00,0x00,0x00,0x00,0x00,0x00,0x00,
  0x00,0x00,0x00,0x00,0x00,0x00,0x00,0x00,0x6F,0xFF,0xFF,0xFF,0xFF,0xFF,0xFF,0xFF,
  0xFF,0xFF,0xFF,0xFF,0xFF,0xFF,0x94,0x00,0x00,0x00,0x00,0x00,0x00,0x00,0x00,0x00,
  0x00,0x00,0x00,0x00,0x00,0x00,0x00,0x00,0x00,0x00,0x00,0x00,0x00,0x00,0x22,0xF5,
  0xFF,0xFF,0xFF,0xFF,0xFF,0xFF,0xFF,0xFF,0xFF,0xFF,0xFF,0xFF,0xFF,0x94,0x00,0x00,
  0x00,0x00,0x00,0x00,0x00,0x00,0x00,0x00,0x00,0x00,0x00,0x00,0x00,0x00,0x00,0x00,
  0x00,0x00,0x00,0x00,0x01,0xBE,0xFF,0xFF,0xFF,0xFF,0xFF,0xFF,0xFF,0xFF,0xFF,0xFF,
  0xFF,0xFF,0xFF,0xFF,0x94,0x00,0x00,0x00,0x00,0x00,0x00,0x00,0x00,0x00,0x00,0x00,
  0x00,0x00,0x00,0x00,0x00,0x00,0x00,0x00,0x00,0x00,0x00,0x69,0xFF,0xFF,0xFF,0xFF,
  0xFF,0xFF,0xFF,0xFF,0xFF,0xFF,0xFF,0xFF,0xFF,0xFF,0xFF,0x94,0x00,0x00,0x00,0x00,
  0x00,0x00,0x00,0x00,0x00,0x00,0x00,0x00,0x00,0x00,0x00,0x00,0x00,0x00,0x00,0x00,
  0x00,0x1F,0xF2,0xFF,0xFF,0xFF,0xFF,0xFF,0xFF,0xFF,0xFF,0xFF,0xFF,0xFF,0xFF,0xFF,
  0xFF,0xFF,0x94,0x00,0x00,0x00,0x00,0x00,0x00,0x00,0x00,0x00,0x00,0x00,0x00,0x00,
  0x00,0x00,0x00,0x00,0x00,0x00,0x00,0x00,0xBA,0xFF,0xFF,0xFF,0xFF,0xFF,0xFF,0xFA,
  0xFF,0xFF,0xFF,0xFF,0xFF,0xFF,0xFF,0xFF,0xFF,0x94,0x00,0x00,0x00,0x00,0x00,0x00,
  0x00,0x00,0x00,0x00,0x00,0x00,0x00,0x00,0x00,0x00,0x00,0x00,0x00,0x00,0x64,0xFF,
  0xFF,0xFF,0xFF,0xFF,0xFF,0xF7,0x88,0xFF,0xFF,0xFF,0xFF,0xFF,0xFF,0xFF,0xFF,0xFF,
  0x94,0x00,0x00,0x00,0x00,0x00,0x00,0x00,0x00,0x00,0x00,0x00,0x00,0x00,0x00,0x00,
  0x00,0x00,0x00,0x00,0x1B,0xF0,0xFF,0xFF,0xFF,0xFF,0xFF,0xFF,0x73,0x60,0xFF,0xFF,
  0xFF,0xFF,0xFF,0xFF,0xFF,0xFF,0xFF,0x94,0x00,0x00,0x00,0x00,0x00,0x00,0x00,0x00,
  0x00,0x00,0x00,0x00,0x00,0x00,0x00,0x00,0x00,0x00,0x00,0xB4,0xFF,0xFF,0xFF,0xFF,
  0xFF,0xFF,0xC6,0x02,0x60,0xFF,0xFF,0xFF,0xFF,0xFF,0xFF,0xFF,0xFF,0xFF,0x94,0x00,
  0x00,0x00,0x00,0x00,0x00,0x00,0x00,0x00,0x00,0x00,0x00,0x00,0x00,0x00,0x00,0x00,
  0x00,0x5E,0xFF,0xFF,0xFF,0xFF,0xFF,0xFF,0xF6,0x26,0x00,0x60,0xFF,0xFF,0xFF,0xFF,
  0xFF,0xFF,0xFF,0xFF,0xFF,0x94,0x00,0x00,0x00,0x00,0x00,0x00,0x00,0x00,0x00,0x00,
  0x00,0x00,0x00,0x00,0x00,0x00,0x00,0x18,0xEE,0xFF,0xFF,0xFF,0xFF,0xFF,0xFF,0x71,
  0x00,0x00,0x60,0xFF,0xFF,0xFF,0xFF,0xFF,0xFF,0xFF,0xFF,0xFF,0x94,0x00,0x00,0x00,
  0x00,0x00,0x00,0x00,0x00,0x00,0x00,0x00,0x00,0x00,0x00,0x00,0x00,0x00,0xAF,0xFF,
  0xFF,0xFF,0xFF,0xFF,0xFF,0xC4,0x02,0x00,0x00,0x60,0xFF,0xFF,0xFF,0xFF,0xFF,0xFF,
  0xFF,0xFF,0xFF,0x94,0x00,0x00,0x00,0x00,0x00,0x00,0x00,0x00,0x00,0x00,0x00,0x00,
  0x00,0x00,0x00,0x00,0x58,0xFF,0xFF,0xFF,0xFF,0xFF,0xFF,0xF5,0x24,0x00,0x00,0x00,
  0x60,0xFF,0xFF,0xFF,0xFF,0xFF,0xFF,0xFF,0xFF,0xFF,0x94,0x00,0x00,0x00,0x00,0x00,
  0x00,0x00,0x00,0x00,0x00,0x00,0x00,0x00,0x00,0x00,0x15,0xEB,0xFF,0xFF,0xFF,0xFF,
  0xFF,0xFF,0x6F,0x00,0x00,0x00,0x00,0x60,0xFF,0xFF,0xFF,0xFF,0xFF,0xFF,0xFF,0xFF,
  0xFF,0x94,0x00,0x00,0x00,0x00,0x00,0x00,0x00,0x00,0x00,0x00,0x00,0x00,0x00,0x00,
  0x00,0xAA,0xFF,0xFF,0xFF,0xFF,0xFF,0xFF,0xC2,0x02,0x00,0x00,0x00,0x00,0x60,0xFF,
  0xFF,0xFF,0xFF,0xFF,0xFF,0xFF,0xFF,0xFF,0x94,0x00,0x00,0x00,0x00,0x00,0x00,0x00,
  0x00,0x00,0x00,0x00,0x00,0x00,0x00,0x52,0xFF,0xFF,0xFF,0xFF,0xFF,0xFF,0xF5,0x23,
  0x00,0x00,0x00,0x00,0x00,0x60,0xFF,0xFF,0xFF,0xFF,0xFF,0xFF,0xFF,0xFF,0xFF,0x94,
  0x00,0x00,0x00,0x00,0x00,0x00,0x00,0x00,0x00,0x00,0x00,0x00,0x00,0x12,0xE8,0xFF,
  0xFF,0xFF,0xFF,0xFF,0xFF,0x6D,0x00,0x00,0x00,0x00,0x00,0x00,0x60,0xFF,0xFF,0xFF,
  0xFF,0xFF,0xFF,0xFF,0xFF,0xFF,0x94,0x00,0x00,0x00,0x00,0x00,0x00,0x00,0x00,0x00,
  0x00,0x00,0x00,0x00,0xA4,0xFF,0xFF,0xFF,0xFF,0xFF,0xFF,0xC0,0x01,0x00,0x00,0x00,
  0x00,0x00,0x00,0x60,0xFF,0xFF,0xFF,0xFF,0xFF,0xFF,0xFF,0xFF,0xFF,0x94,0x00,0x00,
  0x00,0x00,0x00,0x00,0x00,0x00,0x00,0x00,0x00,0x00,0x4D,0xFF,0xFF,0xFF,0xFF,0xFF,
  0xFF,0xF4,0x22,0x00,0x00,0x00,0x00,0x00,0x00,0x00,0x60,0xFF,0xFF,0xFF,0xFF,0xFF,
  0xFF,0xFF,0xFF,0xFF,0x94,0x00,0x00,0x00,0x00,0x00,0x00,0x00,0x00,0x00,0x00,0x00,
  0x10,0xE5,0xFF,0xFF,0xFF,0xFF,0xFF,0xFF,0x6B,0x00,0x00,0x00,0x00,0x00,0x00,0x00,
  0x00,0x60,0xFF,0xFF,0xFF,0xFF,0xFF,0xFF,0xFF,0xFF,0xFF,0x94,0x00,0x00,0x00,0x00,
  0x00,0x00,0x00,0x00,0x00,0x00,0x00,0x9F,0xFF,0xFF,0xFF,0xFF,0xFF,0xFF,0xBE,0x01,
  0x00,0x00,0x00,0x00,0x00,0x00,0x00,0x00,0x60,0xFF,0xFF,0xFF,0xFF,0xFF,0xFF,0xFF,
  0xFF,0xFF,0x94,0x00,0x00,0x00,0x00,0x00,0x00,0x00,0x00,0x00,0x00,0x44,0xFF,0xFF,
  0xFF,0xFF,0xFF,0xFF,0xF3,0x21,0x00,0x00,0x00,0x00,0x00,0x00,0x00,0x00,0x00,0x60,
  0xFF,0xFF,0xFF,0xFF,0xFF,0xFF,0xFF,0xFF,0xFF,0x94,0x00,0x00,0x00,0x00,0x00,0x00,
  0x00,0x00,0x00,0x00,0x7C,0xFF,0xFF,0xFF,0xFF,0xFF,0xFF,0x69,0x00,0x00,0x00,0x00,
  0x00,0x00,0x00,0x00,0x00,0x00,0x60,0xFF,0xFF,0xFF,0xFF,0xFF,0xFF,0xFF,0xFF,0xFF,
  0x94,0x00,0x00,0x00,0x00,0x00,0x00,0x00,0x00,0x00,0x00,0x7C,0xFF,0xFF,0xFF,0xFF,
  0xFF,0xFF,0xFF,0xFF,0xFF,0xFF,0xFF,0xFF,0xFF,0xFF,0xFF,0xFF,0xFF,0xFF,0xFF,0xFF,
  0xFF,0xFF,0xFF,0xFF,0xFF,0xFF,0xFF,0xFF,0xFF,0xFF,0xFF,0xFF,0xFF,0x64,0x00,0x00,
  0x00,0x00,0x7C,0xFF,0xFF,0xFF,0xFF,0xFF,0xFF,0xFF,0xFF,0xFF,0xFF,0xFF,0xFF,0xFF,
  0xFF,0xFF,0xFF,0xFF,0xFF,0xFF,0xFF,0xFF,0xFF,0xFF,0xFF,0xFF,0xFF,0xFF,0xFF,0xFF,
  0xFF,0xFF,0xFF,0xFF,0x64,0x00,0x00,0x00,0x00,0x7C,0xFF,0xFF,0xFF,0xFF,0xFF,0xFF,
  0xFF,0xFF,0xFF,0xFF,0xFF,0xFF,0xFF,0xFF,0xFF,0xFF,0xFF,0xFF,0xFF,0xFF,0xFF,0xFF,
  0xFF,0xFF,0xFF,0xFF,0xFF,0xFF,0xFF,0xFF,0xFF,0xFF,0xFF,0x64,0x00,0x00,0x00,0x00,
  0x7C,0xFF,0xFF,0xFF,0xFF,0xFF,0xFF,0xFF,0xFF,0xFF,0xFF,0xFF,0xFF,0xFF,0xFF,0xFF,
  0xFF,0xFF,0xFF,0xFF,0xFF,0xFF,0xFF,0xFF,0xFF,0xFF,0xFF,0xFF,0xFF,0xFF,0xFF,0xFF,
  0xFF,0xFF,0x64,0x00,0x00,0x00,0x00,0x7C,0xFF,0xFF,0xFF,0xFF,0xFF,0xFF,0xFF,0xFF,
  0xFF,0xFF,0xFF,0xFF,0xFF,0xFF,0xFF,0xFF,0xFF,0xFF,0xFF,0xFF,0xFF,0xFF,0xFF,0xFF,
  0xFF,0xFF,0xFF,0xFF,0xFF,0xFF,0xFF,0xFF,0xFF,0x64,0x00,0x00,0x00,0x00,0x7C,0xFF,
  0xFF,0xFF,0xFF,0xFF,0xFF,0xFF,0xFF,0xFF,0xFF,0xFF,0xFF,0xFF,0xFF,0xFF,0xFF,0xFF,
  0xFF,0xFF,0xFF,0xFF,0xFF,0xFF,0xFF,0xFF,0xFF,0xFF,0xFF,0xFF,0xFF,0xFF,0xFF,0xFF,
  0x64,0x00,0x00,0x00,0x00,0x7C,0xFF,0xFF,0xFF,0xFF,0xFF,0xFF,0xFF,0xFF,0xFF,0xFF,
  0xFF,0xFF,0xFF,0xFF,0xFF,0xFF,0xFF,0xFF,0xFF,0xFF,0xFF,0xFF,0xFF,0xFF,0xFF,0xFF,
  0xFF,0xFF,0xFF,0xFF,0xFF,0xFF,0xFF,0x64,0x00,0x00,0x00,0x00,0x7C,0xFF,0xFF,0xFF,
  0xFF,0xFF,0xFF,0xFF,0xFF,0xFF,0xFF,0xFF,0xFF,0xFF,0xFF,0xFF,0xFF,0xFF,0xFF,0xFF,
  0xFF,0xFF,0xFF,0xFF,0xFF,0xFF,0xFF,0xFF,0xFF,0xFF,0xFF,0xFF,0xFF,0xFF,0x64,0x00,
  0x00,0x00,0x00,0x00,0x00,0x00,0x00,0x00,0x00,0x00,0x00,0x00,0x00,0x00,0x00,0x00,
  0x00,0x00,0x00,0x00,0x00,0x60,0xFF,0xFF,0xFF,0xFF,0xFF,0xFF,0xFF,0xFF,0xFF,0x94,
  0x00,0x00,0x00,0x00,0x00,0x00,0x00,0x00,0x00,0x00,0x00,0x00,0x00,0x00,0x00,0x00,
  0x00,0x00,0x00,0x00,0x00,0x00,0x00,0x00,0x00,0x00,0x00,0x00,0x60,0xFF,0xFF,0xFF,
  0xFF,0xFF,0xFF,0xFF,0xFF,0xFF,0x94,0x00,0x00,0x00,0x00,0x00,0x00,0x00,0x00,0x00,
  0x00,0x00,0x00,0x00,0x00,0x00,0x00,0x00,0x00,0x00,0x00,0x00,0x00,0x00,0x00,0x00,
  0x00,0x00,0x00,0x60,0xFF,0xFF,0xFF,0xFF,0xFF,0xFF,0xFF,0xFF,0xFF,0x94,0x00,0x00,
  0x00,0x00,0x00,0x00,0x00,0x00,0x00,0x00,0x00,0x00,0x00,0x00,0x00,0x00,0x00,0x00,
  0x00,0x00,0x00,0x00,0x00,0x00,0x00,0x00,0x00,0x00,0x60,0xFF,0xFF,0xFF,0xFF,0xFF,
  0xFF,0xFF,0xFF,0xFF,0x94,0x00,0x00,0x00,0x00,0x00,0x00,0x00,0x00,0x00,0x00,0x00,
  0x00,0x00,0x00,0x00,0x00,0x00,0x00,0x00,0x00,0x00,0x00,0x00,0x00,0x00,0x00,0x00,
  0x00,0x60,0xFF,0xFF,0xFF,0xFF,0xFF,0xFF,0xFF,0xFF,0xFF,0x94,0x00,0x00,0x00,0x00,
  0x00,0x00,0x00,0x00,0x00,0x00,0x00,0x00,0x00,0x00,0x00,0x00,0x00,0x00,0x00,0x00,
  0x00,0x00,0x00,0x00,0x00,0x00,0x00,0x00,0x60,0xFF,0xFF,0xFF,0xFF,0xFF,0xFF,0xFF,
  0xFF,0xFF,0x94,0x00,0x00,0x00,0x00,0x00,0x00,0x00,0x00,0x00,0x00,0x00,0x00,0x00,
  0x00,0x00,0x00,0x00,0x00,0x00,0x00,0x00,0x00,0x00,0x00,0x00,0x00,0x00,0x00,0x60,
  0xFF,0xFF,0xFF,0xFF,0xFF,0xFF,0xFF,0xFF,0xFF,0x94,0x00,0x00,0x00,0x00,0x00,0x00,
  0x00,0x00,0x00,0x00,0x00,0x00,0x00,0x10,0xFF,0xFF,0xFF,0xFF,0xFF,0xFF,0xFF,0xFF,
  0xFF,0xFF,0xFF,0xFF,0xFF,0xFF,0xFF,0xFF,0xFF,0xFF,0xFF,0xFF,0xFF,0xFF,0xFF,0xFF,
  0xFF,0xFF,0x1C,0x00,0x00,0x00,0x00,0x00,0x00,0x00,0x00,0x00,0x00,0x00,0x10,0xFF,
  0xFF,0xFF,0xFF,0xFF,0xFF,0xFF,0xFF,0xFF,0xFF,0xFF,0xFF,0xFF,0xFF,0xFF,0xFF,0xFF,
  0xFF,0xFF,0xFF,0xFF,0xFF,0xFF,0xFF,0xFF,0xFF,0x1C,0x00,0x00,0x00,0x00,0x00,0x00,
  0x00,0x00,0x00,0x00,0x00,0x10,0xFF,0xFF,0xFF,0xFF,0xFF,0xFF,0xFF,0xFF,0xFF,0xFF,
  0xFF,0xFF,0xFF,0xFF,0xFF,0xFF,0xFF,0xFF,0xFF,0xFF,0xFF,0xFF,0xFF,0xFF,0xFF,0xFF,
  0x1C,0x00,0x00,0x00,0x00,0x00,0x00,0x00,0x00,0x00,0x00,0x00,0x10,0xFF,0xFF,0xFF,
  0xFF,0xFF,0xFF,0xFF,0xFF,0xFF,0xFF,0xFF,0xFF,0xFF,0xFF,0xFF,0xFF,0xFF,0xFF,0xFF,
  0xFF,0xFF,0xFF,0xFF,0xFF,0xFF,0xFF,0x1C,0x00,0x00,0x00,0x00,0x00,0x00,0x00,0x00,
  0x00,0x00,0x00,0x10,0xFF,0xFF,0xFF,0xFF,0xFF,0xFF,0xFF,0xFF,0xFF,0xFF,0xFF,0xFF,
  0xFF,0xFF,0xFF,0xFF,0xFF,0xFF,0xFF,0xFF,0xFF,0xFF,0xFF,0xFF,0xFF,0xFF,0x1C,0x00,
  0x00,0x00,0x00,0x00,0x00,0x00,0x00,0x00,0x00,0x00,0x10,0xFF,0xFF,0xFF,0xFF,0xFF,
  0xFF,0xFF,0xFF,0xFF,0xFF,0xFF,0xFF,0xFF,0xFF,0xFF,0xFF,0xFF,0xFF,0xFF,0xFF,0xFF,
  0xFF,0xFF,0xFF,0xFF,0xFF,0x1C,0x00,0x00,0x00,0x00,0x00,0x00,0x00,0x00,0x00,0x00,
  0x00,0x10,0xFF,0xFF,0xFF,0xFF,0xFF,0xFF,0xFF,0xFF,0xFF,0xFF,0xFF,0xFF,0xFF,0xFF,
  0xFF,0xFF,0xFF,0xFF,0xFF,0xFF,0xFF,0xFF,0xFF,0xFF,0xFF,0xFF,0x1C,0x00,0x00,0x00,
  0x00,0x00,0x00,0x00,0x00,0x00,0x00,0x00,0x10,0xFF,0xFF,0xFF,0xFF,0xFF,0xFF,0xFF,
  0xFF,0xFF,0xFF,0xFF,0xFF,0xFF,0xFF,0xFF,0xFF,0xFF,0xFF,0xFF,0xFF,0xFF,0xFF,0xFF,
  0xFF,0xFF,0xFF,0x1C,0x00,0x00,0x00,0x00,0x00,0x00,0x00,0x00,0x00,0x00,0x00,0x10,
  0xFF,0xFF,0xFF,0xFF,0xFF,0xFF,0xFF,0xFF,0x54,0x00,0x00,0x00,0x00,0x00,0x00,0x00,
  0x00,0x00,0x00,0x00,0x00,0x00,0x00,0x00,0x00,0x00,0x00,0x00,0x00,0x00,0x00,0x00,
  0x00,0x00,0x00,0x00,0x00,0x00,0x10,0xFF,0xFF,0xFF,0xFF,0xFF,0xFF,0xFF,0xFF,0x54,
  0x00,0x00,0x00,0x00,0x00,0x00,0x00,0x00,0x00,0x00,0x00,0x00,0x00,0x00,0x00,0x00,
  0x00,0x00,0x00,0x00,0x00,0x00,0x00,0x00,0x00,0x00,0x00,0x00,0x00,0x10,0xFF,0xFF,
  0xFF,0xFF,0xFF,0xFF,0xFF,0xFF,0x54,0x00,0x00,0x00,0x00,0x00,0x00,0x00,0x00,0x00,
  0x00,0x00,0x00,0x00,0x00,0x00,0x00,0x00,0x00,0x00,0x00,0x00,0x00,0x00,0x00,0x00,
  0x00,0x00,0x00,0x00,0x10,0xFF,0xFF,0xFF,0xFF,0xFF,0xFF,0xFF,0xFF,0x54,0x00,0x00,
  0x00,0x00,0x00,0x00,0x00,0x00,0x00,0x00,0x00,0x00,0x00,0x00,0x00,0x00,0x00,0x00,
  0x00,0x00,0x00,0x00,0x00,0x00,0x00,0x00,0x00,0x00,0x00,0x10,0xFF,0xFF,0xFF,0xFF,
  0xFF,0xFF,0xFF,0xFF,0x54,0x00,0x00,0x00,0x00,0x00,0x00,0x00,0x00,0x00,0x00,0x00,
  0x00,0x00,0x00,0x00,0x00,0x00,0x00,0x00,0x00,0x00,0x00,0x00,0x00,0x00,0x00,0x00,
  0x00,0x00,0x10,0xFF,0xFF,0xFF,0xFF,0xFF,0xFF,0xFF,0xFF,0x54,0x00,0x00,0x00,0x00,
  0x00,0x00,0x00,0x00,0x00,0x00,0x00,0x00,0x00,0x00,0x00,0x00,0x00,0x00,0x00,0x00,
  0x00,0x00,0x00,0x00,0x00,0x00,0x00,0x00,0x00,0x10,0xFF,0xFF,0xFF,0xFF,0xFF,0xFF,
  0xFF,0xFF,0x98,0x91,0xC5,0xE0,0xF2,0xFA,0xEA,0xD9,0xC8,0x9C,0x63,0x2A,0x00,0x00,
  0x00,0x00,0x00,0x00,0x00,0x00,0x00,0x00,0x00,0x00,0x00,0x00,0x00,0x00,0x00,0x00,
  0x10,0xFF,0xFF,0xFF,0xFF,0xFF,0xFF,0xFF,0xFF,0xFF,0xFF,0xFF,0xFF,0xFF,0xFF,0xFF,
  0xFF,0xFF,0xFF,0xFF,0xFF,0xD2,0x65,0x09,0x00,0x00,0x00,0x00,0x00,0x00,0x00,0x00,
  0x00,0x00,0x00,0x00,0x00,0x00,0x00,0x10,0xFF,0xFF,0xFF,0xFF,0xFF,0xFF,0xFF,0xFF,
  0xFF,0xFF,0xFF,0xFF,0xFF,0xFF,0xFF,0xFF,0xFF,0xFF,0xFF,0xFF,0xFF,0xFF,0xE8,0x4B,
  0x00,0x00,0x00,0x00,0x00,0x00,0x00,0x00,0x00,0x00,0x00,0x00,0x00,0x00,0x10,0xFF,
  0xFF,0xFF,0xFF,0xFF,0xFF,0xFF,0xFF,0xFF,0xFF,0xFF,0xFF,0xFF,0xFF,0xFF,0xFF,0xFF,
  0xFF,0xFF,0xFF,0xFF,0xFF,0xFF,0xFF,0x95,0x05,0x00,0x00,0x00,0x00,0x00,0x00,0x00,
  0x00,0x00,0x00,0x00,0x00,0x10,0xFF,0xFF,0xFF,0xFF,0xFF,0xFF,0xFF,0xFF,0xFF,0xFF,
  0xFF,0xFF,0xFF,0xFF,0xFF,0xFF,0xFF,0xFF,0xFF,0xFF,0xFF,0xFF,0xFF,0xFF,0xFF,0xAD,
  0x02,0x00,0x00,0x00,0x00,0x00,0x00,0x00,0x00,0x00,0x00,0x00,0x10,0xFF,0xFF,0xFF,
  0xFF,0xFF,0xFF,0xFF,0xFF,0xFF,0xFF,0xFF,0xFF,0xFF,0xFF,0xFF,0xFF,0xFF,0xFF,0xFF,
  0xFF,0xFF,0xFF,0xFF,0xFF,0xFF,0xFF,0x86,0x00,0x00,0x00,0x00,0x00,0x00,0x00,0x00,
  0x00,0x00,0x00,0x10,0xFF,0xFF,0xFF,0xFF,0xFF,0xFF,0xFF,0xFF,0xFF,0xFF,0xFF,0xFF,
  0xFF,0xFF,0xFF,0xFF,0xFF,0xFF,0xFF,0xFF,0xFF,0xFF,0xFF,0xFF,0xFF,0xFF,0xFD,0x34,
  0x00,0x00,0x00,0x00,0x00,0x00,0x00,0x00,0x00,0x00,0x10,0xFF,0xFF,0xFF,0xF1,0xB9,
  0x80,0x58,0x31,0x19,0x0B,0x04,0x14,0x34,0x6D,0xCB,0xFF,0xFF,0xFF,0xFF,0xFF,0xFF,
  0xFF,0xFF,0xFF,0xFF,0xFF,0xFF,0xB9,0x00,0x00,0x00,0x00,0x00,0x00,0x00,0x00,0x00,
  0x00,0x0F,0xD4,0x84,0x35,0x02,0x00,0x00,0x00,0x00,0x00,0x00,0x00,0x00,0x00,0x00,
  0x00,0x50,0xEA,0xFF,0xFF,0xFF,0xFF,0xFF,0xFF,0xFF,0xFF,0xFF,0xFF,0xFF,0x25,0x00,
  0x00,0x00,0x00,0x00,0x00,0x00,0x00,0x00,0x00,0x00,0x00,0x00,0x00,0x00,0x00,0x00,
  0x00,0x00,0x00,0x00,0x00,0x00,0x00,0x00,0x00,0x2A,0xEC,0xFF,0xFF,0xFF,0xFF,0xFF,
  0xFF,0xFF,0xFF,0xFF,0xFF,0x78,0x00,0x00,0x00,0x00,0x00,0x00,0x00,0x00,0x00,0x00,
  0x00,0x00,0x00,0x00,0x00,0x00,0x00,0x00,0x00,0x00,0x00,0x00,0x00,0x00,0x00,0x00,
  0x00,0x5D,0xFF,0xFF,0xFF,0xFF,0xFF,0xFF,0xFF,0xFF,0xFF,0xFF,0xB5,0x00,0x00,0x00,
  0x00,0x00,0x00,0x00,0x00,0x00,0x00,0x00,0x00,0x00,0x00,0x00,0x00,0x00,0x00,0x00,
  0x00,0x00,0x00,0x00,0x00,0x00,0x00,0x00,0x01,0xE5,0xFF,0xFF,0xFF,0xFF,0xFF,0xFF,
  0xFF,0xFF,0xFF,0xE0,0x00,0x00,0x00,0x00,0x00,0x00,0x00,0x00,0x00,0x00,0x00,0x00,
  0x00,0x00,0x00,0x00,0x00,0x00,0x00,0x00,0x00,0x00,0x00,0x00,0x00,0x00,0x00,0x00,
  0xA1,0xFF,0xFF,0xFF,0xFF,0xFF,0xFF,0xFF,0xFF,0xFF,0xFC,0x01,0x00,0x00,0x00,0x00,
  0x00,0x00,0x00,0x00,0x00,0x00,0x00,0x00,0x00,0x00,0x00,0x00,0x00,0x00,0x00,0x00,
  0x00,0x00,0x00,0x00,0x00,0x00,0x00,0x84,0xFF,0xFF,0xFF,0xFF,0xFF,0xFF,0xFF,0xFF,
  0xFF,0xFF,0x0A,0x00,0x00,0x00,0x00,0x00,0x00,0x00,0x00,0x00,0x00,0x00,0x00,0x00,
  0x00,0x00,0x00,0x00,0x00,0x00,0x00,0x00,0x00,0x00,0x00,0x00,0x00,0x00,0x84,0xFF,
  0xFF,0xFF,0xFF,0xFF,0xFF,0xFF,0xFF,0xFF,0xFF,0x0A,0x00,0x00,0x00,0x00,0x00,0x00,
  0x00,0x00,0x00,0x00,0x00,0x00,0x00,0x00,0x00,0x00,0x00,0x00,0x00,0x00,0x00,0x00,
  0x00,0x00,0x00,0x00,0x00,0xA1,0xFF,0xFF,0xFF,0xFF,0xFF,0xFF,0xFF,0xFF,0xFF,0xFB,
  0x00,0x00,0x00,0x00,0x00,0x00,0x00,0x00,0x00,0x00,0x00,0x00,0x00,0x00,0x00,0x00,
  0x00,0x00,0x00,0x00,0x00,0x00,0x00,0x00,0x00,0x00,0x00,0x01,0xE6,0xFF,0xFF,0xFF,
  0xFF,0xFF,0xFF,0xFF,0xFF,0xFF,0xDD,0x00,0x00,0x00,0x00,0x00,0x00,0x00,0x00,0x8C,
  0x5E,0x02,0x00,0x00,0x00,0x00,0x00,0x00,0x00,0x00,0x00,0x00,0x00,0x00,0x00,0x00,
  0x00,0x00,0x60,0xFF,0xFF,0xFF,0xFF,0xFF,0xFF,0xFF,0xFF,0xFF,0xFF,0xAE,0x00,0x00,
  0x00,0x00,0x00,0x00,0x00,0x00,0xAC,0xFF,0xD1,0x4D,0x01,0x00,0x00,0x00,0x00,0x00,
  0x00,0x00,0x00,0x00,0x00,0x00,0x00,0x00,0x2C,0xED,0xFF,0xFF,0xFF,0xFF,0xFF,0xFF,
  0xFF,0xFF,0xFF,0xFF,0x6B,0x00,0x00,0x00,0x00,0x00,0x00,0x00,0x00,0xAC,0xFF,0xFF,
  0xFF,0xDD,0x77,0x16,0x00,0x00,0x00,0x00,0x00,0x00,0x00,0x00,0x00,0x00,0x52,0xEB,
  0xFF,0xFF,0xFF,0xFF,0xFF,0xFF,0xFF,0xFF,0xFF,0xFF,0xFA,0x15,0x00,0x00,0x00,0x00,
  0x00,0x00,0x00,0x00,0xAC,0xFF,0xFF,0xFF,0xFF,0xFF,0xFC,0xC8,0x86,0x48,0x29,0x12,
  0x04,0x13,0x34,0x6E,0xCC,0xFF,0xFF,0xFF,0xFF,0xFF,0xFF,0xFF,0xFF,0xFF,0xFF,0xFF,
  0xFF,0x9A,0x00,0x00,0x00,0x00,0x00,0x00,0x00,0x00,0x00,0xAC,0xFF,0xFF,0xFF,0xFF,
  0xFF,0xFF,0xFF,0xFF,0xFF,0xFF,0xFF,0xFF,0xFF,0xFF,0xFF,0xFF,0xFF,0xFF,0xFF,0xFF,
  0xFF,0xFF,0xFF,0xFF,0xFF,0xFF,0xFF,0xED,0x18,0x00,0x00,0x00,0x00,0x00,0x00,0x00,
  0x00,0x00,0xAC,0xFF,0xFF,0xFF,0xFF,0xFF,0xFF,0xFF,0xFF,0xFF,0xFF,0xFF,0xFF,0xFF,
  0xFF,0xFF,0xFF,0xFF,0xFF,0xFF,0xFF,0xFF,0xFF,0xFF,0xFF,0xFF,0xFF,0xFD,0x4E,0x00,
  0x00,0x00,0x00,0x00,0x00,0x00,0x00,0x00,0x00,0xAC,0xFF,0xFF,0xFF,0xFF,0xFF,0xFF,
  0xFF,0xFF,0xFF,0xFF,0xFF,0xFF,0xFF,0xFF,0xFF,0xFF,0xFF,0xFF,0xFF,0xFF,0xFF,0xFF,
  0xFF,0xFF,0xFF,0xFD,0x65,0x00,0x00,0x00,0x00,0x00,0x00,0x00,0x00,0x00,0x00,0x00,
  0xAC,0xFF,0xFF,0xFF,0xFF,0xFF,0xFF,0xFF,0xFF,0xFF,0xFF,0xFF,0xFF,0xFF,0xFF,0xFF,
  0xFF,0xFF,0xFF,0xFF,0xFF,0xFF,0xFF,0xFF,0xFF,0xE7,0x4C,0x00,0x00,0x00,0x00,0x00,
  0x00,0x00,0x00,0x00,0x00,0x00,0x00,0x16,0x76,0xDA,0xFF,0xFF,0xFF,0xFF,0xFF,0xFF,
  0xFF,0xFF,0xFF,0xFF,0xFF,0xFF,0xFF,0xFF,0xFF,0xFF,0xFF,0xFF,0xFF,0xFF,0xFE,0xA0,
  0x11,0x00,0x00,0x00,0x00,0x00,0x00,0x00,0x00,0x00,0x00,0x00,0x00,0x00,0x00,0x00,
  0x00,0x3D,0x8C,0xD3,0xFF,0xFF,0xFF,0xFF,0xFF,0xFF,0xFF,0xFF,0xFF,0xFF,0xFF,0xFF,
  0xFF,0xFF,0xFF,0xE8,0x89,0x24,0x00,0x00,0x00,0x00,0x00,0x00,0x00,0x00,0x00,0x00,
  0x00,0x00,0x00,0x00,0x00,0x00,0x00,0x00,0x00,0x00,0x00,0x1A,0x54,0x7E,0xA7,0xCD,
  0xDF,0xEC,0xF9,0xF8,0xE8,0xD9,0xC8,0x9E,0x69,0x35,0x04,0x00,0x00,0x00,0x00,0x00,
  0x00,0x00,0x00,0x00,0x00,0x00,0x00,0x00,0x00,0x00,0x00,0x00,0x00,0x00,0x00,0x00,
  0x00,0x00,0x00,0x00,0x00,0x00,0x00,0x00,0x2D,0x6D,0xA5,0xC9,0xE7,0xF3,0xFC,0xF4,
  0xE9,0xDD,0xD1,0xC6,0xAE,0x89,0x65,0x40,0x1C,0x01,0x00,0x00,0x00,0x00,0x00,0x00,
  0x00,0x00,0x00,0x00,0x00,0x00,0x00,0x00,0x00,0x00,0x00,0x00,0x0D,0x76,0xD7,0xFF,
  0xFF,0xFF,0xFF,0xFF,0xFF,0xFF,0xFF,0xFF,0xFF,0xFF,0xFF,0xFF,0xFF,0xFF,0xFF,0xFF,
  0x48,0x00,0x00,0x00,0x00,0x00,0x00,0x00,0x00,0x00,0x00,0x00,0x00,0x00,0x00,0x00,
  0x00,0x02,0x6D,0xEE,0xFF,0xFF,0xFF,0xFF,0xFF,0xFF,0xFF,0xFF,0xFF,0xFF,0xFF,0xFF,
  0xFF,0xFF,0xFF,0xFF,0xFF,0xFF,0xFF,0x48,0x00,0x00,0x00,0x00,0x00,0x00,0x00,0x00,
  0x00,0x00,0x00,0x00,0x00,0x00,0x00,0x19,0xC4,0xFF,0xFF,0xFF,0xFF,0xFF,0xFF,0xFF,
  0xFF,0xFF,0xFF,0xFF,0xFF,0xFF,0xFF,0xFF,0xFF,0xFF,0xFF,0xFF,0xFF,0xFF,0x48,0x00,
  0x00,0x00,0x00,0x00,0x00,0x00,0x00,0x00,0x00,0x00,0x00,0x00,0x00,0x2D,0xE5,0xFF,
  0xFF,0xFF,0xFF,0xFF,0xFF,0xFF,0xFF,0xFF,0xFF,0xFF,0xFF,0xFF,0xFF,0xFF,0xFF,0xFF,
  0xFF,0xFF,0xFF,0xFF,0xFF,0x48,0x00,0x00,0x00,0x00,0x00,0x00,0x00,0x00,0x00,0x00,
  0x00,0x00,0x00,0x28,0xE9,0xFF,0xFF,0xFF,0xFF,0xFF,0xFF,0xFF,0xFF,0xFF,0xFF,0xFF,
  0xFF,0xFF,0xFF,0xFF,0xFF,0xFF,0xFF,0xFF,0xFF,0xFF,0xFF,0xFF,0x48,0x00,0x00,0x00,
  0x00,0x00,0x00,0x00,0x00,0x00,0x00,0x00,0x00,0x0F,0xDC,0xFF,0xFF,0xFF,0xFF,0xFF,
  0xFF,0xFF,0xFF,0xFF,0xFF,0xFF,0xFF,0xFF,0xFF,0xFF,0xFF,0xFF,0xFF,0xFF,0xFF,0xFF,
  0xFF,0xFF,0xFF,0x48,0x00,0x00,0x00,0x00,0x00,0x00,0x00,0x00,0x00,0x00,0x00,0x00,
  0xAC,0xFF,0xFF,0xFF,0xFF,0xFF,0xFF,0xFF,0xFF,0xFF,0xFF,0xFF,0xCC,0x7B,0x3A,0x1C,
  0x08,0x09,0x17,0x30,0x5B,0x89,0xCA,0xFC,0xFF,0xFF,0x48,0x00,0x00,0x00,0x00,0x00,
  0x00,0x00,0x00,0x00,0x00,0x00,0x4D,0xFF,0xFF,0xFF,0xFF,0xFF,0xFF,0xFF,0xFF,0xFF,
  0xFF,0xE0,0x4A,0x00,0x00,0x00,0x00,0x00,0x00,0x00,0x00,0x00,0x00,0x00,0x10,0x61,
  0xBA,0x44,0x00,0x00,0x00,0x00,0x00,0x00,0x00,0x00,0x00,0x00,0x03,0xDA,0xFF,0xFF,
  0xFF,0xFF,0xFF,0xFF,0xFF,0xFF,0xFF,0xC7,0x15,0x00,0x00,0x00,0x00,0x00,0x00,0x00,
  0x00,0x00,0x00,0x00,0x00,0x00,0x00,0x00,0x00,0x00,0x00,0x00,0x00,0x00,0x00,0x00,
  0x00,0x00,0x00,0x59,0xFF,0xFF,0xFF,0xFF,0xFF,0xFF,0xFF,0xFF,0xFF,0xE3,0x15,0x00,
  0x00,0x00,0x00,0x00,0x00,0x00,0x00,0x00,0x00,0x00,0x00,0x00,0x00,0x00,0x00,0x00,
  0x00,0x00,0x00,0x00,0x00,0x00,0x00,0x00,0x00,0x00,0xC3,0xFF,0xFF,0xFF,0xFF,0xFF,
  0xFF,0xFF,0xFF,0xFF,0x48,0x00,0x00,0x00,0x00,0x00,0x00,0x00,0x00,0x00,0x00,0x00,
  0x00,0x00,0x00,0x00,0x00,0x00,0x00,0x00,0x00,0x00,0x00,0x00,0x00,0x00,0x00,0x00,
  0x21,0xFE,0xFF,0xFF,0xFF,0xFF,0xFF,0xFF,0xFF,0xFF,0xC8,0x00,0x00,0x00,0x00,0x00,
  0x00,0x00,0x00,0x00,0x00,0x00,0x00,0x00,0x00,0x00,0x00,0x00,0x00,0x00,0x00,0x00,
  0x00,0x00,0x00,0x00,0x00,0x00,0x00,0x6E,0xFF,0xFF,0xFF,0xFF,0xFF,0xFF,0xFF,0xFF,
  0xFF,0x61,0x00,0x00,0x00,0x00,0x00,0x00,0x00,0x00,0x00,0x00,0x00,0x00,0x00,0x00,
  0x00,0x00,0x00,0x00,0x00,0x00,0x00,0x00,0x00,0x00,0x00,0x00,0x00,0x00,0xB2,0xFF,
  0xFF,0xFF,0xFF,0xFF,0xFF,0xFF,0xFF,0xFE,0x18,0x00,0x00,0x00,0x00,0x00,0x00,0x00,
  0x00,0x00,0x00,0x00,0x00,0x00,0x00,0x00,0x00,0x00,0x00,0x00,0x00,0x00,0x00,0x00,
  0x00,0x00,0x00,0x00,0x00,0xEA,0xFF,0xFF,0xFF,0xFF,0xFF,0xFF,0xFF,0xFF,0xD7,0x00,
  0x00,0x04,0x4C,0x8D,0xC8,0xE3,0xF5,0xF6,0xE2,0xCD,0xA2,0x60,0x1C,0x00,0x00,0x00,
  0x00,0x00,0x00,0x00,0x00,0x00,0x00,0x00,0x00,0x00,0x00,0x18,0xFF,0xFF,0xFF,0xFF,
  0xFF,0xFF,0xFF,0xFF,0xFF,0xB1,0x06,0x77,0xE3,0xFF,0xFF,0xFF,0xFF,0xFF,0xFF,0xFF,
  0xFF,0xFF,0xFF,0xFD,0xAA,0x2E,0x00,0x00,0x00,0x00,0x00,0x00,0x00,0x00,0x00,0x00,
  0x00,0x00,0x3F,0xFF,0xFF,0xFF,0xFF,0xFF,0xFF,0xFF,0xFF,0xFF,0xBE,0xD6,0xFF,0xFF,
  0xFF,0xFF,0xFF,0xFF,0xFF,0xFF,0xFF,0xFF,0xFF,0xFF,0xFF,0xFF,0xFE,0x8E,0x04,0x00,
  0x00,0x00,0x00,0x00,0x00,0x00,0x00,0x00,0x00,0x5A,0xFF,0xFF,0xFF,0xFF,0xFF,0xFF,
  0xFF,0xFF,0xFF,0xFF,0xFF,0xFF,0xFF,0xFF,0xFF,0xFF,0xFF,0xFF,0xFF,0xFF,0xFF,0xFF,
  0xFF,0xFF,0xFF,0xFF,0xFF,0xC0,0x12,0x00,0x00,0x00,0x00,0x00,0x00,0x00,0x00,0x00,
  0x71,0xFF,0xFF,0xFF,0xFF,0xFF,0xFF,0xFF,0xFF,0xFF,0xFF,0xFF,0xFF,0xFF,0xFF,0xFF,
  0xFF,0xFF,0xFF,0xFF,0xFF,0xFF,0xFF,0xFF,0xFF,0xFF,0xFF,0xFF,0xFF,0xC1,0x06,0x00,
  0x00,0x00,0x00,0x00,0x00,0x00,0x00,0x7C,0xFF,0xFF,0xFF,0xFF,0xFF,0xFF,0xFF,0xFF,
  0xFF,0xFF,0xFF,0xFF,0xFF,0xFF,0xFF,0xFF,0xFF,0xFF,0xFF,0xFF,0xFF,0xFF,0xFF,0xFF,
  0xFF,0xFF,0xFF,0xFF,0xFF,0x9B,0x00,0x00,0x00,0x00,0x00,0x00,0x00,0x00,0x84,0xFF,
  0xFF,0xFF,0xFF,0xFF,0xFF,0xFF,0xFF,0xFF,0xFF,0xFF,0xFF,0xFF,0xFF,0xFF,0xFF,0xFF,
  0xFF,0xFF,0xFF,0xFF,0xFF,0xFF,0xFF,0xFF,0xFF,0xFF,0xFF,0xFF,0xFF,0x36,0x00,0x00,
  0x00,0x00,0x00,0x00,0x00,0x85,0xFF,0xFF,0xFF,0xFF,0xFF,0xFF,0xFF,0xFF,0xFF,0xFF,
  0xFF,0xFF,0xFE,0xA3,0x3F,0x11,0x06,0x1F,0x65,0xDE,0xFF,0xFF,0xFF,0xFF,0xFF,0xFF,
  0xFF,0xFF,0xFF,0xFF,0xBD,0x00,0x00,0x00,0x00,0x00,0x00,0x00,0x7E,0xFF,0xFF,0xFF,
  0xFF,0xFF,0xFF,0xFF,0xFF,0xFF,0xFF,0xFF,0xFF,0x60,0x00,0x00,0x00,0x00,0x00,0x00,
  0x0E,0xC9,0xFF,0xFF,0xFF,0xFF,0xFF,0xFF,0xFF,0xFF,0xFF,0xFF,0x23,0x00,0x00,0x00,
  0x00,0x00,0x00,0x75,0xFF,0xFF,0xFF,0xFF,0xFF,0xFF,0xFF,0xFF,0xFF,0xFF,0xFF,0xA8,
  0x00,0x00,0x00,0x00,0x00,0x00,0x00,0x00,0x25,0xFA,0xFF,0xFF,0xFF,0xFF,0xFF,0xFF,
  0xFF,0xFF,0xFF,0x6B,0x00,0x00,0x00,0x00,0x00,0x00,0x60,0xFF,0xFF,0xFF,0xFF,0xFF,
  0xFF,0xFF,0xFF,0xFF,0xFF,0xFF,0x3B,0x00,0x00,0x00,0x00,0x00,0x00,0x00,0x00,0x00,
  0xB2,0xFF,0xFF,0xFF,0xFF,0xFF,0xFF,0xFF,0xFF,0xFF,0xAD,0x00,0x00,0x00,0x00,0x00,
  0x00,0x49,0xFF,0xFF,0xFF,0xFF,0xFF,0xFF,0xFF,0xFF,0xFF,0xFF,0xF6,0x03,0x00,0x00,
  0x00,0x00,0x00,0x00,0x00,0x00,0x00,0x6F,0xFF,0xFF,0xFF,0xFF,0xFF,0xFF,0xFF,0xFF,
  0xFF,0xCA,0x00,0x00,0x00,0x00,0x00,0x00,0x26,0xFF,0xFF,0xFF,0xFF,0xFF,0xFF,0xFF,
  0xFF,0xFF,0xFF,0xD1,0x00,0x00,0x00,0x00,0x00,0x00,0x00,0x00,0x00,0x00,0x47,0xFF,
  0xFF,0xFF,0xFF,0xFF,0xFF,0xFF,0xFF,0xFF,0xE0,0x00,0x00,0x00,0x00,0x00,0x00,0x03,
  0xF9,0xFF,0xFF,0xFF,0xFF,0xFF,0xFF,0xFF,0xFF,0xFF,0xC2,0x00,0x00,0x00,0x00,0x00,
  0x00,0x00,0x00,0x00,0x00,0x37,0xFF,0xFF,0xFF,0xFF,0xFF,0xFF,0xFF,0xFF,0xFF,0xF0,
  0x00,0x00,0x00,0x00,0x00,0x00,0x00,0xC9,0xFF,0xFF,0xFF,0xFF,0xFF,0xFF,0xFF,0xFF,
  0xFF,0xC2,0x00,0x00,0x00,0x00,0x00,0x00,0x00,0x00,0x00,0x00,0x38,0xFF,0xFF,0xFF,
  0xFF,0xFF,0xFF,0xFF,0xFF,0xFF,0xE7,0x00,0x00,0x00,0x00,0x00,0x00,0x00,0x8C,0xFF,
  0xFF,0xFF,0xFF,0xFF,0xFF,0xFF,0xFF,0xFF,0xD1,0x00,0x00,0x00,0x00,0x00,0x00,0x00,
  0x00,0x00,0x00,0x47,0xFF,0xFF,0xFF,0xFF,0xFF,0xFF,0xFF,0xFF,0xFF,0xD1,0x00,0x00,
  0x00,0x00,0x00,0x00,0x00,0x42,0xFF,0xFF,0xFF,0xFF,0xFF,0xFF,0xFF,0xFF,0xFF,0xF6,
  0x03,0x00,0x00,0x00,0x00,0x00,0x00,0x00,0x00,0x00,0x6F,0xFF,0xFF,0xFF,0xFF,0xFF,
  0xFF,0xFF,0xFF,0xFF,0xAD,0x00,0x00,0x00,0x00,0x00,0x00,0x00,0x03,0xEA,0xFF,0xFF,
  0xFF,0xFF,0xFF,0xFF,0xFF,0xFF,0xFF,0x3B,0x00,0x00,0x00,0x00,0x00,0x00,0x00,0x00,
  0x00,0xB2,0xFF,0xFF,0xFF,0xFF,0xFF,0xFF,0xFF,0xFF,0xFF,0x75,0x00,0x00,0x00,0x00,
  0x00,0x00,0x00,0x00,0x88,0xFF,0xFF,0xFF,0xFF,0xFF,0xFF,0xFF,0xFF,0xFF,0xA8,0x00,
  0x00,0x00,0x00,0x00,0x00,0x00,0x00,0x25,0xFA,0xFF,0xFF,0xFF,0xFF,0xFF,0xFF,0xFF,
  0xFF,0xFF,0x2C,0x00,0x00,0x00,0x00,0x00,0x00,0x00,0x00,0x1C,0xF8,0xFF,0xFF,0xFF,
  0xFF,0xFF,0xFF,0xFF,0xFF,0xFF,0x60,0x00,0x00,0x00,0x00,0x00,0x00,0x0E,0xC9,0xFF,
  0xFF,0xFF,0xFF,0xFF,0xFF,0xFF,0xFF,0xFF,0xCD,0x00,0x00,0x00,0x00,0x00,0x00,0x00,
  0x00,0x00,0x00,0x8A,0xFF,0xFF,0xFF,0xFF,0xFF,0xFF,0xFF,0xFF,0xFF,0xFE,0xA2,0x3E,
  0x10,0x06,0x1F,0x64,0xDE,0xFF,0xFF,0xFF,0xFF,0xFF,0xFF,0xFF,0xFF,0xFF,0xFF,0x55,
  0x00,0x00,0x00,0x00,0x00,0x00,0x00,0x00,0x00,0x00,0x0D,0xDD,0xFF,0xFF,0xFF,0xFF,
  0xFF,0xFF,0xFF,0xFF,0xFF,0xFF,0xFF,0xFF,0xFF,0xFF,0xFF,0xFF,0xFF,0xFF,0xFF,0xFF,
  0xFF,0xFF,0xFF,0xFF,0xFF,0xBF,0x00,0x00,0x00,0x00,0x00,0x00,0x00,0x00,0x00,0x00,
  0x00,0x00,0x37,0xF8,0xFF,0xFF,0xFF,0xFF,0xFF,0xFF,0xFF,0xFF,0xFF,0xFF,0xFF,0xFF,
  0xFF,0xFF,0xFF,0xFF,0xFF,0xFF,0xFF,0xFF,0xFF,0xFF,0xFF,0xEB,0x1D,0x00,0x00,0x00,
  0x00,0x00,0x00,0x00,0x00,0x00,0x00,0x00,0x00,0x00,0x54,0xFC,0xFF,0xFF,0xFF,0xFF,
  0xFF,0xFF,0xFF,0xFF,0xFF,0xFF,0xFF,0xFF,0xFF,0xFF,0xFF,0xFF,0xFF,0xFF,0xFF,0xFF,
  0xFF,0xF1,0x35,0x00,0x00,0x00,0x00,0x00,0x00,0x00,0x00,0x00,0x00,0x00,0x00,0x00,
  0x00,0x00,0x4E,0xF5,0xFF,0xFF,0xFF,0xFF,0xFF,0xFF,0xFF,0xFF,0xFF,0xFF,0xFF,0xFF,
  0xFF,0xFF,0xFF,0xFF,0xFF,0xFF,0xFF,0xD6,0x2C,0x00,0x00,0x00,0x00,0x00,0x00,0x00,
  0x00,0x00,0x00,0x00,0x00,0x00,0x00,0x00,0x00,0x00,0x27,0xC8,0xFF,0xFF,0xFF,0xFF,
  0xFF,0xFF,0xFF,0xFF,0xFF,0xFF,0xFF,0xFF,0xFF,0xFF,0xFF,0xFF,0xFE,0x9E,0x0B,0x00,
  0x00,0x00,0x00,0x00,0x00,0x00,0x00,0x00,0x00,0x00,0x00,0x00,0x00,0x00,0x00,0x00,
  0x00,0x00,0x01,0x56,0xCA,0xFF,0xFF,0xFF,0xFF,0xFF,0xFF,0xFF,0xFF,0xFF,0xFF,0xFF,
  0xFF,0xF8,0x9C,0x27,0x00,0x00,0x00,0x00,0x00,0x00,0x00,0x00,0x00,0x00,0x00,0x00,
  0x00,0x00,0x00,0x00,0x00,0x00,0x00,0x00,0x00,0x00,0x00,0x00,0x29,0x70,0xAA,0xD1,
  0xED,0xF9,0xF9,0xE8,0xD5,0xBE,0x87,0x49,0x0D,0x00,0x00,0x00,0x00,0x00,0x00,0x00,
  0x00,0x00,0x00,0x00,0x00,0x00,0x00,0x00,0x40,0xFF,0xFF,0xFF,0xFF,0xFF,0xFF,0xFF,
  0xFF,0xFF,0xFF,0xFF,0xFF,0xFF,0xFF,0xFF,0xFF,0xFF,0xFF,0xFF,0xFF,0xFF,0xFF,0xFF,
  0xFF,0xFF,0xFF,0xFF,0xFF,0xFF,0xFF,0x84,0x00,0x00,0x00,0x00,0x00,0x00,0x00,0x40,
  0xFF,0xFF,0xFF,0xFF,0xFF,0xFF,0xFF,0xFF,0xFF,0xFF,0xFF,0xFF,0xFF,0xFF,0xFF,0xFF,
  0xFF,0xFF,0xFF,0xFF,0xFF,0xFF,0xFF,0xFF,0xFF,0xFF,0xFF,0xFF,0xFF,0xFF,0x84,0x00,
  0x00,0x00,0x00,0x00,0x00,0x00,0x40,0xFF,0xFF,0xFF,0xFF,0xFF,0xFF,0xFF,0xFF,0xFF,
  0xFF,0xFF,0xFF,0xFF,0xFF,0xFF,0xFF,0xFF,0xFF,0xFF,0xFF,0xFF,0xFF,0xFF,0xFF,0xFF,
  0xFF,0xFF,0xFF,0xFF,0xFF,0x84,0x00,0x00,0x00,0x00,0x00,0x00,0x00,0x40,0xFF,0xFF,
  0xFF,0xFF,0xFF,0xFF,0xFF,0xFF,0xFF,0xFF,0xFF,0xFF,0xFF,0xFF,0xFF,0xFF,0xFF,0xFF,
  0xFF,0xFF,0xFF,0xFF,0xFF,0xFF,0xFF,0xFF,0xFF,0xFF,0xFF,0xFF,0x84,0x00,0x00,0x00,
  0x00,0x00,0x00,0x00,0x40,0xFF,0xFF,0xFF,0xFF,0xFF,0xFF,0xFF,0xFF,0xFF,0xFF,0xFF,
  0xFF,0xFF,0xFF,0xFF,0xFF,0xFF,0xFF,0xFF,0xFF,0xFF,0xFF,0xFF,0xFF,0xFF,0xFF,0xFF,
  0xFF,0xFF,0xFF,0x84,0x00,0x00,0x00,0x00,0x00,0x00,0x00,0x40,0xFF,0xFF,0xFF,0xFF,
  0xFF,0xFF,0xFF,0xFF,0xFF,0xFF,0xFF,0xFF,0xFF,0xFF,0xFF,0xFF,0xFF,0xFF,0xFF,0xFF,
  0xFF,0xFF,0xFF,0xFF,0xFF,0xFF,0xFF,0xFF,0xFF,0xFF,0x83,0x00,0x00,0x00,0x00,0x00,
  0x00,0x00,0x40,0xFF,0xFF,0xFF,0xFF,0xFF,0xFF,0xFF,0xFF,0xFF,0xFF,0xFF,0xFF,0xFF,
  0xFF,0xFF,0xFF,0xFF,0xFF,0xFF,0xFF,0xFF,0xFF,0xFF,0xFF,0xFF,0xFF,0xFF,0xFF,0xFF,
  0xFF,0x44,0x00,0x00,0x00,0x00,0x00,0x00,0x00,0x40,0xFF,0xFF,0xFF,0xFF,0xFF,0xFF,
  0xFF,0xFF,0xFF,0xFF,0xFF,0xFF,0xFF,0xFF,0xFF,0xFF,0xFF,0xFF,0xFF,0xFF,0xFF,0xFF,
  0xFF,0xFF,0xFF,0xFF,0xFF,0xFF,0xFF,0xCF,0x00,0x00,0x00,0x00,0x00,0x00,0x00,0x00,
  0x00,0x00,0x00,0x00,0x00,0x00,0x00,0x00,0x00,0x00,0x00,0x00,0x00,0x00,0x00,0x00,
  0x00,0x00,0x00,0x00,0xD2,0xFF,0xFF,0xFF,0xFF,0xFF,0xFF,0xFF,0xFF,0xFF,0x5B,0x00,
  0x00,0x00,0x00,0x00,0x00,0x00,0x00,0x00,0x00,0x00,0x00,0x00,0x00,0x00,0x00,0x00,
  0x00,0x00,0x00,0x00,0x00,0x00,0x00,0x00,0x00,0x00,0x47,0xFF,0xFF,0xFF,0xFF,0xFF,
  0xFF,0xFF,0xFF,0xFF,0xE2,0x04,0x00,0x00,0x00,0x00,0x00,0x00,0x00,0x00,0x00,0x00,
  0x00,0x00,0x00,0x00,0x00,0x00,0x00,0x00,0x00,0x00,0x00,0x00,0x00,0x00,0x00,0x00,
  0x00,0xBC,0xFF,0xFF,0xFF,0xFF,0xFF,0xFF,0xFF,0xFF,0xFF,0x73,0x00,0x00,0x00,0x00,
  0x00,0x00,0x00,0x00,0x00,0x00,0x00,0x00,0x00,0x00,0x00,0x00,0x00,0x00,0x00,0x00,
  0x00,0x00,0x00,0x00,0x00,0x00,0x00,0x31,0xFF,0xFF,0xFF,0xFF,0xFF,0xFF,0xFF,0xFF,
  0xFF,0xF0,0x0E,0x00,0x00,0x00,0x00,0x00,0x00,0x00,0x00,0x00,0x00,0x00,0x00,0x00,
  0x00,0x00,0x00,0x00,0x00,0x00,0x00,0x00,0x00,0x00,0x00,0x00,0x00,0x00,0xA6,0xFF,
  0xFF,0xFF,0xFF,0xFF,0xFF,0xFF,0xFF,0xFF,0x8A,0x00,0x00,0x00,0x00,0x00,0x00,0x00,
  0x00,0x00,0x00,0x00,0x00,0x00,0x00,0x00,0x00,0x00,0x00,0x00,0x00,0x00,0x00,0x00,
  0x00,0x00,0x00,0x00,0x1F,0xFB,0xFF,0xFF,0xFF,0xFF,0xFF,0xFF,0xFF,0xFF,0xFA,0x1B,
  0x00,0x00,0x00,0x00,0x00,0x00,0x00,0x00,0x00,0x00,0x00,0x00,0x00,0x00,0x00,0x00,
  0x00,0x00,0x00,0x00,0x00,0x00,0x00,0x00,0x00,0x00,0x00,0x90,0xFF,0xFF,0xFF,0xFF,
  0xFF,0xFF,0xFF,0xFF,0xFF,0xA1,0x00,0x00,0x00,0x00,0x00,0x00,0x00,0x00,0x00,0x00,
  0x00,0x00,0x00,0x00,0x00,0x00,0x00,0x00,0x00,0x00,0x00,0x00,0x00,0x00,0x00,0x00,
  0x00,0x10,0xF3,0xFF,0xFF,0xFF,0xFF,0xFF,0xFF,0xFF,0xFF,0xFF,0x2E,0x00,0x00,0x00,
  0x00,0x00,0x00,0x00,0x00,0x00,0x00,0x00,0x00,0x00,0x00,0x00,0x00,0x00,0x00,0x00,
  0x00,0x00,0x00,0x00,0x00,0x00,0x00,0x00,0x79,0xFF,0xFF,0xFF,0xFF,0xFF,0xFF,0xFF,
  0xFF,0xFF,0xB9,0x00,0x00,0x00,0x00,0x00,0x00,0x00,0x00,0x00,0x00,0x00,0x00,0x00,
  0x00,0x00,0x00,0x00,0x00,0x00,0x00,0x00,0x00,0x00,0x00,0x00,0x00,0x00,0x07,0xE7,
  0xFF,0xFF,0xFF,0xFF,0xFF,0xFF,0xFF,0xFF,0xFF,0x44,0x00,0x00,0x00,0x00,0x00,0x00,
  0x00,0x00,0x00,0x00,0x00,0x00,0x00,0x00,0x00,0x00,0x00,0x00,0x00,0x00,0x00,0x00,
  0x00,0x00,0x00,0x00,0x00,0x63,0xFF,0xFF,0xFF,0xFF,0xFF,0xFF,0xFF,0xFF,0xFF,0xD0,
  0x00,0x00,0x00,0x00,0x00,0x00,0x00,0x00,0x00,0x00,0x00,0x00,0x00,0x00,0x00,0x00,
  0x00,0x00,0x00,0x00,0x00,0x00,0x00,0x00,0x00,0x00,0x00,0x01,0xD6,0xFF,0xFF,0xFF,
  0xFF,0xFF,0xFF,0xFF,0xFF,0xFF,0x5C,0x00,0x00,0x00,0x00,0x00,0x00,0x00,0x00,0x00,
  0x00,0x00,0x00,0x00,0x00,0x00,0x00,0x00,0x00,0x00,0x00,0x00,0x00,0x00,0x00,0x00,
  0x00,0x00,0x4D,0xFF,0xFF,0xFF,0xFF,0xFF,0xFF,0xFF,0xFF,0xFF,0xE3,0x05,0x00,0x00,
  0x00,0x00,0x00,0x00,0x00,0x00,0x00,0x00,0x00,0x00,0x00,0x00,0x00,0x00,0x00,0x00,
  0x00,0x00,0x00,0x00,0x00,0x00,0x00,0x00,0x00,0xC2,0xFF,0xFF,0xFF,0xFF,0xFF,0xFF,
  0xFF,0xFF,0xFF,0x73,0x00,0x00,0x00,0x00,0x00,0x00,0x00,0x00,0x00,0x00,0x00,0x00,
  0x00,0x00,0x00,0x00,0x00,0x00,0x00,0x00,0x00,0x00,0x00,0x00,0x00,0x00,0x00,0x36,
  0xFF,0xFF,0xFF,0xFF,0xFF,0xFF,0xFF,0xFF,0xFF,0xF1,0x0E,0x00,0x00,0x00,0x00,0x00,
  0x00,0x00,0x00,0x00,0x00,0x00,0x00,0x00,0x00,0x00,0x00,0x00,0x00,0x00,0x00,0x00,
  0x00,0x00,0x00,0x00,0x00,0x00,0xAB,0xFF,0xFF,0xFF,0xFF,0xFF,0xFF,0xFF,0xFF,0xFF,
  0x8B,0x00,0x00,0x00,0x00,0x00,0x00,0x00,0x00,0x00,0x00,0x00,0x00,0x00,0x00,0x00,
  0x00,0x00,0x00,0x00,0x00,0x00,0x00,0x00,0x00,0x00,0x00,0x00,0x23,0xFD,0xFF,0xFF,
  0xFF,0xFF,0xFF,0xFF,0xFF,0xFF,0xFA,0x1C,0x00,0x00,0x00,0x00,0x00,0x00,0x00,0x00,
  0x00,0x00,0x00,0x00,0x00,0x00,0x00,0x00,0x00,0x00,0x00,0x00,0x00,0x00,0x00,0x00,
  0x00,0x00,0x00,0x95,0xFF,0xFF,0xFF,0xFF,0xFF,0xFF,0xFF,0xFF,0xFF,0xA2,0x00,0x00,
  0x00,0x00,0x00,0x00,0x00,0x00,0x00,0x00,0x00,0x00,0x00,0x00,0x00,0x00,0x00,0x00,
  0x00,0x00,0x00,0x00,0x00,0x00,0x00,0x00,0x00,0x14,0xF5,0xFF,0xFF,0xFF,0xFF,0xFF,
  0xFF,0xFF,0xFF,0xFF,0x2E,0x00,0x00,0x00,0x00,0x00,0x00,0x00,0x00,0x00,0x00,0x00,
  0x00,0x00,0x00,0x00,0x00,0x00,0x00,0x00,0x00,0x00,0x00,0x00,0x00,0x00,0x00,0x00,
  0x7F,0xFF,0xFF,0xFF,0xFF,0xFF,0xFF,0xFF,0xFF,0xFF,0xB9,0x00,0x00,0x00,0x00,0x00,
  0x00,0x00,0x00,0x00,0x00,0x00,0x00,0x00,0x00,0x00,0x00,0x00,0x00,0x00,0x00,0x00,
  0x00,0x00,0x00,0x00,0x00,0x00,0x08,0xEA,0xFF,0xFF,0xFF,0xFF,0xFF,0xFF,0xFF,0xFF,
  0xFF,0x45,0x00,0x00,0x00,0x00,0x00,0x00,0x00,0x00,0x00,0x00,0x00,0x00,0x00,0x00,
  0x00,0x00,0x00,0x00,0x00,0x00,0x00,0x00,0x00,0x00,0x00,0x00,0x00,0x68,0xFF,0xFF,
  0xFF,0xFF,0xFF,0xFF,0xFF,0xFF,0xFF,0xD0,0x00,0x00,0x00,0x00,0x00,0x00,0x00,0x00,
  0x00,0x00,0x00,0x00,0x00,0x00,0x00,0x00,0x00,0x00,0x00,0x00,0x00,0x00,0x00,0x00,
  0x00,0x00,0x00,0x02,0xDA,0xFF,0xFF,0xFF,0xFF,0xFF,0xFF,0xFF,0xFF,0xFF,0x5D,0x00,
  0x00,0x00,0x00,0x00,0x00,0x00,0x00,0x00,0x00,0x00,0x00,0x00,0x00,0x00,0x00,0x00,
  0x00,0x00,0x00,0x00,0x00,0x00,0x00,0x00,0x00,0x00,0x52,0xFF,0xFF,0xFF,0xFF,0xFF,
  0xFF,0xFF,0xFF,0xFF,0xE3,0x05,0x00,0x00,0x00,0x00,0x00,0x00,0x00,0x00,0x00,0x00,
  0x00,0x00,0x00,0x00,0x00,0x00,0x00,0x00,0x00,0x00,0x00,0x00,0x00,0x00,0x00,0x00,
  0x00,0xC6,0xFF,0xFF,0xFF,0xFF,0xFF,0xFF,0xFF,0xFF,0xFF,0x74,0x00,0x00,0x00,0x00,
  0x00,0x00,0x00,0x00,0x00,0x00,0x00,0x00,0x00,0x00,0x00,0x00,0x00,0x00,0x00,0x00,
  0x00,0x00,0x00,0x00,0x00,0x00,0x00,0x3C,0xFF,0xFF,0xFF,0xFF,0xFF,0xFF,0xFF,0xFF,
  0xFF,0xF1,0x0E,0x00,0x00,0x00,0x00,0x00,0x00,0x00,0x00,0x00,0x00,0x00,0x00,0x00,
  0x00,0x00,0x00,0x00,0x00,0x00,0x00,0x00,0x00,0x00,0x00,0x00,0x00,0x00,0xB1,0xFF,
  0xFF,0xFF,0xFF,0xFF,0xFF,0xFF,0xFF,0xFF,0x8B,0x00,0x00,0x00,0x00,0x00,0x00,0x00,
  0x00,0x00,0x00,0x00,0x00,0x00,0x00,0x00,0x00,0x00,0x00,0x00,0x00,0x00,0x00,0x00,
  0x00,0x00,0x00,0x00,0x27,0xFE,0xFF,0xFF,0xFF,0xFF,0xFF,0xFF,0xFF,0xFF,0xFA,0x1C,
  0x00,0x00,0x00,0x00,0x00,0x00,0x00,0x00,0x00,0x00,0x00,0x00,0x00,0x00,0x00,0x00,
  0x00,0x00,0x00,0x00,0x00,0x00,0x00,0x00,0x00,0x00,0x00,0x9A,0xFF,0xFF,0xFF,0xFF,
  0xFF,0xFF,0xFF,0xFF,0xFF,0xA3,0x00,0x00,0x00,0x00,0x00,0x00,0x00,0x00,0x00,0x00,
  0x00,0x00,0x00,0x00,0x00,0x00,0x00,0x00,0x00,0x00,0x00,0x00,0x00,0x00,0x00,0x00,
  0x00,0x17,0xF7,0xFF,0xFF,0xFF,0xFF,0xFF,0xFF,0xFF,0xFF,0xFF,0x2F,0x00,0x00,0x00,
  0x00,0x00,0x00,0x00,0x00,0x00,0x00,0x00,0x00,0x00,0x00,0x00,0x00,0x00,0x00,0x00,
  0x00,0x00,0x00,0x00,0x00,0x00,0x00,0x00,0x84,0xFF,0xFF,0xFF,0xFF,0xFF,0xFF,0xFF,
  0xFF,0xFF,0xBA,0x00,0x00,0x00,0x00,0x00,0x00,0x00,0x00,0x00,0x00,0x00,0x00,0x00,
  0x00,0x00,0x00,0x00,0x00,0x00,0x00,0x00,0x00,0x00,0x00,0x00,0x00,0x00,0x0B,0xED,
  0xFF,0xFF,0xFF,0xFF,0xFF,0xFF,0xFF,0xFF,0xFF,0x46,0x00,0x00,0x00,0x00,0x00,0x00,
  0x00,0x00,0x00,0x00,0x00,0x00,0x00,0x00,0x00,0x00,0x00,0x00,0x00,0x00,0x00,0x00,
  0x00,0x00,0x00,0x00,0x00,0x6E,0xFF,0xFF,0xFF,0xFF,0xFF,0xFF,0xFF,0xFF,0xFF,0xD1,
  0x00,0x00,0x00,0x00,0x00,0x00,0x00,0x00,0x00,0x00,0x00,0x00,0x00,0x00,0x00,0x00,
  0x00,0x00,0x00,0x00,0x00,0x00,0x00,0x00,0x00,0x00,0x00,0x00,0x00,0x00,0x00,0x00,
  0x32,0x6D,0x96,0xC0,0xDB,0xE7,0xF3,0xFC,0xF3,0xE7,0xDB,0xC0,0x96,0x6D,0x31,0x00,
  0x00,0x00,0x00,0x00,0x00,0x00,0x00,0x00,0x00,0x00,0x00,0x00,0x00,0x00,0x00,0x00,
  0x00,0x00,0x00,0x00,0x19,0x8C,0xE0,0xFF,0xFF,0xFF,0xFF,0xFF,0xFF,0xFF,0xFF,0xFF,
  0xFF,0xFF,0xFF,0xFF,0xFF,0xFF,0xDF,0x8B,0x18,0x00,0x00,0x00,0x00,0x00,0x00,0x00,
  0x00,0x00,0x00,0x00,0x00,0x00,0x00,0x00,0x00,0x05,0x85,0xF5,0xFF,0xFF,0xFF,0xFF,
  0xFF,0xFF,0xFF,0xFF,0xFF,0xFF,0xFF,0xFF,0xFF,0xFF,0xFF,0xFF,0xFF,0xFF,0xFF,0xF4,
  0x81,0x04,0x00,0x00,0x00,0x00,0x00,0x00,0x00,0x00,0x00,0x00,0x00,0x00,0x00,0x0F,
  0xBD,0xFF,0xFF,0xFF,0xFF,0xFF,0xFF,0xFF,0xFF,0xFF,0xFF,0xFF,0xFF,0xFF,0xFF,0xFF,
  0xFF,0xFF,0xFF,0xFF,0xFF,0xFF,0xFF,0xFF,0xB7,0x0D,0x00,0x00,0x00,0x00,0x00,0x00,
  0x00,0x00,0x00,0x00,0x00,0x02,0xC1,0xFF,0xFF,0xFF,0xFF,0xFF,0xFF,0xFF,0xFF,0xFF,
  0xFF,0xFF,0xFF,0xFF,0xFF,0xFF,0xFF,0xFF,0xFF,0xFF,0xFF,0xFF,0xFF,0xFF,0xFF,0xFF,
  0xB9,0x00,0x00,0x00,0x00,0x00,0x00,0x00,0x00,0x00,0x00,0x00,0x72,0xFF,0xFF,0xFF,
  0xFF,0xFF,0xFF,0xFF,0xFF,0xFF,0xFF,0xFF,0xFF,0xFF,0xFF,0xFF,0xFF,0xFF,0xFF,0xFF,
  0xFF,0xFF,0xFF,0xFF,0xFF,0xFF,0xFF,0xFF,0x68,0x00,0x00,0x00,0x00,0x00,0x00,0x00,
  0x00,0x00,0x03,0xE9,0xFF,0xFF,0xFF,0xFF,0xFF,0xFF,0xFF,0xFF,0xFF,0xFF,0xFF,0xFF,
  0xFF,0xFF,0xFF,0xFF,0xFF,0xFF,0xFF,0xFF,0xFF,0xFF,0xFF,0xFF,0xFF,0xFF,0xFF,0xE0,
  0x01,0x00,0x00,0x00,0x00,0x00,0x00,0x00,0x00,0x46,0xFF,0xFF,0xFF,0xFF,0xFF,0xFF,
  0xFF,0xFF,0xFF,0xFF,0xFE,0xA1,0x40,0x12,0x04,0x12,0x43,0xA7,0xFF,0xFF,0xFF,0xFF,
  0xFF,0xFF,0xFF,0xFF,0xFF,0xFF,0xFF,0x3A,0x00,0x00,0x00,0x00,0x00,0x00,0x00,0x00,
  0x7E,0xFF,0xFF,0xFF,0xFF,0xFF,0xFF,0xFF,0xFF,0xFF,0xFF,0x58,0x00,0x00,0x00,0x00,
  0x00,0x00,0x00,0x67,0xFF,0xFF,0xFF,0xFF,0xFF,0xFF,0xFF,0xFF,0xFF,0xFF,0x70,0x00,
  0x00,0x00,0x00,0x00,0x00,0x00,0x00,0x97,0xFF,0xFF,0xFF,0xFF,0xFF,0xFF,0xFF,0xFF,
  0xFF,0xAF,0x00,0x00,0x00,0x00,0x00,0x00,0x00,0x00,0x00,0xC2,0xFF,0xFF,0xFF,0xFF,
  0xFF,0xFF,0xFF,0xFF,0xFF,0x8A,0x00,0x00,0x00,0x00,0x00,0x00,0x00,0x00,0xA6,0xFF,
  0xFF,0xFF,0xFF,0xFF,0xFF,0xFF,0xFF,0xFF,0x62,0x00,0x00,0x00,0x00,0x00,0x00,0x00,
  0x00,0x00,0x76,0xFF,0xFF,0xFF,0xFF,0xFF,0xFF,0xFF,0xFF,0xFF,0x99,0x00,0x00,0x00,
  0x00,0x00,0x00,0x00,0x00,0x96,0xFF,0xFF,0xFF,0xFF,0xFF,0xFF,0xFF,0xFF,0xFF,0x4D,
  0x00,0x00,0x00,0x00,0x00,0x00,0x00,0x00,0x00,0x61,0xFF,0xFF,0xFF,0xFF,0xFF,0xFF,
  0xFF,0xFF,0xFF,0x88,0x00,0x00,0x00,0x00,0x00,0x00,0x00,0x00,0x6C,0xFF,0xFF,0xFF,
  0xFF,0xFF,0xFF,0xFF,0xFF,0xFF,0x62,0x00,0x00,0x00,0x00,0x00,0x00,0x00,0x00,0x00,
  0x78,0xFF,0xFF,0xFF,0xFF,0xFF,0xFF,0xFF,0xFF,0xFF,0x5D,0x00,0x00,0x00,0x00,0x00,
  0x00,0x00,0x00,0x26,0xFF,0xFF,0xFF,0xFF,0xFF,0xFF,0xFF,0xFF,0xFF,0xB0,0x00,0x00,
  0x00,0x00,0x00,0x00,0x00,0x00,0x00,0xC4,0xFF,0xFF,0xFF,0xFF,0xFF,0xFF,0xFF,0xFF,
  0xFC,0x1B,0x00,0x00,0x00,0x00,0x00,0x00,0x00,0x00,0x00,0xB8,0xFF,0xFF,0xFF,0xFF,
  0xFF,0xFF,0xFF,0xFF,0xFF,0x57,0x00,0x00,0x00,0x00,0x00,0x00,0x00,0x6B,0xFF,0xFF,
  0xFF,0xFF,0xFF,0xFF,0xFF,0xFF,0xFF,0xA7,0x00,0x00,0x00,0x00,0x00,0x00,0x00,0x00,
  0x00,0x00,0x25,0xF5,0xFF,0xFF,0xFF,0xFF,0xFF,0xFF,0xFF,0xFF,0xFE,0x9F,0x40,0x10,
  0x03,0x11,0x42,0xA8,0xFF,0xFF,0xFF,0xFF,0xFF,0xFF,0xFF,0xFF,0xFF,0xED,0x1A,0x00,
  0x00,0x00,0x00,0x00,0x00,0x00,0x00,0x00,0x00,0x00,0x48,0xF8,0xFF,0xFF,0xFF,0xFF,
  0xFF,0xFF,0xFF,0xFF,0xFF,0xFF,0xFF,0xFF,0xFF,0xFF,0xFF,0xFF,0xFF,0xFF,0xFF,0xFF,
  0xFF,0xFF,0xFF,0xF2,0x39,0x00,0x00,0x00,0x00,0x00,0x00,0x00,0x00,0x00,0x00,0x00,
  0x00,0x00,0x34,0xD8,0xFF,0xFF,0xFF,0xFF,0xFF,0xFF,0xFF,0xFF,0xFF,0xFF,0xFF,0xFF,
  0xFF,0xFF,0xFF,0xFF,0xFF,0xFF,0xFF,0xFF,0xFF,0xCD,0x29,0x00,0x00,0x00,0x00,0x00,
  0x00,0x00,0x00,0x00,0x00,0x00,0x00,0x00,0x00,0x00,0x06,0x69,0xD9,0xFF,0xFF,0xFF,
  0xFF,0xFF,0xFF,0xFF,0xFF,0xFF,0xFF,0xFF,0xFF,0xFF,0xFF,0xFF,0xFF,0xFF,0xD0,0x5D,
  0x02,0x00,0x00,0x00,0x00,0x00,0x00,0x00,0x00,0x00,0x00,0x00,0x00,0x00,0x00,0x00,
  0x00,0x00,0x00,0x37,0xC3,0xFF,0xFF,0xFF,0xFF,0xFF,0xFF,0xFF,0xFF,0xFF,0xFF,0xFF,
  0xFF,0xFF,0xFF,0xFF,0xB4,0x2E,0x00,0x00,0x00,0x00,0x00,0x00,0x00,0x00,0x00,0x00,
  0x00,0x00,0x00,0x00,0x00,0x00,0x00,0x00,0x46,0xCB,0xFF,0xFF,0xFF,0xFF,0xFF,0xFF,
  0xFF,0xFF,0xFF,0xFF,0xFF,0xFF,0xFF,0xFF,0xFF,0xFF,0xFF,0xFF,0xFF,0xBF,0x3A,0x00,
  0x00,0x00,0x00,0x00,0x00,0x00,0x00,0x00,0x00,0x00,0x00,0x00,0x00,0x09,0x9B,0xFF,
  0xFF,0xFF,0xFF,0xFF,0xFF,0xFF,0xFF,0xFF,0xFF,0xFF,0xFF,0xFF,0xFF,0xFF,0xFF,0xFF,
  0xFF,0xFF,0xFF,0xFF,0xFF,0xFE,0x89,0x04,0x00,0x00,0x00,0x00,0x00,0x00,0x00,0x00,
  0x00,0x00,0x00,0x08,0xBE,0xFF,0xFF,0xFF,0xFF,0xFF,0xFF,0xFF,0xFF,0xFF,0xFF,0xFF,
  0xFF,0xFF,0xFF,0xFF,0xFF,0xFF,0xFF,0xFF,0xFF,0xFF,0xFF,0xFF,0xFF,0xFF,0xAA,0x03,
  0x00,0x00,0x00,0x00,0x00,0x00,0x00,0x00,0x00,0x00,0xA1,0xFF,0xFF,0xFF,0xFF,0xFF,
  0xFF,0xFF,0xFF,0xFF,0xFB,0x9E,0x44,0x13,0x05,0x14,0x45,0xA1,0xFC,0xFF,0xFF,0xFF,
  0xFF,0xFF,0xFF,0xFF,0xFF,0xFF,0x89,0x00,0x00,0x00,0x00,0x00,0x00,0x00,0x00,0x00,
  0x44,0xFF,0xFF,0xFF,0xFF,0xFF,0xFF,0xFF,0xFF,0xFF,0xF2,0x3F,0x00,0x00,0x00,0x00,
  0x00,0x00,0x00,0x47,0xF7,0xFF,0xFF,0xFF,0xFF,0xFF,0xFF,0xFF,0xFF,0xFC,0x30,0x00,
  0x00,0x00,0x00,0x00,0x00,0x00,0x00,0xBA,0xFF,0xFF,0xFF,0xFF,0xFF,0xFF,0xFF,0xFF,
  0xFF,0x5F,0x00,0x00,0x00,0x00,0x00,0x00,0x00,0x00,0x00,0x6E,0xFF,0xFF,0xFF,0xFF,
  0xFF,0xFF,0xFF,0xFF,0xFF,0xA3,0x00,0x00,0x00,0x00,0x00,0x00,0x00,0x17,0xFE,0xFF,
  0xFF,0xFF,0xFF,0xFF,0xFF,0xFF,0xFF,0xDF,0x02,0x00,0x00,0x00,0x00,0x00,0x00,0x00,
  0x00,0x00,0x07,0xEB,0xFF,0xFF,0xFF,0xFF,0xFF,0xFF,0xFF,0xFF,0xF7,0x08,0x00,0x00,
  0x00,0x00,0x00,0x00,0x51,0xFF,0xFF,0xFF,0xFF,0xFF,0xFF,0xFF,0xFF,0xFF,0x98,0x00,
  0x00,0x00,0x00,0x00,0x00,0x00,0x00,0x00,0x00,0x00,0xAB,0xFF,0xFF,0xFF,0xFF,0xFF,
  0xFF,0xFF,0xFF,0xFF,0x3B,0x00,0x00,0x00,0x00,0x00,0x00,0x79,0xFF,0xFF,0xFF,0xFF,
  0xFF,0xFF,0xFF,0xFF,0xFF,0x70,0x00,0x00,0x00,0x00,0x00,0x00,0x00,0x00,0x00,0x00,
  0x00,0x85,0xFF,0xFF,0xFF,0xFF,0xFF,0xFF,0xFF,0xFF,0xFF,0x64,0x00,0x00,0x00,0x00,
  0x00,0x00,0x8A,0xFF,0xFF,0xFF,0xFF,0xFF,0xFF,0xFF,0xFF,0xFF,0x64,0x00,0x00,0x00,
  0x00,0x00,0x00,0x00,0x00,0x00,0x00,0x00,0x78,0xFF,0xFF,0xFF,0xFF,0xFF,0xFF,0xFF,
  0xFF,0xFF,0x75,0x00,0x00,0x00,0x00,0x00,0x00,0x8F,0xFF,0xFF,0xFF,0xFF,0xFF,0xFF,
  0xFF,0xFF,0xFF,0x70,0x00,0x00,0x00,0x00,0x00,0x00,0x00,0x00,0x00,0x00,0x00,0x85,
  0xFF,0xFF,0xFF,0xFF,0xFF,0xFF,0xFF,0xFF,0xFF,0x76,0x00,0x00,0x00,0x00,0x00,0x00,
  0x84,0xFF,0xFF,0xFF,0xFF,0xFF,0xFF,0xFF,0xFF,0xFF,0x96,0x00,0x00,0x00,0x00,0x00,
  0x00,0x00,0x00,0x00,0x00,0x00,0xAB,0xFF,0xFF,0xFF,0xFF,0xFF,0xFF,0xFF,0xFF,0xFF,
  0x61,0x00,0x00,0x00,0x00,0x00,0x00,0x67,0xFF,0xFF,0xFF,0xFF,0xFF,0xFF,0xFF,0xFF,
  0xFF,0xDD,0x01,0x00,0x00,0x00,0x00,0x00,0x00,0x00,0x00,0x00,0x07,0xEA,0xFF,0xFF,
  0xFF,0xFF,0xFF,0xFF,0xFF,0xFF,0xFF,0x4B,0x00,0x00,0x00,0x00,0x00,0x00,0x3A,0xFF,
  0xFF,0xFF,0xFF,0xFF,0xFF,0xFF,0xFF,0xFF,0xFF,0x5B,0x00,0x00,0x00,0x00,0x00,0x00,
  0x00,0x00,0x00,0x6D,0xFF,0xFF,0xFF,0xFF,0xFF,0xFF,0xFF,0xFF,0xFF,0xFF,0x20,0x00,
  0x00,0x00,0x00,0x00,0x00,0x06,0xF3,0xFF,0xFF,0xFF,0xFF,0xFF,0xFF,0xFF,0xFF,0xFF,
  0xF1,0x3C,0x00,0x00,0x00,0x00,0x00,0x00,0x00,0x47,0xF7,0xFF,0xFF,0xFF,0xFF,0xFF,
  0xFF,0xFF,0xFF,0xFF,0xD6,0x00,0x00,0x00,0x00,0x00,0x00,0x00,0x00,0xA0,0xFF,0xFF,
  0xFF,0xFF,0xFF,0xFF,0xFF,0xFF,0xFF,0xFF,0xFA,0x9B,0x42,0x12,0x04,0x13,0x43,0xA0,
  0xFC,0xFF,0xFF,0xFF,0xFF,0xFF,0xFF,0xFF,0xFF,0xFF,0xFF,0x88,0x00,0x00,0x00,0x00,
  0x00,0x00,0x00,0x00,0x2C,0xFD,0xFF,0xFF,0xFF,0xFF,0xFF,0xFF,0xFF,0xFF,0xFF,0xFF,
  0xFF,0xFF,0xFF,0xFF,0xFF,0xFF,0xFF,0xFF,0xFF,0xFF,0xFF,0xFF,0xFF,0xFF,0xFF,0xFF,
  0xFF,0xF1,0x16,0x00,0x00,0x00,0x00,0x00,0x00,0x00,0x00,0x00,0x90,0xFF,0xFF,0xFF,
  0xFF,0xFF,0xFF,0xFF,0xFF,0xFF,0xFF,0xFF,0xFF,0xFF,0xFF,0xFF,0xFF,0xFF,0xFF,0xFF,
  0xFF,0xFF,0xFF,0xFF,0xFF,0xFF,0xFF,0xFF,0x76,0x00,0x00,0x00,0x00,0x00,0x00,0x00,
  0x00,0x00,0x00,0x07,0xC2,0xFF,0xFF,0xFF,0xFF,0xFF,0xFF,0xFF,0xFF,0xFF,0xFF,0xFF,
  0xFF,0xFF,0xFF,0xFF,0xFF,0xFF,0xFF,0xFF,0xFF,0xFF,0xFF,0xFF,0xFF,0xFF,0xA6,0x02,
  0x00,0x00,0x00,0x00,0x00,0x00,0x00,0x00,0x00,0x00,0x00,0x0C,0xB5,0xFF,0xFF,0xFF,
  0xFF,0xFF,0xFF,0xFF,0xFF,0xFF,0xFF,0xFF,0xFF,0xFF,0xFF,0xFF,0xFF,0xFF,0xFF,0xFF,
  0xFF,0xFF,0xFF,0xFF,0xA8,0x04,0x00,0x00,0x00,0x00,0x00,0x00,0x00,0x00,0x00,0x00,
  0x00,0x00,0x00,0x00,0x60,0xEC,0xFF,0xFF,0xFF,0xFF,0xFF,0xFF,0xFF,0xFF,0xFF,0xFF,
  0xFF,0xFF,0xFF,0xFF,0xFF,0xFF,0xFF,0xFF,0xFF,0xE8,0x59,0x00,0x00,0x00,0x00,0x00,
  0x00,0x00,0x00,0x00,0x00,0x00,0x00,0x00,0x00,0x00,0x00,0x00,0x12,0x70,0xCF,0xFF,
  0xFF,0xFF,0xFF,0xFF,0xFF,0xFF,0xFF,0xFF,0xFF,0xFF,0xFF,0xFF,0xFF,0xFF,0xCC,0x6D,
  0x10,0x00,0x00,0x00,0x00,0x00,0x00,0x00,0x00,0x00,0x00,0x00,0x00,0x00,0x00,0x00,
  0x00,0x00,0x00,0x00,0x00,0x00,0x28,0x5F,0x8F,0xBE,0xD7,0xE5,0xF3,0xFD,0xF3,0xE5,
  0xD7,0xBE,0x8E,0x5E,0x26,0x00,0x00,0x00,0x00,0x00,0x00,0x00,0x00,0x00,0x00,0x00,
  0x00,0x00,0x00,0x00,0x00,0x00,0x00,0x00,0x00,0x00,0x00,0x00,0x00,0x14,0x51,0x90,
  0xC3,0xD7,0xE9,0xFB,0xF6,0xE8,0xC9,0xA0,0x62,0x1A,0x00,0x00,0x00,0x00,0x00,0x00,
  0x00,0x00,0x00,0x00,0x00,0x00,0x00,0x00,0x00,0x00,0x00,0x00,0x00,0x00,0x00,0x00,
  0x00,0x00,0x36,0xAC,0xFD,0xFF,0xFF,0xFF,0xFF,0xFF,0xFF,0xFF,0xFF,0xFF,0xFF,0xFF,
  0xFC,0xB6,0x3B,0x00,0x00,0x00,0x00,0x00,0x00,0x00,0x00,0x00,0x00,0x00,0x00,0x00,
  0x00,0x00,0x00,0x00,0x00,0x00,0x00,0x16,0xB5,0xFF,0xFF,0xFF,0xFF,0xFF,0xFF,0xFF,
  0xFF,0xFF,0xFF,0xFF,0xFF,0xFF,0xFF,0xFF,0xFF,0xFF,0xA9,0x13,0x00,0x00,0x00,0x00,
  0x00,0x00,0x00,0x00,0x00,0x00,0x00,0x00,0x00,0x00,0x00,0x00,0x00,0x3F,0xE6,0xFF,
  0xFF,0xFF,0xFF,0xFF,0xFF,0xFF,0xFF,0xFF,0xFF,0xFF,0xFF,0xFF,0xFF,0xFF,0xFF,0xFF,
  0xFF,0xFF,0xE3,0x2D,0x00,0x00,0x00,0x00,0x00,0x00,0x00,0x00,0x00,0x00,0x00,0x00,
  0x00,0x00,0x00,0x50,0xFB,0xFF,0xFF,0xFF,0xFF,0xFF,0xFF,0xFF,0xFF,0xFF,0xFF,0xFF,
  0xFF,0xFF,0xFF,0xFF,0xFF,0xFF,0xFF,0xFF,0xFF,0xFF,0xF0,0x2F,0x00,0x00,0x00,0x00,
  0x00,0x00,0x00,0x00,0x00,0x00,0x00,0x00,0x00,0x34,0xF8,0xFF,0xFF,0xFF,0xFF,0xFF,
  0xFF,0xFF,0xFF,0xFF,0xFF,0xFF,0xFF,0xFF,0xFF,0xFF,0xFF,0xFF,0xFF,0xFF,0xFF,0xFF,
  0xFF,0xFF,0xE6,0x1A,0x00,0x00,0x00,0x00,0x00,0x00,0x00,0x00,0x00,0x00,0x00,0x08,
  0xDC,0xFF,0xFF,0xFF,0xFF,0xFF,0xFF,0xFF,0xFF,0xFF,0xFF,0xFF,0xFF,0xFF,0xFF,0xFF,
  0xFF,0xFF,0xFF,0xFF,0xFF,0xFF,0xFF,0xFF,0xFF,0xFF,0xBA,0x01,0x00,0x00,0x00,0x00,
  0x00,0x00,0x00,0x00,0x00,0x00,0x79,0xFF,0xFF,0xFF,0xFF,0xFF,0xFF,0xFF,0xFF,0xFF,
  0xFF,0xD1,0x59,0x1B,0x06,0x15,0x4B,0xB9,0xFF,0xFF,0xFF,0xFF,0xFF,0xFF,0xFF,0xFF,
  0xFF,0xFF,0x5C,0x00,0x00,0x00,0x00,0x00,0x00,0x00,0x00,0x00,0x07,0xEA,0xFF,0xFF,
  0xFF,0xFF,0xFF,0xFF,0xFF,0xFF,0xFF,0xB2,0x05,0x00,0x00,0x00,0x00,0x00,0x00,0x87,
  0xFF,0xFF,0xFF,0xFF,0xFF,0xFF,0xFF,0xFF,0xFF,0xE3,0x06,0x00,0x00,0x00,0x00,0x00,
  0x00,0x00,0x00,0x50,0xFF,0xFF,0xFF,0xFF,0xFF,0xFF,0xFF,0xFF,0xFF,0xEC,0x12,0x00,
  0x00,0x00,0x00,0x00,0x00,0x00,0x02,0xCC,0xFF,0xFF,0xFF,0xFF,0xFF,0xFF,0xFF,0xFF,
  0xFF,0x5C,0x00,0x00,0x00,0x00,0x00,0x00,0x00,0x00,0x9A,0xFF,0xFF,0xFF,0xFF,0xFF,
  0xFF,0xFF,0xFF,0xFF,0x8F,0x00,0x00,0x00,0x00,0x00,0x00,0x00,0x00,0x00,0x60,0xFF,
  0xFF,0xFF,0xFF,0xFF,0xFF,0xFF,0xFF,0xFF,0xC4,0x00,0x00,0x00,0x00,0x00,0x00,0x00,
  0x00,0xD1,0xFF,0xFF,0xFF,0xFF,0xFF,0xFF,0xFF,0xFF,0xFF,0x4A,0x00,0x00,0x00,0x00,
  0x00,0x00,0x00,0x00,0x00,0x1C,0xFF,0xFF,0xFF,0xFF,0xFF,0xFF,0xFF,0xFF,0xFF,0xFE,
  0x1B,0x00,0x00,0x00,0x00,0x00,0x00,0x00,0xF5,0xFF,0xFF,0xFF,0xFF,0xFF,0xFF,0xFF,
  0xFF,0xFF,0x22,0x00,0x00,0x00,0x00,0x00,0x00,0x00,0x00,0x00,0x00,0xF3,0xFF,0xFF,
  0xFF,0xFF,0xFF,0xFF,0xFF,0xFF,0xFF,0x64,0x00,0x00,0x00,0x00,0x00,0x00,0x0C,0xFF,
  0xFF,0xFF,0xFF,0xFF,0xFF,0xFF,0xFF,0xFF,0xFF,0x12,0x00,0x00,0x00,0x00,0x00,0x00,
  0x00,0x00,0x00,0x00,0xE3,0xFF,0xFF,0xFF,0xFF,0xFF,0xFF,0xFF,0xFF,0xFF,0xA1,0x00,
  0x00,0x00,0x00,0x00,0x00,0x14,0xFF,0xFF,0xFF,0xFF,0xFF,0xFF,0xFF,0xFF,0xFF,0xFF,
  0x12,0x00,0x00,0x00,0x00,0x00,0x00,0x00,0x00,0x00,0x00,0xE4,0xFF,0xFF,0xFF,0xFF,
  0xFF,0xFF,0xFF,0xFF,0xFF,0xD6,0x00,0x00,0x00,0x00,0x00,0x00,0x06,0xFF,0xFF,0xFF,
  0xFF,0xFF,0xFF,0xFF,0xFF,0xFF,0xFF,0x21,0x00,0x00,0x00,0x00,0x00,0x00,0x00,0x00,
  0x00,0x00,0xF3,0xFF,0xFF,0xFF,0xFF,0xFF,0xFF,0xFF,0xFF,0xFF,0xFA,0x04,0x00,0x00,
  0x00,0x00,0x00,0x00,0xF0,0xFF,0xFF,0xFF,0xFF,0xFF,0xFF,0xFF,0xFF,0xFF,0x4A,0x00,
  0x00,0x00,0x00,0x00,0x00,0x00,0x00,0x00,0x1B,0xFF,0xFF,0xFF,0xFF,0xFF,0xFF,0xFF,
  0xFF,0xFF,0xFF,0xFF,0x23,0x00,0x00,0x00,0x00,0x00,0x00,0xD4,0xFF,0xFF,0xFF,0xFF,
  0xFF,0xFF,0xFF,0xFF,0xFF,0x8D,0x00,0x00,0x00,0x00,0x00,0x00,0x00,0x00,0x00,0x5E,
  0xFF,0xFF,0xFF,0xFF,0xFF,0xFF,0xFF,0xFF,0xFF,0xFF,0xFF,0x3A,0x00,0x00,0x00,0x00,
  0x00,0x00,0x93,0xFF,0xFF,0xFF,0xFF,0xFF,0xFF,0xFF,0xFF,0xFF,0xEA,0x10,0x00,0x00,
  0x00,0x00,0x00,0x00,0x00,0x01,0xCA,0xFF,0xFF,0xFF,0xFF,0xFF,0xFF,0xFF,0xFF,0xFF,
  0xFF,0xFF,0x4F,0x00,0x00,0x00,0x00,0x00,0x00,0x4B,0xFF,0xFF,0xFF,0xFF,0xFF,0xFF,
  0xFF,0xFF,0xFF,0xFF,0xAF,0x04,0x00,0x00,0x00,0x00,0x00,0x00,0x84,0xFF,0xFF,0xFF,
  0xFF,0xFF,0xFF,0xFF,0xFF,0xFF,0xFF,0xFF,0xFF,0x58,0x00,0x00,0x00,0x00,0x00,0x00,
  0x06,0xE0,0xFF,0xFF,0xFF,0xFF,0xFF,0xFF,0xFF,0xFF,0xFF,0xFF,0xCF,0x58,0x19,0x05,
  0x13,0x49,0xB7,0xFF,0xFF,0xFF,0xFF,0xFF,0xFF,0xFF,0xFF,0xFF,0xFF,0xFF,0xFF,0xFF,
  0x60,0x00,0x00,0x00,0x00,0x00,0x00,0x00,0x60,0xFF,0xFF,0xFF,0xFF,0xFF,0xFF,0xFF,
  0xFF,0xFF,0xFF,0xFF,0xFF,0xFF,0xFF,0xFF,0xFF,0xFF,0xFF,0xFF,0xFF,0xFF,0xFF,0xFF,
  0xFF,0xFF,0xFF,0xFF,0xFF,0xFF,0xFF,0x5F,0x00,0x00,0x00,0x00,0x00,0x00,0x00,0x03,
  0xC4,0xFF,0xFF,0xFF,0xFF,0xFF,0xFF,0xFF,0xFF,0xFF,0xFF,0xFF,0xFF,0xFF,0xFF,0xFF,
  0xFF,0xFF,0xFF,0xFF,0xFF,0xFF,0xFF,0xFF,0xFF,0xFF,0xFF,0xFF,0xFF,0xFF,0x56,0x00,
  0x00,0x00,0x00,0x00,0x00,0x00,0x00,0x15,0xDE,0xFF,0xFF,0xFF,0xFF,0xFF,0xFF,0xFF,
  0xFF,0xFF,0xFF,0xFF,0xFF,0xFF,0xFF,0xFF,0xFF,0xFF,0xFF,0xFF,0xFF,0xFF,0xFF,0xFF,
  0xFF,0xFF,0xFF,0xFF,0xFF,0x4B,0x00,0x00,0x00,0x00,0x00,0x00,0x00,0x00,0x00,0x27,
  0xDA,0xFF,0xFF,0xFF,0xFF,0xFF,0xFF,0xFF,0xFF,0xFF,0xFF,0xFF,0xFF,0xFF,0xFF,0xFF,
  0xFF,0xFF,0xFF,0xFF,0xFF,0xFF,0xFF,0xFF,0xFF,0xFF,0xFF,0xFF,0x34,0x00,0x00,0x00,
  0x00,0x00,0x00,0x00,0x00,0x00,0x00,0x0E,0xAE,0xFF,0xFF,0xFF,0xFF,0xFF,0xFF,0xFF,
  0xFF,0xFF,0xFF,0xFF,0xFF,0xFF,0xFF,0xFF,0xC2,0xCB,0xFF,0xFF,0xFF,0xFF,0xFF,0xFF,
  0xFF,0xFF,0xFF,0x1A,0x00,0x00,0x00,0x00,0x00,0x00,0x00,0x00,0x00,0x00,0x00,0x00,
  0x44,0xBF,0xFF,0xFF,0xFF,0xFF,0xFF,0xFF,0xFF,0xFF,0xFF,0xFF,0xFF,0xD6,0x61,0x01,
  0xD1,0xFF,0xFF,0xFF,0xFF,0xFF,0xFF,0xFF,0xFF,0xF1,0x01,0x00,0x00,0x00,0x00,0x00,
  0x00,0x00,0x00,0x00,0x00,0x00,0x00,0x00,0x00,0x28,0x6C,0xAD,0xD3,0xE6,0xF9,0xF4,
  0xE2,0xC2,0x87,0x41,0x00,0x00,0x02,0xF5,0xFF,0xFF,0xFF,0xFF,0xFF,0xFF,0xFF,0xFF,
  0xC4,0x00,0x00,0x00,0x00,0x00,0x00,0x00,0x00,0x00,0x00,0x00,0x00,0x00,0x00,0x00,
  0x00,0x00,0x00,0x00,0x00,0x00,0x00,0x00,0x00,0x00,0x00,0x00,0x00,0x39,0xFF,0xFF,
  0xFF,0xFF,0xFF,0xFF,0xFF,0xFF,0xFF,0x8C,0x00,0x00,0x00,0x00,0x00,0x00,0x00,0x00,
  0x00,0x00,0x00,0x00,0x00,0x00,0x00,0x00,0x00,0x00,0x00,0x00,0x00,0x00,0x00,0x00,
  0x00,0x00,0x00,0x00,0x84,0xFF,0xFF,0xFF,0xFF,0xFF,0xFF,0xFF,0xFF,0xFF,0x47,0x00,
  0x00,0x00,0x00,0x00,0x00,0x00,0x00,0x00,0x00,0x00,0x00,0x00,0x00,0x00,0x00,0x00,
  0x00,0x00,0x00,0x00,0x00,0x00,0x00,0x00,0x00,0x00,0x07,0xE5,0xFF,0xFF,0xFF,0xFF,
  0xFF,0xFF,0xFF,0xFF,0xF0,0x08,0x00,0x00,0x00,0x00,0x00,0x00,0x00,0x00,0x00,0x00,
  0x00,0x00,0x00,0x00,0x00,0x00,0x00,0x00,0x00,0x00,0x00,0x00,0x00,0x00,0x00,0x00,
  0x00,0x6C,0xFF,0xFF,0xFF,0xFF,0xFF,0xFF,0xFF,0xFF,0xFF,0x9B,0x00,0x00,0x00,0x00,
  0x00,0x00,0x00,0x00,0x00,0x00,0x00,0x00,0x00,0x00,0x00,0x00,0x00,0x00,0x00,0x00,
  0x00,0x00,0x00,0x00,0x00,0x00,0x00,0x29,0xF3,0xFF,0xFF,0xFF,0xFF,0xFF,0xFF,0xFF,
  0xFF,0xFF,0x31,0x00,0x00,0x00,0x00,0x00,0x00,0x00,0x00,0x00,0x00,0x00,0x00,0x00,
  0x00,0x00,0x00,0x00,0x00,0x00,0x00,0x00,0x00,0x00,0x00,0x00,0x00,0x24,0xDB,0xFF,
  0xFF,0xFF,0xFF,0xFF,0xFF,0xFF,0xFF,0xFF,0xB5,0x00,0x00,0x00,0x00,0x00,0x00,0x00,
  0x00,0x00,0x00,0x00,0x5C,0xAE,0x53,0x09,0x00,0x00,0x00,0x00,0x00,0x00,0x00,0x00,
  0x00,0x00,0x03,0x5D,0xEE,0xFF,0xFF,0xFF,0xFF,0xFF,0xFF,0xFF,0xFF,0xFF,0xFA,0x2A,
  0x00,0x00,0x00,0x00,0x00,0x00,0x00,0x00,0x00,0x00,0x00,0x64,0xFF,0xFF,0xF8,0xBE,
  0x7E,0x52,0x29,0x14,0x06,0x0A,0x1D,0x41,0x83,0xD9,0xFF,0xFF,0xFF,0xFF,0xFF,0xFF,
  0xFF,0xFF,0xFF,0xFF,0xFF,0x81,0x00,0x00,0x00,0x00,0x00,0x00,0x00,0x00,0x00,0x00,
  0x00,0x00,0x64,0xFF,0xFF,0xFF,0xFF,0xFF,0xFF,0xFF,0xFF,0xFF,0xFF,0xFF,0xFF,0xFF,
  0xFF,0xFF,0xFF,0xFF,0xFF,0xFF,0xFF,0xFF,0xFF,0xFF,0xFF,0xBD,0x03,0x00,0x00,0x00,
  0x00,0x00,0x00,0x00,0x00,0x00,0x00,0x00,0x00,0x64,0xFF,0xFF,0xFF,0xFF,0xFF,0xFF,
  0xFF,0xFF,0xFF,0xFF,0xFF,0xFF,0xFF,0xFF,0xFF,0xFF,0xFF,0xFF,0xFF,0xFF,0xFF,0xFF,
  0xFF,0xD2,0x13,0x00,0x00,0x00,0x00,0x00,0x00,0x00,0x00,0x00,0x00,0x00,0x00,0x00,
  0x64,0xFF,0xFF,0xFF,0xFF,0xFF,0xFF,0xFF,0xFF,0xFF,0xFF,0xFF,0xFF,0xFF,0xFF,0xFF,
  0xFF,0xFF,0xFF,0xFF,0xFF,0xFF,0xFF,0xCF,0x16,0x00,0x00,0x00,0x00,0x00,0x00,0x00,
  0x00,0x00,0x00,0x00,0x00,0x00,0x00,0x64,0xFF,0xFF,0xFF,0xFF,0xFF,0xFF,0xFF,0xFF,
  0xFF,0xFF,0xFF,0xFF,0xFF,0xFF,0xFF,0xFF,0xFF,0xFF,0xFF,0xFF,0xFF,0xA7,0x0A,0x00,
  0x00,0x00,0x00,0x00,0x00,0x00,0x00,0x00,0x00,0x00,0x00,0x00,0x00,0x00,0x64,0xFF,
  0xFF,0xFF,0xFF,0xFF,0xFF,0xFF,0xFF,0xFF,0xFF,0xFF,0xFF,0xFF,0xFF,0xFF,0xFF,0xFF,
  0xFF,0xFF,0xE1,0x52,0x00,0x00,0x00,0x00,0x00,0x00,0x00,0x00,0x00,0x00,0x00,0x00,
  0x00,0x00,0x00,0x00,0x00,0x64,0xFF,0xFF,0xFF,0xFF,0xFF,0xFF,0xFF,0xFF,0xFF,0xFF,
  0xFF,0xFF,0xFF,0xFF,0xFF,0xFF,0xFF,0xC8,0x63,0x05,0x00,0x00,0x00,0x00,0x00,0x00,
  0x00,0x00,0x00,0x00,0x00,0x00,0x00,0x00,0x00,0x00,0x00,0x00,0x02,0x21,0x47,0x6C,
  0x91,0xB5,0xC9,0xD5,0xE0,0xEC,0xF8,0xFD,0xF3,0xE4,0xC4,0x9D,0x63,0x21,0x00,0x00,
  0x00,0x00,0x00,0x00,0x00,0x00,0x00,0x00,0x00,0x00,0x00,0x00,0x00,0x00,0x00,0x00,
  0x00,0x00,0x00,0x48,0xFF,0xFF,0xFF,0xFF,0xFF,0xFF,0xFF,0xFF,0xFF,0x90,0x00,0x00,
  0x00,0x00,0x00,0x00,0x00,0x00,0x00,0x00,0x48,0xFF,0xFF,0xFF,0xFF,0xFF,0xFF,0xFF,
  0xFF,0xFF,0x90,0x00,0x00,0x00,0x00,0x00,0x00,0x00,0x00,0x00,0x00,0x48,0xFF,0xFF,
  0xFF,0xFF,0xFF,0xFF,0xFF,0xFF,0xFF,0x90,0x00,0x00,0x00,0x00,0x00,0x00,0x00,0x00,
  0x00,0x00,0x48,0xFF,0xFF,0xFF,0xFF,0xFF,0xFF,0xFF,0xFF,0xFF,0x90,0x00,0x00,0x00,
  0x00,0x00,0x00,0x00,0x00,0x00,0x00,0x48,0xFF,0xFF,0xFF,0xFF,0xFF,0xFF,0xFF,0xFF,
  0xFF,0x90,0x00,0x00,0x00,0x00,0x00,0x00,0x00,0x00,0x00,0x00,0x48,0xFF,0xFF,0xFF,
  0xFF,0xFF,0xFF,0xFF,0xFF,0xFF,0x90,0x00,0x00,0x00,0x00,0x00,0x00,0x00,0x00,0x00,
  0x00,0x48,0xFF,0xFF,0xFF,0xFF,0xFF,0xFF,0xFF,0xFF,0xFF,0x90,0x00,0x00,0x00,0x00,
  0x00,0x00,0x00,0x00,0x00,0x00,0x48,0xFF,0xFF,0xFF,0xFF,0xFF,0xFF,0xFF,0xFF,0xFF,
  0x90,0x00,0x00,0x00,0x00,0x00,0x00,0x00,0x00,0x00,0x00,0x48,0xFF,0xFF,0xFF,0xFF,
  0xFF,0xFF,0xFF,0xFF,0xFF,0x90,0x00,0x00,0x00,0x00,0x00,0x00,0x00,0x00,0x00,0x00,
  0x48,0xFF,0xFF,0xFF,0xFF,0xFF,0xFF,0xFF,0xFF,0xFF,0x90,0x00,0x00,0x00,0x00,0x00,
  0x00,0x00,0x00,0x00,0x00,0x48,0xFF,0xFF,0xFF,0xFF,0xFF,0xFF,0xFF,0xFF,0xFF,0x90,
  0x00,0x00,0x00,0x00,0x00,0x00,0x00,0x00,0xF8,0xFF,0xFF,0xFF,0xFF,0xFF,0xFF,0xFF,
  0xFF,0xFF,0xFF,0xFF,0xFF,0xFF,0xFF,0xFF,0xFF,0x34,0x00,0x00,0x00,0x00,0x00,0xF8,
  0xFF,0xFF,0xFF,0xFF,0xFF,0xFF,0xFF,0xFF,0xFF,0xFF,0xFF,0xFF,0xFF,0xFF,0xFF,0xFF,
  0x34,0x00,0x00,0x00,0x00,0x00,0xF8,0xFF,0xFF,0xFF,0xFF,0xFF,0xFF,0xFF,0xFF,0xFF,
  0xFF,0xFF,0xFF,0xFF,0xFF,0xFF,0xFF,0x34,0x00,0x00,0x00,0x00,0x00,0xF8,0xFF,0xFF,
  0xFF,0xFF,0xFF,0xFF,0xFF,0xFF,0xFF,0xFF,0xFF,0xFF,0xFF,0xFF,0xFF,0xFF,0x34,0x00,
  0x00,0x00,0x00,0x00,0xF8,0xFF,0xFF,0xFF,0xFF,0xFF,0xFF,0xFF,0xFF,0xFF,0xFF,0xFF,
  0xFF,0xFF,0xFF,0xFF,0xFF,0x34,0x00,0x00,0x00,0x00,0x00,0xF8,0xFF,0xFF,0xFF,0xFF,
  0xFF,0xFF,0xFF,0xFF,0xFF,0xFF,0xFF,0xFF,0xFF,0xFF,0xFF,0xFF,0x34,0x00,0x00,0x00,
  0x00,0x00,0xF8,0xFF,0xFF,0xFF,0xFF,0xFF,0xFF,0xFF,0xFF,0xFF,0xFF,0xFF,0xFF,0xFF,
  0xFF,0xFF,0xFF,0x34,0x00,0x00,0x00,0x00,0x00,0xF8,0xFF,0xFF,0xFF,0xFF,0xFF,0xFF,
  0xFF,0xFF,0xFF,0xFF,0xFF,0xFF,0xFF,0xFF,0xFF,0xFF,0x34,0x00,0x00,0x00,0x00,0x00,
  0x00,0x00,0x00,0x00,0x00,0x00,0x00,0x00,0x00,0x00,0x00,0x00,0x00,0x00,0x00,0x00,
  0x00,0x00,0x00,0x00,0x00,0x00,0x00,0x00,0x00,0x00,0x00,0x00,0x00,0x00,0x00,0x00,
  0x00,0x00,0x00,0x00,0x00,0x00,0x00,0x00,0x00,0x00,0x00,0x00,0x00,0x00,0x00,0x00,
  0x00,0x00,0x00,0x00,0x00,0x00,0x00,0x00,0x00,0x00,0x00,0x00,0x00,0x00,0x00,0x00,
  0x00,0x00,0x00,0x00,0x00,0x00,0x00,0x00,0x00,0x00,0x00,0x00,0x00,0x00,0x00,0x00,
  0x00,0x00,0x00,0x00,0x00,0x00,0x00,0x00,0x00,0x00,0x00,0x00,0x00,0x00,0x00,0x00,
  0x00,0x00,0x00,0x00,0x00,0x00,0x00,0x00,0x00,0x00,0x00,0x00,0x00,0x00,0x00,0x00,
  0x00,0x00,0x00,0x00,0x00,0x00,0x00,0x00,0x00,0x00,0x00,0x00,0x00,0x00,0x00,0x00,
  0x00,0x00,0x00,0x00,0x00,0x00,0x00,0x00,0x00,0x00,0x00,0x00,0x00,0x00,0x00,0x00,
  0x00,0x00,0x00,0x00,0x00,0x00,0x00,0x00,0x00,0x00,0x00,0x00,0x00,0x00,0x00,0x00,
  0x00,0x00,0x00,0x00,0x00,0x00,0x00,0x00,0x00,0x00,0x00,0x00,0x00,0x00,0x00,0x00,
  0x00,0x00,0x00,0x00,0x00,0x00,0x00,0x00,0x00,0x00,0x00,0x00,0x00,0x00,0x00,0x00,
  0x00,0x00,0x00,0x00,0x00,0x00,0x00,0x00,0x00,0x00,0x00,0x00,0x00,0x00,0x00,0x00,
  0x00,0x00,0x00,0x00,0x00,0x00,0x00,0x00,0x00,0x00,0x00,0x00,0x00,0x00,0x00,0x00,
  0x00,0x00,0x00,0x00,0x00,0x00,0x00,0x00,0x00,0x00,0x00,0x00,0x00,0x00,0x00,0x00,
  0x00,0x00,0x00,0x00,0x00,0x00,0x00,0x00,0x00,0x00,0x00,0x00,0x00,0x00,0x00,0x00,
  0x00,0x00,0x00,0x00,0x00,0x00,0x00,0x00,0x00,0x00,0x00,0x00,0x00,0x00,0x00,0x00,
  0x00,
};
